Code,mod_name,mod_level,mod_type,x,cost,Unlocked By,badge_label,badge_x,badge_y,badge_height,badge_width
C1c,mk1 Production Cost,1,Cells,0,10.0,C1o,C1c,313,693,33,35
C1c,mk1 Production Cost,2,Cells,0,81.0,C1o,C1c,313,693,33,35
C1c,mk1 Production Cost,3,Cells,0,650,C1o,C1c,313,693,33,35
C1c,mk1 Production Cost,4,Cells,0,5.66k,C1o,C1c,313,693,33,35
C1c,mk1 Production Cost,5,Cells,0,54.4k,C1o,C1c,313,693,33,35
C1c,mk1 Production Cost,6,Cells,0,580k,C1o,C1c,313,693,33,35
C1c,mk1 Production Cost,7,Cells,0,6.82m,C1o,C1c,313,693,33,35
C1c,mk1 Production Cost,8,Cells,0,88.1m,C1o,C1c,313,693,33,35
C1c,mk1 Production Cost,9,Cells,0,1.24b,C1o,C1c,313,693,33,35
C1c,mk1 Production Cost,10,Cells,0,19.0b,C1o,C1c,313,693,33,35
C1o,mk1 Enhancement,1,Cells,1,1.00,A01,C1o,313,653,35,35
C1o,mk1 Enhancement,2,Cells,1,1.00,A01,C1o,313,653,35,35
C1o,mk1 Enhancement,3,Cells,1,1.00,A01,C1o,313,653,35,35
C1o,mk1 Enhancement,4,Cells,1,2.00,A01,C1o,313,653,35,35
C1o,mk1 Enhancement,5,Cells,1,2.00,A01,C1o,313,653,35,35
C1o,mk1 Enhancement,6,Cells,1,3.00,A01,C1o,313,653,35,35
C1o,mk1 Enhancement,7,Cells,1,4.00,A01,C1o,313,653,35,35
C1o,mk1 Enhancement,8,Cells,1,5.00,A01,C1o,313,653,35,35
C1o,mk1 Enhancement,9,Cells,1,7.00,A01,C1o,313,653,35,35
C1o,mk1 Enhancement,10,Cells,1,8.00,A01,C1o,313,653,35,35
C1o,mk1 Enhancement,11,Cells,1,11.0,A01,C1o,313,653,35,35
C1o,mk1 Enhancement,12,Cells,1,13.0,A01,C1o,313,653,35,35
C1o,mk1 Enhancement,13,Cells,1,17.0,A01,C1o,313,653,35,35
C1o,mk1 Enhancement,14,Cells,1,22.0,A01,C1o,313,653,35,35
C1o,mk1 Enhancement,15,Cells,1,28.0,A01,C1o,313,653,35,35
C1o,mk1 Enhancement,16,Cells,1,36.0,A01,C1o,313,653,35,35
C1o,mk1 Enhancement,17,Cells,1,46.0,A01,C1o,313,653,35,35
C1o,mk1 Enhancement,18,Cells,1,60.0,A01,C1o,313,653,35,35
C1o,mk1 Enhancement,19,Cells,1,78.0,A01,C1o,313,653,35,35
C1o,mk1 Enhancement,20,Cells,1,102,A01,C1o,313,653,35,35
C1o,mk1 Enhancement,21,Cells,1,134,A01,C1o,313,653,35,35
C1o,mk1 Enhancement,22,Cells,1,176,A01,C1o,313,653,35,35
C1o,mk1 Enhancement,23,Cells,1,235,A01,C1o,313,653,35,35
C1o,mk1 Enhancement,24,Cells,1,314,A01,C1o,313,653,35,35
C1o,mk1 Enhancement,25,Cells,1,422,A01,C1o,313,653,35,35
C1o,mk1 Enhancement,26,Cells,1,570,A01,C1o,313,653,35,35
C1o,mk1 Enhancement,27,Cells,1,776,A01,C1o,313,653,35,35
C1o,mk1 Enhancement,28,Cells,1,1.06k,A01,C1o,313,653,35,35
C1o,mk1 Enhancement,29,Cells,1,1.46k,A01,C1o,313,653,35,35
C1o,mk1 Enhancement,30,Cells,1,2.03k,A01,C1o,313,653,35,35
C1o,mk1 Enhancement,31,Cells,1,2.83k,A01,C1o,313,653,35,35
C1o,mk1 Enhancement,32,Cells,1,3.96k,A01,C1o,313,653,35,35
C1o,mk1 Enhancement,33,Cells,1,5.59k,A01,C1o,313,653,35,35
C1o,mk1 Enhancement,34,Cells,1,7.94k,A01,C1o,313,653,35,35
C1o,mk1 Enhancement,35,Cells,1,11.3k,A01,C1o,313,653,35,35
C1o,mk1 Enhancement,36,Cells,1,16.3k,A01,C1o,313,653,35,35
C1o,mk1 Enhancement,37,Cells,1,23.6k,A01,C1o,313,653,35,35
C1o,mk1 Enhancement,38,Cells,1,34.3k,A01,C1o,313,653,35,35
C1o,mk1 Enhancement,39,Cells,1,50.2k,A01,C1o,313,653,35,35
C1o,mk1 Enhancement,40,Cells,1,74.0k,A01,C1o,313,653,35,35
C1o,mk1 Enhancement,41,Cells,1,110k,A01,C1o,313,653,35,35
C1o,mk1 Enhancement,42,Cells,1,164k,A01,C1o,313,653,35,35
C1o,mk1 Enhancement,43,Cells,1,245k,A01,C1o,313,653,35,35
C1o,mk1 Enhancement,44,Cells,1,371k,A01,C1o,313,653,35,35
C1o,mk1 Enhancement,45,Cells,1,563k,A01,C1o,313,653,35,35
C1o,mk1 Enhancement,46,Cells,1,860k,A01,C1o,313,653,35,35
C1o,mk1 Enhancement,47,Cells,1,1.32m,A01,C1o,313,653,35,35
C1o,mk1 Enhancement,48,Cells,1,2.04m,A01,C1o,313,653,35,35
C1o,mk1 Enhancement,49,Cells,1,3.18m,A01,C1o,313,653,35,35
C1o,mk1 Enhancement,50,Cells,1,4.98m,A01,C1o,313,653,35,35
C1o,mk1 Enhancement,51,Cells,1,7.84m,A01,C1o,313,653,35,35
C1o,mk1 Enhancement,52,Cells,1,12.4m,A01,C1o,313,653,35,35
C1o,mk1 Enhancement,53,Cells,1,19.8m,A01,C1o,313,653,35,35
C1o,mk1 Enhancement,54,Cells,1,31.7m,A01,C1o,313,653,35,35
C1o,mk1 Enhancement,55,Cells,1,51.2m,A01,C1o,313,653,35,35
C1o,mk1 Enhancement,56,Cells,1,83.0m,A01,C1o,313,653,35,35
C1o,mk1 Enhancement,57,Cells,1,135m,A01,C1o,313,653,35,35
C1o,mk1 Enhancement,58,Cells,1,222m,A01,C1o,313,653,35,35
C1o,mk1 Enhancement,59,Cells,1,367m,A01,C1o,313,653,35,35
C1o,mk1 Enhancement,60,Cells,1,609m,A01,C1o,313,653,35,35
C1o,mk1 Enhancement,61,Cells,1,1.02b,A01,C1o,313,653,35,35
C1o,mk1 Enhancement,62,Cells,1,1.71b,A01,C1o,313,653,35,35
C1o,mk1 Enhancement,63,Cells,1,2.89b,A01,C1o,313,653,35,35
C1o,mk1 Enhancement,64,Cells,1,4.90b,A01,C1o,313,653,35,35
C1o,mk1 Enhancement,65,Cells,1,8.38b,A01,C1o,313,653,35,35
C1o,mk1 Enhancement,66,Cells,1,14.4b,A01,C1o,313,653,35,35
C1o,mk1 Enhancement,67,Cells,1,24.9b,A01,C1o,313,653,35,35
C1o,mk1 Enhancement,68,Cells,1,43.3b,A01,C1o,313,653,35,35
C1o,mk1 Enhancement,69,Cells,1,75.6b,A01,C1o,313,653,35,35
C1o,mk1 Enhancement,70,Cells,1,133b,A01,C1o,313,653,35,35
C1o,mk1 Enhancement,71,Cells,1,235b,A01,C1o,313,653,35,35
C1o,mk1 Enhancement,72,Cells,1,417b,A01,C1o,313,653,35,35
C1o,mk1 Enhancement,73,Cells,1,745b,A01,C1o,313,653,35,35
C1o,mk1 Enhancement,74,Cells,1,1.34t,A01,C1o,313,653,35,35
C1o,mk1 Enhancement,75,Cells,1,2.42t,A01,C1o,313,653,35,35
C1o,mk1 Enhancement,76,Cells,1,4.40t,A01,C1o,313,653,35,35
C1o,mk1 Enhancement,77,Cells,1,8.03t,A01,C1o,313,653,35,35
C1o,mk1 Enhancement,78,Cells,1,14.7t,A01,C1o,313,653,35,35
C1o,mk1 Enhancement,79,Cells,1,27.2t,A01,C1o,313,653,35,35
C1o,mk1 Enhancement,80,Cells,1,50.5t,A01,C1o,313,653,35,35
C1o,mk1 Enhancement,81,Cells,1,94.3t,A01,C1o,313,653,35,35
C1o,mk1 Enhancement,82,Cells,1,177t,A01,C1o,313,653,35,35
C1o,mk1 Enhancement,83,Cells,1,334t,A01,C1o,313,653,35,35
C1o,mk1 Enhancement,84,Cells,1,632t,A01,C1o,313,653,35,35
C1o,mk1 Enhancement,85,Cells,1,1.21qa,A01,C1o,313,653,35,35
C1o,mk1 Enhancement,86,Cells,1,2.31qa,A01,C1o,313,653,35,35
C1o,mk1 Enhancement,87,Cells,1,4.45qa,A01,C1o,313,653,35,35
C1o,mk1 Enhancement,88,Cells,1,8.61qa,A01,C1o,313,653,35,35
C1o,mk1 Enhancement,89,Cells,1,16.8qa,A01,C1o,313,653,35,35
C1o,mk1 Enhancement,90,Cells,1,32.8qa,A01,C1o,313,653,35,35
C1o,mk1 Enhancement,91,Cells,1,64.5qa,A01,C1o,313,653,35,35
C1o,mk1 Enhancement,92,Cells,1,127qa,A01,C1o,313,653,35,35
C1o,mk1 Enhancement,93,Cells,1,253qa,A01,C1o,313,653,35,35
C1o,mk1 Enhancement,94,Cells,1,506qa,A01,C1o,313,653,35,35
C1o,mk1 Enhancement,95,Cells,1,1.01qu,A01,C1o,313,653,35,35
C1o,mk1 Enhancement,96,Cells,1,2.05qu,A01,C1o,313,653,35,35
C1o,mk1 Enhancement,97,Cells,1,4.15qu,A01,C1o,313,653,35,35
C1o,mk1 Enhancement,98,Cells,1,8.45qu,A01,C1o,313,653,35,35
C1o,mk1 Enhancement,99,Cells,1,17.3qu,A01,C1o,313,653,35,35
C1o,mk1 Enhancement,100,Cells,1,35.6qu,A01,C1o,313,653,35,35
C1o,mk1 Enhancement,101,Cells,1,73.6qu,A01,C1o,313,653,35,35
C1o,mk1 Enhancement,102,Cells,1,153qu,A01,C1o,313,653,35,35
C1o,mk1 Enhancement,103,Cells,1,320qu,A01,C1o,313,653,35,35
C1o,mk1 Enhancement,104,Cells,1,671qu,A01,C1o,313,653,35,35
C1o,mk1 Enhancement,105,Cells,1,1.41sx,A01,C1o,313,653,35,35
C1o,mk1 Enhancement,106,Cells,1,3.00sx,A01,C1o,313,653,35,35
C1o,mk1 Enhancement,107,Cells,1,6.38sx,A01,C1o,313,653,35,35
C1o,mk1 Enhancement,108,Cells,1,13.7sx,A01,C1o,313,653,35,35
C1o,mk1 Enhancement,109,Cells,1,29.3sx,A01,C1o,313,653,35,35
C1o,mk1 Enhancement,110,Cells,1,63.4sx,A01,C1o,313,653,35,35
C1o,mk1 Enhancement,111,Cells,1,138sx,A01,C1o,313,653,35,35
C1o,mk1 Enhancement,112,Cells,1,300sx,A01,C1o,313,653,35,35
C1o,mk1 Enhancement,113,Cells,1,657sx,A01,C1o,313,653,35,35
C1o,mk1 Enhancement,114,Cells,1,1.45sp,A01,C1o,313,653,35,35
C1o,mk1 Enhancement,115,Cells,1,3.20sp,A01,C1o,313,653,35,35
C1o,mk1 Enhancement,116,Cells,1,7.11sp,A01,C1o,313,653,35,35
C1o,mk1 Enhancement,117,Cells,1,15.9sp,A01,C1o,313,653,35,35
C1o,mk1 Enhancement,118,Cells,1,35.6sp,A01,C1o,313,653,35,35
C1o,mk1 Enhancement,119,Cells,1,80.2sp,A01,C1o,313,653,35,35
C1o,mk1 Enhancement,120,Cells,1,182sp,A01,C1o,313,653,35,35
C1o,mk1 Enhancement,121,Cells,1,413sp,A01,C1o,313,653,35,35
C1o,mk1 Enhancement,122,Cells,1,944sp,A01,C1o,313,653,35,35
C1o,mk1 Enhancement,123,Cells,1,2.17o,A01,C1o,313,653,35,35
C1o,mk1 Enhancement,124,Cells,1,4.99o,A01,C1o,313,653,35,35
C1o,mk1 Enhancement,125,Cells,1,11.6o,A01,C1o,313,653,35,35
C1o,mk1 Enhancement,126,Cells,1,26.9o,A01,C1o,313,653,35,35
C1o,mk1 Enhancement,127,Cells,1,62.8o,A01,C1o,313,653,35,35
C1o,mk1 Enhancement,128,Cells,1,147o,A01,C1o,313,653,35,35
C1o,mk1 Enhancement,129,Cells,1,348o,A01,C1o,313,653,35,35
C1o,mk1 Enhancement,130,Cells,1,823o,A01,C1o,313,653,35,35
C1o,mk1 Enhancement,131,Cells,1,1.96n,A01,C1o,313,653,35,35
C1o,mk1 Enhancement,132,Cells,1,4.68n,A01,C1o,313,653,35,35
C1o,mk1 Enhancement,133,Cells,1,11.2n,A01,C1o,313,653,35,35
C1o,mk1 Enhancement,134,Cells,1,27.0n,A01,C1o,313,653,35,35
C1o,mk1 Enhancement,135,Cells,1,65.4n,A01,C1o,313,653,35,35
C1o,mk1 Enhancement,136,Cells,1,159n,A01,C1o,313,653,35,35
C1o,mk1 Enhancement,137,Cells,1,388n,A01,C1o,313,653,35,35
C1o,mk1 Enhancement,138,Cells,1,952n,A01,C1o,313,653,35,35
C1o,mk1 Enhancement,139,Cells,1,2.35d,A01,C1o,313,653,35,35
C1o,mk1 Enhancement,140,Cells,1,5.80d,A01,C1o,313,653,35,35
C1o,mk1 Enhancement,141,Cells,1,14.4d,A01,C1o,313,653,35,35
C1o,mk1 Enhancement,142,Cells,1,35.9d,A01,C1o,313,653,35,35
C1o,mk1 Enhancement,143,Cells,1,90.0d,A01,C1o,313,653,35,35
C1o,mk1 Enhancement,144,Cells,1,226d,A01,C1o,313,653,35,35
C1o,mk1 Enhancement,145,Cells,1,572d,A01,C1o,313,653,35,35
C1o,mk1 Enhancement,146,Cells,1,1.45e36,A01,C1o,313,653,35,35
C1o,mk1 Enhancement,147,Cells,1,3.69e36,A01,C1o,313,653,35,35
C1o,mk1 Enhancement,148,Cells,1,9.45e36,A01,C1o,313,653,35,35
C1o,mk1 Enhancement,149,Cells,1,2.43e37,A01,C1o,313,653,35,35
C1o,mk1 Enhancement,150,Cells,1,6.26e37,A01,C1o,313,653,35,35
C1o,mk1 Enhancement,151,Cells,1,1.62e38,A01,C1o,313,653,35,35
C1o,mk1 Enhancement,152,Cells,1,4.21e38,A01,C1o,313,653,35,35
C1o,mk1 Enhancement,153,Cells,1,1.10e39,A01,C1o,313,653,35,35
C1o,mk1 Enhancement,154,Cells,1,2.89e39,A01,C1o,313,653,35,35
C1o,mk1 Enhancement,155,Cells,1,7.59e39,A01,C1o,313,653,35,35
C1o,mk1 Enhancement,156,Cells,1,2.01e40,A01,C1o,313,653,35,35
C1o,mk1 Enhancement,157,Cells,1,5.33e40,A01,C1o,313,653,35,35
C1o,mk1 Enhancement,158,Cells,1,1.42e41,A01,C1o,313,653,35,35
C1o,mk1 Enhancement,159,Cells,1,3.80e41,A01,C1o,313,653,35,35
C1o,mk1 Enhancement,160,Cells,1,1.02e42,A01,C1o,313,653,35,35
C1o,mk1 Enhancement,161,Cells,1,2.75e42,A01,C1o,313,653,35,35
C1o,mk1 Enhancement,162,Cells,1,7.44e42,A01,C1o,313,653,35,35
C1o,mk1 Enhancement,163,Cells,1,2.02e43,A01,C1o,313,653,35,35
C1o,mk1 Enhancement,164,Cells,1,5.52e43,A01,C1o,313,653,35,35
C1o,mk1 Enhancement,165,Cells,1,1.51e44,A01,C1o,313,653,35,35
C1o,mk1 Enhancement,166,Cells,1,4.16e44,A01,C1o,313,653,35,35
C1o,mk1 Enhancement,167,Cells,1,1.15e45,A01,C1o,313,653,35,35
C1o,mk1 Enhancement,168,Cells,1,3.18e45,A01,C1o,313,653,35,35
C1o,mk1 Enhancement,169,Cells,1,8.85e45,A01,C1o,313,653,35,35
C1o,mk1 Enhancement,170,Cells,1,2.47e46,A01,C1o,313,653,35,35
C1o,mk1 Enhancement,171,Cells,1,6.93e46,A01,C1o,313,653,35,35
C1o,mk1 Enhancement,172,Cells,1,1.95e47,A01,C1o,313,653,35,35
C1o,mk1 Enhancement,173,Cells,1,5.51e47,A01,C1o,313,653,35,35
C1o,mk1 Enhancement,174,Cells,1,1.56e48,A01,C1o,313,653,35,35
C1o,mk1 Enhancement,175,Cells,1,4.45e48,A01,C1o,313,653,35,35
C1o,mk1 Enhancement,176,Cells,1,1.27e49,A01,C1o,313,653,35,35
C1o,mk1 Enhancement,177,Cells,1,3.65e49,A01,C1o,313,653,35,35
C1o,mk1 Enhancement,178,Cells,1,1.05e50,A01,C1o,313,653,35,35
C1o,mk1 Enhancement,179,Cells,1,3.03e50,A01,C1o,313,653,35,35
C1o,mk1 Enhancement,180,Cells,1,8.80e50,A01,C1o,313,653,35,35
C1o,mk1 Enhancement,181,Cells,1,2.56e51,A01,C1o,313,653,35,35
C1o,mk1 Enhancement,182,Cells,1,7.49e51,A01,C1o,313,653,35,35
C1o,mk1 Enhancement,183,Cells,1,2.20e52,A01,C1o,313,653,35,35
C1o,mk1 Enhancement,184,Cells,1,6.47e52,A01,C1o,313,653,35,35
C1o,mk1 Enhancement,185,Cells,1,1.91e53,A01,C1o,313,653,35,35
C1o,mk1 Enhancement,186,Cells,1,5.67e53,A01,C1o,313,653,35,35
C1o,mk1 Enhancement,187,Cells,1,1.69e54,A01,C1o,313,653,35,35
C1o,mk1 Enhancement,188,Cells,1,5.04e54,A01,C1o,313,653,35,35
C1o,mk1 Enhancement,189,Cells,1,1.51e55,A01,C1o,313,653,35,35
C1o,mk1 Enhancement,190,Cells,1,4.55e55,A01,C1o,313,653,35,35
C1o,mk1 Enhancement,191,Cells,1,1.37e56,A01,C1o,313,653,35,35
C1o,mk1 Enhancement,192,Cells,1,4.16e56,A01,C1o,313,653,35,35
C1o,mk1 Enhancement,193,Cells,1,1.27e57,A01,C1o,313,653,35,35
C1o,mk1 Enhancement,194,Cells,1,3.87e57,A01,C1o,313,653,35,35
C1o,mk1 Enhancement,195,Cells,1,1.18e58,A01,C1o,313,653,35,35
C1o,mk1 Enhancement,196,Cells,1,3.64e58,A01,C1o,313,653,35,35
C1o,mk1 Enhancement,197,Cells,1,1.12e59,A01,C1o,313,653,35,35
C1o,mk1 Enhancement,198,Cells,1,3.48e59,A01,C1o,313,653,35,35
C1o,mk1 Enhancement,199,Cells,1,1.08e60,A01,C1o,313,653,35,35
C1o,mk1 Enhancement,200,Cells,1,3.37e60,A01,C1o,313,653,35,35
G22,It's a Secret to Everybody,1,Unknown,2,1.00d,G21,G22,273,850,33,34
G21,Enhanced Mining mk4,1,Shards,3,20.0n,G18,G21,273,811,34,34
G21,Enhanced Mining mk4,2,Shards,3,8.00e41,G18,G21,273,811,34,34
G21,Enhanced Mining mk4,3,Shards,3,5.40e52,G18,G21,273,811,34,34
G21,Enhanced Mining mk4,4,Shards,3,5.12e63,G18,G21,273,811,34,34
G21,Enhanced Mining mk4,5,Shards,3,6.25e74,G18,G21,273,811,34,34
G23,Instant Diamond C,1,Diamonds,4,1.00d,G21,G23,273,774,32,34
G18,Enhanced Mining mk3,1,Shards,5,5.00sx,G14,G18,235,811,34,33
G18,Enhanced Mining mk3,2,Shards,5,600sx,G14,G18,235,811,34,33
G18,Enhanced Mining mk3,3,Shards,5,158sp,G14,G18,235,811,34,33
G18,Enhanced Mining mk3,4,Shards,5,64.0o,G14,G18,235,811,34,33
G18,Enhanced Mining mk3,5,Shards,5,35.2n,G14,G18,235,811,34,33
G18,Enhanced Mining mk3,6,Shards,5,24.3d,G14,G18,235,811,34,33
G18,Enhanced Mining mk3,7,Shards,5,2.02e37,G14,G18,235,811,34,33
G18,Enhanced Mining mk3,8,Shards,5,1.97e40,G14,G18,235,811,34,33
G18,Enhanced Mining mk3,9,Shards,5,2.19e43,G14,G18,235,811,34,33
G18,Enhanced Mining mk3,10,Shards,5,2.73e46,G14,G18,235,811,34,33
G19,Shard Eff Op mk1,1,Shards,6,5.00sx,G18,G19,235,850,33,33
G19,Shard Eff Op mk1,2,Shards,6,120sp,G18,G19,235,850,33,33
G19,Shard Eff Op mk1,3,Shards,6,6.30n,G18,G19,235,850,33,33
G19,Shard Eff Op mk1,4,Shards,6,512d,G18,G19,235,850,33,33
G19,Shard Eff Op mk1,5,Shards,6,5.63e40,G18,G19,235,850,33,33
G20,Shard Eff Op mk2,1,Shards,7,5.00e37,G19,G20,235,888,32,33
G20,Shard Eff Op mk2,2,Shards,7,1.00e44,G19,G20,235,888,32,33
G20,Shard Eff Op mk2,3,Shards,7,3.38e50,G19,G20,235,888,32,33
G20,Shard Eff Op mk2,4,Shards,7,1.60e57,G19,G20,235,888,32,33
G20,Shard Eff Op mk2,5,Shards,7,9.77e63,G19,G20,235,888,32,33
G14,Enhanced Mining mk2,1,Shards,8,500b,G03,G14,199,811,34,31
G14,Enhanced Mining mk2,2,Shards,8,1.57t,G03,G14,199,811,34,31
G14,Enhanced Mining mk2,3,Shards,8,9.00t,G03,G14,199,811,34,31
G14,Enhanced Mining mk2,4,Shards,8,76.7t,G03,G14,199,811,34,31
G14,Enhanced Mining mk2,5,Shards,8,872t,G03,G14,199,811,34,31
G14,Enhanced Mining mk2,6,Shards,8,12.5qa,G03,G14,199,811,34,31
G14,Enhanced Mining mk2,7,Shards,8,214qa,G03,G14,199,811,34,31
G14,Enhanced Mining mk2,8,Shards,8,4.32qu,G03,G14,199,811,34,31
G14,Enhanced Mining mk2,9,Shards,8,100qu,G03,G14,199,811,34,31
G14,Enhanced Mining mk2,10,Shards,8,2.61sx,G03,G14,199,811,34,31
G15,Cell Eff Op mk1,1,Cells,9,750t,G14,G15,199,850,33,31
G15,Cell Eff Op mk1,2,Cells,9,2.79qa,G14,G15,199,850,33,31
G15,Cell Eff Op mk1,3,Cells,9,10.8qa,G14,G15,199,850,33,31
G15,Cell Eff Op mk1,4,Cells,9,43.1qa,G14,G15,199,850,33,31
G15,Cell Eff Op mk1,5,Cells,9,180qa,G14,G15,199,850,33,31
G15,Cell Eff Op mk1,6,Cells,9,788qa,G14,G15,199,850,33,31
G15,Cell Eff Op mk1,7,Cells,9,3.59qu,G14,G15,199,850,33,31
G15,Cell Eff Op mk1,8,Cells,9,17.1qu,G14,G15,199,850,33,31
G15,Cell Eff Op mk1,9,Cells,9,84.8qu,G14,G15,199,850,33,31
G15,Cell Eff Op mk1,10,Cells,9,438qu,G14,G15,199,850,33,31
G15,Cell Eff Op mk1,11,Cells,9,2.36sx,G14,G15,199,850,33,31
G15,Cell Eff Op mk1,12,Cells,9,13.2sx,G14,G15,199,850,33,31
G15,Cell Eff Op mk1,13,Cells,9,76.8sx,G14,G15,199,850,33,31
G15,Cell Eff Op mk1,14,Cells,9,464sx,G14,G15,199,850,33,31
G15,Cell Eff Op mk1,15,Cells,9,2.91sp,G14,G15,199,850,33,31
G15,Cell Eff Op mk1,16,Cells,9,18.8sp,G14,G15,199,850,33,31
G15,Cell Eff Op mk1,17,Cells,9,127sp,G14,G15,199,850,33,31
G15,Cell Eff Op mk1,18,Cells,9,879sp,G14,G15,199,850,33,31
G15,Cell Eff Op mk1,19,Cells,9,6.31o,G14,G15,199,850,33,31
G15,Cell Eff Op mk1,20,Cells,9,46.8o,G14,G15,199,850,33,31
G15,Cell Eff Op mk1,21,Cells,9,358o,G14,G15,199,850,33,31
G15,Cell Eff Op mk1,22,Cells,9,2.82n,G14,G15,199,850,33,31
G15,Cell Eff Op mk1,23,Cells,9,22.9n,G14,G15,199,850,33,31
G15,Cell Eff Op mk1,24,Cells,9,191n,G14,G15,199,850,33,31
G15,Cell Eff Op mk1,25,Cells,9,1.64d,G14,G15,199,850,33,31
G15,Cell Eff Op mk1,26,Cells,9,14.5d,G14,G15,199,850,33,31
G15,Cell Eff Op mk1,27,Cells,9,132d,G14,G15,199,850,33,31
G15,Cell Eff Op mk1,28,Cells,9,1.23e36,G14,G15,199,850,33,31
G15,Cell Eff Op mk1,29,Cells,9,1.18e37,G14,G15,199,850,33,31
G15,Cell Eff Op mk1,30,Cells,9,1.15e38,G14,G15,199,850,33,31
G15,Cell Eff Op mk1,31,Cells,9,1.16e39,G14,G15,199,850,33,31
G15,Cell Eff Op mk1,32,Cells,9,1.20e40,G14,G15,199,850,33,31
G15,Cell Eff Op mk1,33,Cells,9,1.26e41,G14,G15,199,850,33,31
G15,Cell Eff Op mk1,34,Cells,9,1.36e42,G14,G15,199,850,33,31
G15,Cell Eff Op mk1,35,Cells,9,1.50e43,G14,G15,199,850,33,31
G15,Cell Eff Op mk1,36,Cells,9,1.70e44,G14,G15,199,850,33,31
G15,Cell Eff Op mk1,37,Cells,9,1.96e45,G14,G15,199,850,33,31
G15,Cell Eff Op mk1,38,Cells,9,2.31e46,G14,G15,199,850,33,31
G15,Cell Eff Op mk1,39,Cells,9,2.79e47,G14,G15,199,850,33,31
G15,Cell Eff Op mk1,40,Cells,9,3.42e48,G14,G15,199,850,33,31
G15,Cell Eff Op mk1,41,Cells,9,4.30e49,G14,G15,199,850,33,31
G15,Cell Eff Op mk1,42,Cells,9,5.50e50,G14,G15,199,850,33,31
G15,Cell Eff Op mk1,43,Cells,9,7.18e51,G14,G15,199,850,33,31
G15,Cell Eff Op mk1,44,Cells,9,9.55e52,G14,G15,199,850,33,31
G15,Cell Eff Op mk1,45,Cells,9,1.30e54,G14,G15,199,850,33,31
G15,Cell Eff Op mk1,46,Cells,9,1.79e55,G14,G15,199,850,33,31
G15,Cell Eff Op mk1,47,Cells,9,2.52e56,G14,G15,199,850,33,31
G15,Cell Eff Op mk1,48,Cells,9,3.61e57,G14,G15,199,850,33,31
G15,Cell Eff Op mk1,49,Cells,9,5.26e58,G14,G15,199,850,33,31
G15,Cell Eff Op mk1,50,Cells,9,7.80e59,G14,G15,199,850,33,31
G16,Cell Eff Op mk2,1,Cells,10,75.0sx,G15,G16,198,888,32,32
G16,Cell Eff Op mk2,2,Cells,10,27.0sp,G15,G16,198,888,32,32
G16,Cell Eff Op mk2,3,Cells,10,21.3o,G15,G16,198,888,32,32
G16,Cell Eff Op mk2,4,Cells,10,25.9n,G15,G16,198,888,32,32
G16,Cell Eff Op mk2,5,Cells,10,42.7d,G15,G16,198,888,32,32
G16,Cell Eff Op mk2,6,Cells,10,8.86e37,G15,G16,198,888,32,32
G16,Cell Eff Op mk2,7,Cells,10,2.21e41,G15,G16,198,888,32,32
G16,Cell Eff Op mk2,8,Cells,10,6.45e44,G15,G16,198,888,32,32
G16,Cell Eff Op mk2,9,Cells,10,2.15e48,G15,G16,198,888,32,32
G16,Cell Eff Op mk2,10,Cells,10,8.07e51,G15,G16,198,888,32,32
G16,Cell Eff Op mk2,11,Cells,10,3.37e55,G15,G16,198,888,32,32
G16,Cell Eff Op mk2,12,Cells,10,1.54e59,G15,G16,198,888,32,32
G16,Cell Eff Op mk2,13,Cells,10,7.71e62,G15,G16,198,888,32,32
G16,Cell Eff Op mk2,14,Cells,10,4.17e66,G15,G16,198,888,32,32
G16,Cell Eff Op mk2,15,Cells,10,2.43e70,G15,G16,198,888,32,32
G16,Cell Eff Op mk2,16,Cells,10,1.51e74,G15,G16,198,888,32,32
G16,Cell Eff Op mk2,17,Cells,10,1.01e78,G15,G16,198,888,32,32
G16,Cell Eff Op mk2,18,Cells,10,7.11e81,G15,G16,198,888,32,32
G16,Cell Eff Op mk2,19,Cells,10,5.31e85,G15,G16,198,888,32,32
G16,Cell Eff Op mk2,20,Cells,10,4.18e89,G15,G16,198,888,32,32
G17,Cell Eff Op mk3,1,Cells,11,7.50e37,G16,G17,198,925,33,32
G17,Cell Eff Op mk3,2,Cells,11,9.00e42,G16,G17,198,925,33,32
G17,Cell Eff Op mk3,3,Cells,11,2.36e48,G16,G17,198,925,33,32
G17,Cell Eff Op mk3,4,Cells,11,9.60e53,G16,G17,198,925,33,32
G17,Cell Eff Op mk3,5,Cells,11,5.27e59,G16,G17,198,925,33,32
G17,Cell Eff Op mk3,6,Cells,11,3.65e65,G16,G17,198,925,33,32
G17,Cell Eff Op mk3,7,Cells,11,3.03e71,G16,G17,198,925,33,32
G17,Cell Eff Op mk3,8,Cells,11,2.95e77,G16,G17,198,925,33,32
G17,Cell Eff Op mk3,9,Cells,11,3.28e83,G16,G17,198,925,33,32
G17,Cell Eff Op mk3,10,Cells,11,4.10e89,G16,G17,198,925,33,32
G06,Robo Fab Improvement,1,Shards,12,5.00e50,G04,G06,68,811,34,35
G06,Robo Fab Improvement,2,Shards,12,1.20e81,G04,G06,68,811,34,35
G06,Robo Fab Improvement,3,Shards,12,6.30e111,G04,G06,68,811,34,35
G06,Robo Fab Improvement,4,Shards,12,5.12e142,G04,G06,68,811,34,35
G06,Robo Fab Improvement,5,Shards,12,5.62e173,G04,G06,68,811,34,35
G07,Robo Miner Fab mk2,1,Unknown,13,10.0d,G04,G07,108,850,34,33
G07,Robo Miner Fab mk2,2,Unknown,13,2.20e38,G04,G07,108,850,34,33
G07,Robo Miner Fab mk2,3,Unknown,13,1.08e43,G04,G07,108,850,34,33
G07,Robo Miner Fab mk2,4,Unknown,13,8.32e47,G04,G07,108,850,34,33
G04,Robotic Miners,1,Shards,14,800b,G03,G04,108,811,34,33
G04,Robotic Miners,2,Shards,14,1.23t,G03,G04,108,811,34,33
G04,Robotic Miners,3,Shards,14,1.76t,G03,G04,108,811,34,33
G04,Robotic Miners,4,Shards,14,2.39t,G03,G04,108,811,34,33
G04,Robotic Miners,5,Shards,14,3.16t,G03,G04,108,811,34,33
G04,Robotic Miners,6,Shards,14,4.08t,G03,G04,108,811,34,33
G04,Robotic Miners,7,Shards,14,5.17t,G03,G04,108,811,34,33
G04,Robotic Miners,8,Shards,14,6.48t,G03,G04,108,811,34,33
G04,Robotic Miners,9,Shards,14,8.04t,G03,G04,108,811,34,33
G04,Robotic Miners,10,Shards,14,9.88t,G03,G04,108,811,34,33
G04,Robotic Miners,11,Shards,14,12.1t,G03,G04,108,811,34,33
G04,Robotic Miners,12,Shards,14,14.7t,G03,G04,108,811,34,33
G04,Robotic Miners,13,Shards,14,17.7t,G03,G04,108,811,34,33
G04,Robotic Miners,14,Shards,14,21.3t,G03,G04,108,811,34,33
G04,Robotic Miners,15,Shards,14,25.5t,G03,G04,108,811,34,33
G04,Robotic Miners,16,Shards,14,30.5t,G03,G04,108,811,34,33
G04,Robotic Miners,17,Shards,14,36.3t,G03,G04,108,811,34,33
G04,Robotic Miners,18,Shards,14,43.2t,G03,G04,108,811,34,33
G04,Robotic Miners,19,Shards,14,51.2t,G03,G04,108,811,34,33
G04,Robotic Miners,20,Shards,14,60.7t,G03,G04,108,811,34,33
G04,Robotic Miners,21,Shards,14,71.7t,G03,G04,108,811,34,33
G04,Robotic Miners,22,Shards,14,84.6t,G03,G04,108,811,34,33
G04,Robotic Miners,23,Shards,14,99.7t,G03,G04,108,811,34,33
G04,Robotic Miners,24,Shards,14,117t,G03,G04,108,811,34,33
G04,Robotic Miners,25,Shards,14,138t,G03,G04,108,811,34,33
G04,Robotic Miners,26,Shards,14,162t,G03,G04,108,811,34,33
G04,Robotic Miners,27,Shards,14,190t,G03,G04,108,811,34,33
G04,Robotic Miners,28,Shards,14,223t,G03,G04,108,811,34,33
G04,Robotic Miners,29,Shards,14,262t,G03,G04,108,811,34,33
G04,Robotic Miners,30,Shards,14,306t,G03,G04,108,811,34,33
G04,Robotic Miners,31,Shards,14,359t,G03,G04,108,811,34,33
G04,Robotic Miners,32,Shards,14,420t,G03,G04,108,811,34,33
G04,Robotic Miners,33,Shards,14,491t,G03,G04,108,811,34,33
G04,Robotic Miners,34,Shards,14,574t,G03,G04,108,811,34,33
G04,Robotic Miners,35,Shards,14,671t,G03,G04,108,811,34,33
G04,Robotic Miners,36,Shards,14,783t,G03,G04,108,811,34,33
G04,Robotic Miners,37,Shards,14,915t,G03,G04,108,811,34,33
G04,Robotic Miners,38,Shards,14,1.07qa,G03,G04,108,811,34,33
G04,Robotic Miners,39,Shards,14,1.25qa,G03,G04,108,811,34,33
G04,Robotic Miners,40,Shards,14,1.46qa,G03,G04,108,811,34,33
G04,Robotic Miners,41,Shards,14,1.70qa,G03,G04,108,811,34,33
G04,Robotic Miners,42,Shards,14,1.98qa,G03,G04,108,811,34,33
G04,Robotic Miners,43,Shards,14,2.31qa,G03,G04,108,811,34,33
G04,Robotic Miners,44,Shards,14,2.70qa,G03,G04,108,811,34,33
G04,Robotic Miners,45,Shards,14,3.15qa,G03,G04,108,811,34,33
G04,Robotic Miners,46,Shards,14,3.68qa,G03,G04,108,811,34,33
G04,Robotic Miners,47,Shards,14,4.29qa,G03,G04,108,811,34,33
G04,Robotic Miners,48,Shards,14,5.01qa,G03,G04,108,811,34,33
G04,Robotic Miners,49,Shards,14,5.84qa,G03,G04,108,811,34,33
G04,Robotic Miners,50,Shards,14,6.82qa,G03,G04,108,811,34,33
G04,Robotic Miners,51,Shards,14,7.95qa,G03,G04,108,811,34,33
G04,Robotic Miners,52,Shards,14,9.28qa,G03,G04,108,811,34,33
G04,Robotic Miners,53,Shards,14,10.8qa,G03,G04,108,811,34,33
G04,Robotic Miners,54,Shards,14,12.6qa,G03,G04,108,811,34,33
G04,Robotic Miners,55,Shards,14,14.8qa,G03,G04,108,811,34,33
G04,Robotic Miners,56,Shards,14,17.2qa,G03,G04,108,811,34,33
G04,Robotic Miners,57,Shards,14,20.1qa,G03,G04,108,811,34,33
G04,Robotic Miners,58,Shards,14,23.5qa,G03,G04,108,811,34,33
G04,Robotic Miners,59,Shards,14,27.5qa,G03,G04,108,811,34,33
G04,Robotic Miners,60,Shards,14,32.1qa,G03,G04,108,811,34,33
G04,Robotic Miners,61,Shards,14,37.5qa,G03,G04,108,811,34,33
G04,Robotic Miners,62,Shards,14,43.8qa,G03,G04,108,811,34,33
G04,Robotic Miners,63,Shards,14,51.2qa,G03,G04,108,811,34,33
G04,Robotic Miners,64,Shards,14,59.9qa,G03,G04,108,811,34,33
G04,Robotic Miners,65,Shards,14,70.0qa,G03,G04,108,811,34,33
G04,Robotic Miners,66,Shards,14,81.9qa,G03,G04,108,811,34,33
G04,Robotic Miners,67,Shards,14,95.8qa,G03,G04,108,811,34,33
G04,Robotic Miners,68,Shards,14,112qa,G03,G04,108,811,34,33
G04,Robotic Miners,69,Shards,14,131qa,G03,G04,108,811,34,33
G04,Robotic Miners,70,Shards,14,154qa,G03,G04,108,811,34,33
G04,Robotic Miners,71,Shards,14,180qa,G03,G04,108,811,34,33
G04,Robotic Miners,72,Shards,14,211qa,G03,G04,108,811,34,33
G04,Robotic Miners,73,Shards,14,247qa,G03,G04,108,811,34,33
G04,Robotic Miners,74,Shards,14,289qa,G03,G04,108,811,34,33
G04,Robotic Miners,75,Shards,14,339qa,G03,G04,108,811,34,33
G04,Robotic Miners,76,Shards,14,398qa,G03,G04,108,811,34,33
G04,Robotic Miners,77,Shards,14,466qa,G03,G04,108,811,34,33
G04,Robotic Miners,78,Shards,14,547qa,G03,G04,108,811,34,33
G04,Robotic Miners,79,Shards,14,642qa,G03,G04,108,811,34,33
G04,Robotic Miners,80,Shards,14,754qa,G03,G04,108,811,34,33
G04,Robotic Miners,81,Shards,14,885qa,G03,G04,108,811,34,33
G04,Robotic Miners,82,Shards,14,1.04qu,G03,G04,108,811,34,33
G04,Robotic Miners,83,Shards,14,1.22qu,G03,G04,108,811,34,33
G04,Robotic Miners,84,Shards,14,1.43qu,G03,G04,108,811,34,33
G04,Robotic Miners,85,Shards,14,1.69qu,G03,G04,108,811,34,33
G04,Robotic Miners,86,Shards,14,1.98qu,G03,G04,108,811,34,33
G04,Robotic Miners,87,Shards,14,2.33qu,G03,G04,108,811,34,33
G04,Robotic Miners,88,Shards,14,2.74qu,G03,G04,108,811,34,33
G04,Robotic Miners,89,Shards,14,3.23qu,G03,G04,108,811,34,33
G04,Robotic Miners,90,Shards,14,3.80qu,G03,G04,108,811,34,33
G04,Robotic Miners,91,Shards,14,4.48qu,G03,G04,108,811,34,33
G04,Robotic Miners,92,Shards,14,5.28qu,G03,G04,108,811,34,33
G04,Robotic Miners,93,Shards,14,6.22qu,G03,G04,108,811,34,33
G04,Robotic Miners,94,Shards,14,7.33qu,G03,G04,108,811,34,33
G04,Robotic Miners,95,Shards,14,8.64qu,G03,G04,108,811,34,33
G04,Robotic Miners,96,Shards,14,10.2qu,G03,G04,108,811,34,33
G04,Robotic Miners,97,Shards,14,12.0qu,G03,G04,108,811,34,33
G04,Robotic Miners,98,Shards,14,14.2qu,G03,G04,108,811,34,33
G04,Robotic Miners,99,Shards,14,16.8qu,G03,G04,108,811,34,33
G04,Robotic Miners,100,Shards,14,19.8qu,G03,G04,108,811,34,33
G04,Robotic Miners,101,Shards,14,23.4qu,G03,G04,108,811,34,33
G04,Robotic Miners,102,Shards,14,27.6qu,G03,G04,108,811,34,33
G04,Robotic Miners,103,Shards,14,32.7qu,G03,G04,108,811,34,33
G04,Robotic Miners,104,Shards,14,38.7qu,G03,G04,108,811,34,33
G04,Robotic Miners,105,Shards,14,45.7qu,G03,G04,108,811,34,33
G04,Robotic Miners,106,Shards,14,54.1qu,G03,G04,108,811,34,33
G04,Robotic Miners,107,Shards,14,64.1qu,G03,G04,108,811,34,33
G04,Robotic Miners,108,Shards,14,75.9qu,G03,G04,108,811,34,33
G04,Robotic Miners,109,Shards,14,89.9qu,G03,G04,108,811,34,33
G04,Robotic Miners,110,Shards,14,107qu,G03,G04,108,811,34,33
G04,Robotic Miners,111,Shards,14,126qu,G03,G04,108,811,34,33
G04,Robotic Miners,112,Shards,14,150qu,G03,G04,108,811,34,33
G04,Robotic Miners,113,Shards,14,178qu,G03,G04,108,811,34,33
G04,Robotic Miners,114,Shards,14,211qu,G03,G04,108,811,34,33
G04,Robotic Miners,115,Shards,14,251qu,G03,G04,108,811,34,33
G04,Robotic Miners,116,Shards,14,298qu,G03,G04,108,811,34,33
G04,Robotic Miners,117,Shards,14,354qu,G03,G04,108,811,34,33
G04,Robotic Miners,118,Shards,14,420qu,G03,G04,108,811,34,33
G04,Robotic Miners,119,Shards,14,500qu,G03,G04,108,811,34,33
G04,Robotic Miners,120,Shards,14,594qu,G03,G04,108,811,34,33
G04,Robotic Miners,121,Shards,14,707qu,G03,G04,108,811,34,33
G04,Robotic Miners,122,Shards,14,842qu,G03,G04,108,811,34,33
G04,Robotic Miners,123,Shards,14,1.00sx,G03,G04,108,811,34,33
G04,Robotic Miners,124,Shards,14,1.19sx,G03,G04,108,811,34,33
G04,Robotic Miners,125,Shards,14,1.42sx,G03,G04,108,811,34,33
G04,Robotic Miners,126,Shards,14,1.70sx,G03,G04,108,811,34,33
G04,Robotic Miners,127,Shards,14,2.02sx,G03,G04,108,811,34,33
G04,Robotic Miners,128,Shards,14,2.41sx,G03,G04,108,811,34,33
G04,Robotic Miners,129,Shards,14,2.88sx,G03,G04,108,811,34,33
G04,Robotic Miners,130,Shards,14,3.44sx,G03,G04,108,811,34,33
G04,Robotic Miners,131,Shards,14,4.10sx,G03,G04,108,811,34,33
G04,Robotic Miners,132,Shards,14,4.90sx,G03,G04,108,811,34,33
G04,Robotic Miners,133,Shards,14,5.86sx,G03,G04,108,811,34,33
G04,Robotic Miners,134,Shards,14,7.01sx,G03,G04,108,811,34,33
G04,Robotic Miners,135,Shards,14,8.38sx,G03,G04,108,811,34,33
G04,Robotic Miners,136,Shards,14,10.0sx,G03,G04,108,811,34,33
G04,Robotic Miners,137,Shards,14,12.0sx,G03,G04,108,811,34,33
G04,Robotic Miners,138,Shards,14,14.4sx,G03,G04,108,811,34,33
G04,Robotic Miners,139,Shards,14,17.2sx,G03,G04,108,811,34,33
G04,Robotic Miners,140,Shards,14,20.6sx,G03,G04,108,811,34,33
G04,Robotic Miners,141,Shards,14,24.7sx,G03,G04,108,811,34,33
G04,Robotic Miners,142,Shards,14,29.6sx,G03,G04,108,811,34,33
G04,Robotic Miners,143,Shards,14,35.5sx,G03,G04,108,811,34,33
G04,Robotic Miners,144,Shards,14,42.7sx,G03,G04,108,811,34,33
G04,Robotic Miners,145,Shards,14,51.2sx,G03,G04,108,811,34,33
G04,Robotic Miners,146,Shards,14,61.5sx,G03,G04,108,811,34,33
G04,Robotic Miners,147,Shards,14,73.9sx,G03,G04,108,811,34,33
G04,Robotic Miners,148,Shards,14,88.8sx,G03,G04,108,811,34,33
G04,Robotic Miners,149,Shards,14,107sx,G03,G04,108,811,34,33
G04,Robotic Miners,150,Shards,14,128sx,G03,G04,108,811,34,33
G04,Robotic Miners,151,Shards,14,155sx,G03,G04,108,811,34,33
G04,Robotic Miners,152,Shards,14,186sx,G03,G04,108,811,34,33
G04,Robotic Miners,153,Shards,14,224sx,G03,G04,108,811,34,33
G04,Robotic Miners,154,Shards,14,270sx,G03,G04,108,811,34,33
G04,Robotic Miners,155,Shards,14,325sx,G03,G04,108,811,34,33
G04,Robotic Miners,156,Shards,14,392sx,G03,G04,108,811,34,33
G04,Robotic Miners,157,Shards,14,473sx,G03,G04,108,811,34,33
G04,Robotic Miners,158,Shards,14,570sx,G03,G04,108,811,34,33
G04,Robotic Miners,159,Shards,14,688sx,G03,G04,108,811,34,33
G04,Robotic Miners,160,Shards,14,831sx,G03,G04,108,811,34,33
G04,Robotic Miners,161,Shards,14,1.00sp,G03,G04,108,811,34,33
G04,Robotic Miners,162,Shards,14,1.21sp,G03,G04,108,811,34,33
G04,Robotic Miners,163,Shards,14,1.47sp,G03,G04,108,811,34,33
G04,Robotic Miners,164,Shards,14,1.77sp,G03,G04,108,811,34,33
G04,Robotic Miners,165,Shards,14,2.15sp,G03,G04,108,811,34,33
G04,Robotic Miners,166,Shards,14,2.60sp,G03,G04,108,811,34,33
G04,Robotic Miners,167,Shards,14,3.14sp,G03,G04,108,811,34,33
G04,Robotic Miners,168,Shards,14,3.81sp,G03,G04,108,811,34,33
G04,Robotic Miners,169,Shards,14,4.61sp,G03,G04,108,811,34,33
G04,Robotic Miners,170,Shards,14,5.59sp,G03,G04,108,811,34,33
G04,Robotic Miners,171,Shards,14,6.78sp,G03,G04,108,811,34,33
G04,Robotic Miners,172,Shards,14,8.22sp,G03,G04,108,811,34,33
G04,Robotic Miners,173,Shards,14,9.98sp,G03,G04,108,811,34,33
G04,Robotic Miners,174,Shards,14,12.1sp,G03,G04,108,811,34,33
G04,Robotic Miners,175,Shards,14,14.7sp,G03,G04,108,811,34,33
G04,Robotic Miners,176,Shards,14,17.9sp,G03,G04,108,811,34,33
G04,Robotic Miners,177,Shards,14,21.7sp,G03,G04,108,811,34,33
G04,Robotic Miners,178,Shards,14,26.4sp,G03,G04,108,811,34,33
G04,Robotic Miners,179,Shards,14,32.1sp,G03,G04,108,811,34,33
G04,Robotic Miners,180,Shards,14,39.1sp,G03,G04,108,811,34,33
G04,Robotic Miners,181,Shards,14,47.6sp,G03,G04,108,811,34,33
G04,Robotic Miners,182,Shards,14,57.9sp,G03,G04,108,811,34,33
G04,Robotic Miners,183,Shards,14,70.6sp,G03,G04,108,811,34,33
G04,Robotic Miners,184,Shards,14,86.0sp,G03,G04,108,811,34,33
G04,Robotic Miners,185,Shards,14,105sp,G03,G04,108,811,34,33
G04,Robotic Miners,186,Shards,14,128sp,G03,G04,108,811,34,33
G04,Robotic Miners,187,Shards,14,156sp,G03,G04,108,811,34,33
G04,Robotic Miners,188,Shards,14,191sp,G03,G04,108,811,34,33
G04,Robotic Miners,189,Shards,14,233sp,G03,G04,108,811,34,33
G04,Robotic Miners,190,Shards,14,284sp,G03,G04,108,811,34,33
G04,Robotic Miners,191,Shards,14,347sp,G03,G04,108,811,34,33
G04,Robotic Miners,192,Shards,14,425sp,G03,G04,108,811,34,33
G04,Robotic Miners,193,Shards,14,519sp,G03,G04,108,811,34,33
G04,Robotic Miners,194,Shards,14,635sp,G03,G04,108,811,34,33
G04,Robotic Miners,195,Shards,14,778sp,G03,G04,108,811,34,33
G04,Robotic Miners,196,Shards,14,952sp,G03,G04,108,811,34,33
G04,Robotic Miners,197,Shards,14,1.17o,G03,G04,108,811,34,33
G04,Robotic Miners,198,Shards,14,1.43o,G03,G04,108,811,34,33
G04,Robotic Miners,199,Shards,14,1.75o,G03,G04,108,811,34,33
G04,Robotic Miners,200,Shards,14,2.15o,G03,G04,108,811,34,33
G04,Robotic Miners,201,Shards,14,2.64o,G03,G04,108,811,34,33
G04,Robotic Miners,202,Shards,14,3.24o,G03,G04,108,811,34,33
G04,Robotic Miners,203,Shards,14,3.97o,G03,G04,108,811,34,33
G04,Robotic Miners,204,Shards,14,4.88o,G03,G04,108,811,34,33
G04,Robotic Miners,205,Shards,14,6.00o,G03,G04,108,811,34,33
G04,Robotic Miners,206,Shards,14,7.37o,G03,G04,108,811,34,33
G04,Robotic Miners,207,Shards,14,9.07o,G03,G04,108,811,34,33
G04,Robotic Miners,208,Shards,14,11.2o,G03,G04,108,811,34,33
G04,Robotic Miners,209,Shards,14,13.7o,G03,G04,108,811,34,33
G04,Robotic Miners,210,Shards,14,16.9o,G03,G04,108,811,34,33
G04,Robotic Miners,211,Shards,14,20.8o,G03,G04,108,811,34,33
G04,Robotic Miners,212,Shards,14,25.7o,G03,G04,108,811,34,33
G04,Robotic Miners,213,Shards,14,31.6o,G03,G04,108,811,34,33
G04,Robotic Miners,214,Shards,14,39.0o,G03,G04,108,811,34,33
G04,Robotic Miners,215,Shards,14,48.1o,G03,G04,108,811,34,33
G04,Robotic Miners,216,Shards,14,59.4o,G03,G04,108,811,34,33
G04,Robotic Miners,217,Shards,14,73.3o,G03,G04,108,811,34,33
G04,Robotic Miners,218,Shards,14,90.6o,G03,G04,108,811,34,33
G04,Robotic Miners,219,Shards,14,112o,G03,G04,108,811,34,33
G04,Robotic Miners,220,Shards,14,138o,G03,G04,108,811,34,33
G04,Robotic Miners,221,Shards,14,171o,G03,G04,108,811,34,33
G04,Robotic Miners,222,Shards,14,212o,G03,G04,108,811,34,33
G04,Robotic Miners,223,Shards,14,262o,G03,G04,108,811,34,33
G04,Robotic Miners,224,Shards,14,324o,G03,G04,108,811,34,33
G04,Robotic Miners,225,Shards,14,402o,G03,G04,108,811,34,33
G04,Robotic Miners,226,Shards,14,498o,G03,G04,108,811,34,33
G04,Robotic Miners,227,Shards,14,617o,G03,G04,108,811,34,33
G04,Robotic Miners,228,Shards,14,765o,G03,G04,108,811,34,33
G04,Robotic Miners,229,Shards,14,949o,G03,G04,108,811,34,33
G04,Robotic Miners,230,Shards,14,1.18n,G03,G04,108,811,34,33
G04,Robotic Miners,231,Shards,14,1.46n,G03,G04,108,811,34,33
G04,Robotic Miners,232,Shards,14,1.82n,G03,G04,108,811,34,33
G04,Robotic Miners,233,Shards,14,2.26n,G03,G04,108,811,34,33
G04,Robotic Miners,234,Shards,14,2.80n,G03,G04,108,811,34,33
G04,Robotic Miners,235,Shards,14,3.49n,G03,G04,108,811,34,33
G04,Robotic Miners,236,Shards,14,4.34n,G03,G04,108,811,34,33
G04,Robotic Miners,237,Shards,14,5.40n,G03,G04,108,811,34,33
G04,Robotic Miners,238,Shards,14,6.72n,G03,G04,108,811,34,33
G04,Robotic Miners,239,Shards,14,8.37n,G03,G04,108,811,34,33
G04,Robotic Miners,240,Shards,14,10.4n,G03,G04,108,811,34,33
G04,Robotic Miners,241,Shards,14,13.0n,G03,G04,108,811,34,33
G04,Robotic Miners,242,Shards,14,16.2n,G03,G04,108,811,34,33
G04,Robotic Miners,243,Shards,14,20.2n,G03,G04,108,811,34,33
G04,Robotic Miners,244,Shards,14,25.2n,G03,G04,108,811,34,33
G04,Robotic Miners,245,Shards,14,31.5n,G03,G04,108,811,34,33
G04,Robotic Miners,246,Shards,14,39.3n,G03,G04,108,811,34,33
G04,Robotic Miners,247,Shards,14,49.1n,G03,G04,108,811,34,33
G04,Robotic Miners,248,Shards,14,61.4n,G03,G04,108,811,34,33
G04,Robotic Miners,249,Shards,14,76.8n,G03,G04,108,811,34,33
G04,Robotic Miners,250,Shards,14,96.1n,G03,G04,108,811,34,33
G04,Robotic Miners,251,Shards,14,120n,G03,G04,108,811,34,33
G04,Robotic Miners,252,Shards,14,150n,G03,G04,108,811,34,33
G04,Robotic Miners,253,Shards,14,188n,G03,G04,108,811,34,33
G04,Robotic Miners,254,Shards,14,236n,G03,G04,108,811,34,33
G04,Robotic Miners,255,Shards,14,296n,G03,G04,108,811,34,33
G04,Robotic Miners,256,Shards,14,371n,G03,G04,108,811,34,33
G04,Robotic Miners,257,Shards,14,465n,G03,G04,108,811,34,33
G04,Robotic Miners,258,Shards,14,584n,G03,G04,108,811,34,33
G04,Robotic Miners,259,Shards,14,733n,G03,G04,108,811,34,33
G04,Robotic Miners,260,Shards,14,921n,G03,G04,108,811,34,33
G04,Robotic Miners,261,Shards,14,1.16d,G03,G04,108,811,34,33
G04,Robotic Miners,262,Shards,14,1.45d,G03,G04,108,811,34,33
G04,Robotic Miners,263,Shards,14,1.83d,G03,G04,108,811,34,33
G04,Robotic Miners,264,Shards,14,2.30d,G03,G04,108,811,34,33
G04,Robotic Miners,265,Shards,14,2.89d,G03,G04,108,811,34,33
G04,Robotic Miners,266,Shards,14,3.64d,G03,G04,108,811,34,33
G04,Robotic Miners,267,Shards,14,4.59d,G03,G04,108,811,34,33
G04,Robotic Miners,268,Shards,14,5.78d,G03,G04,108,811,34,33
G04,Robotic Miners,269,Shards,14,7.28d,G03,G04,108,811,34,33
G04,Robotic Miners,270,Shards,14,9.18d,G03,G04,108,811,34,33
G04,Robotic Miners,271,Shards,14,11.6d,G03,G04,108,811,34,33
G04,Robotic Miners,272,Shards,14,14.6d,G03,G04,108,811,34,33
G04,Robotic Miners,273,Shards,14,18.5d,G03,G04,108,811,34,33
G04,Robotic Miners,274,Shards,14,23.3d,G03,G04,108,811,34,33
G04,Robotic Miners,275,Shards,14,29.4d,G03,G04,108,811,34,33
G04,Robotic Miners,276,Shards,14,37.2d,G03,G04,108,811,34,33
G04,Robotic Miners,277,Shards,14,47.0d,G03,G04,108,811,34,33
G04,Robotic Miners,278,Shards,14,59.5d,G03,G04,108,811,34,33
G04,Robotic Miners,279,Shards,14,75.3d,G03,G04,108,811,34,33
G04,Robotic Miners,280,Shards,14,95.3d,G03,G04,108,811,34,33
G04,Robotic Miners,281,Shards,14,121d,G03,G04,108,811,34,33
G04,Robotic Miners,282,Shards,14,153d,G03,G04,108,811,34,33
G04,Robotic Miners,283,Shards,14,194d,G03,G04,108,811,34,33
G04,Robotic Miners,284,Shards,14,246d,G03,G04,108,811,34,33
G04,Robotic Miners,285,Shards,14,311d,G03,G04,108,811,34,33
G04,Robotic Miners,286,Shards,14,395d,G03,G04,108,811,34,33
G04,Robotic Miners,287,Shards,14,502d,G03,G04,108,811,34,33
G04,Robotic Miners,288,Shards,14,637d,G03,G04,108,811,34,33
G04,Robotic Miners,289,Shards,14,809d,G03,G04,108,811,34,33
G04,Robotic Miners,290,Shards,14,1.03e36,G03,G04,108,811,34,33
G04,Robotic Miners,291,Shards,14,1.31e36,G03,G04,108,811,34,33
G04,Robotic Miners,292,Shards,14,1.66e36,G03,G04,108,811,34,33
G04,Robotic Miners,293,Shards,14,2.12e36,G03,G04,108,811,34,33
G04,Robotic Miners,294,Shards,14,2.69e36,G03,G04,108,811,34,33
G04,Robotic Miners,295,Shards,14,3.43e36,G03,G04,108,811,34,33
G04,Robotic Miners,296,Shards,14,4.37e36,G03,G04,108,811,34,33
G04,Robotic Miners,297,Shards,14,5.57e36,G03,G04,108,811,34,33
G04,Robotic Miners,298,Shards,14,7.10e36,G03,G04,108,811,34,33
G04,Robotic Miners,299,Shards,14,9.05e36,G03,G04,108,811,34,33
G04,Robotic Miners,300,Shards,14,1.15e37,G03,G04,108,811,34,33
G04,Robotic Miners,301,Shards,14,1.47e37,G03,G04,108,811,34,33
G04,Robotic Miners,302,Shards,14,1.88e37,G03,G04,108,811,34,33
G04,Robotic Miners,303,Shards,14,2.40e37,G03,G04,108,811,34,33
G04,Robotic Miners,304,Shards,14,3.07e37,G03,G04,108,811,34,33
G04,Robotic Miners,305,Shards,14,3.93e37,G03,G04,108,811,34,33
G04,Robotic Miners,306,Shards,14,5.02e37,G03,G04,108,811,34,33
G04,Robotic Miners,307,Shards,14,6.43e37,G03,G04,108,811,34,33
G04,Robotic Miners,308,Shards,14,8.22e37,G03,G04,108,811,34,33
G04,Robotic Miners,309,Shards,14,1.05e38,G03,G04,108,811,34,33
G04,Robotic Miners,310,Shards,14,1.35e38,G03,G04,108,811,34,33
G04,Robotic Miners,311,Shards,14,1.73e38,G03,G04,108,811,34,33
G04,Robotic Miners,312,Shards,14,2.22e38,G03,G04,108,811,34,33
G04,Robotic Miners,313,Shards,14,2.84e38,G03,G04,108,811,34,33
G04,Robotic Miners,314,Shards,14,3.65e38,G03,G04,108,811,34,33
G04,Robotic Miners,315,Shards,14,4.68e38,G03,G04,108,811,34,33
G04,Robotic Miners,316,Shards,14,6.01e38,G03,G04,108,811,34,33
G04,Robotic Miners,317,Shards,14,7.71e38,G03,G04,108,811,34,33
G04,Robotic Miners,318,Shards,14,9.91e38,G03,G04,108,811,34,33
G04,Robotic Miners,319,Shards,14,1.27e39,G03,G04,108,811,34,33
G04,Robotic Miners,320,Shards,14,1.64e39,G03,G04,108,811,34,33
G04,Robotic Miners,321,Shards,14,2.11e39,G03,G04,108,811,34,33
G04,Robotic Miners,322,Shards,14,2.71e39,G03,G04,108,811,34,33
G04,Robotic Miners,323,Shards,14,3.49e39,G03,G04,108,811,34,33
G04,Robotic Miners,324,Shards,14,4.50e39,G03,G04,108,811,34,33
G04,Robotic Miners,325,Shards,14,5.80e39,G03,G04,108,811,34,33
G04,Robotic Miners,326,Shards,14,7.47e39,G03,G04,108,811,34,33
G04,Robotic Miners,327,Shards,14,9.63e39,G03,G04,108,811,34,33
G04,Robotic Miners,328,Shards,14,1.24e40,G03,G04,108,811,34,33
G04,Robotic Miners,329,Shards,14,1.60e40,G03,G04,108,811,34,33
G04,Robotic Miners,330,Shards,14,2.07e40,G03,G04,108,811,34,33
G04,Robotic Miners,331,Shards,14,2.67e40,G03,G04,108,811,34,33
G04,Robotic Miners,332,Shards,14,3.46e40,G03,G04,108,811,34,33
G04,Robotic Miners,333,Shards,14,4.47e40,G03,G04,108,811,34,33
G04,Robotic Miners,334,Shards,14,5.77e40,G03,G04,108,811,34,33
G04,Robotic Miners,335,Shards,14,7.47e40,G03,G04,108,811,34,33
G04,Robotic Miners,336,Shards,14,9.67e40,G03,G04,108,811,34,33
G04,Robotic Miners,337,Shards,14,1.25e41,G03,G04,108,811,34,33
G04,Robotic Miners,338,Shards,14,1.62e41,G03,G04,108,811,34,33
G04,Robotic Miners,339,Shards,14,2.10e41,G03,G04,108,811,34,33
G04,Robotic Miners,340,Shards,14,2.72e41,G03,G04,108,811,34,33
G04,Robotic Miners,341,Shards,14,3.53e41,G03,G04,108,811,34,33
G04,Robotic Miners,342,Shards,14,4.58e41,G03,G04,108,811,34,33
G04,Robotic Miners,343,Shards,14,5.94e41,G03,G04,108,811,34,33
G04,Robotic Miners,344,Shards,14,7.71e41,G03,G04,108,811,34,33
G04,Robotic Miners,345,Shards,14,1.00e42,G03,G04,108,811,34,33
G04,Robotic Miners,346,Shards,14,1.30e42,G03,G04,108,811,34,33
G04,Robotic Miners,347,Shards,14,1.69e42,G03,G04,108,811,34,33
G04,Robotic Miners,348,Shards,14,2.20e42,G03,G04,108,811,34,33
G04,Robotic Miners,349,Shards,14,2.86e42,G03,G04,108,811,34,33
G04,Robotic Miners,350,Shards,14,3.72e42,G03,G04,108,811,34,33
G04,Robotic Miners,351,Shards,14,4.84e42,G03,G04,108,811,34,33
G04,Robotic Miners,352,Shards,14,6.30e42,G03,G04,108,811,34,33
G04,Robotic Miners,353,Shards,14,8.21e42,G03,G04,108,811,34,33
G04,Robotic Miners,354,Shards,14,1.07e43,G03,G04,108,811,34,33
G04,Robotic Miners,355,Shards,14,1.40e43,G03,G04,108,811,34,33
G04,Robotic Miners,356,Shards,14,1.82e43,G03,G04,108,811,34,33
G04,Robotic Miners,357,Shards,14,2.37e43,G03,G04,108,811,34,33
G04,Robotic Miners,358,Shards,14,3.10e43,G03,G04,108,811,34,33
G04,Robotic Miners,359,Shards,14,4.05e43,G03,G04,108,811,34,33
G04,Robotic Miners,360,Shards,14,5.29e43,G03,G04,108,811,34,33
G04,Robotic Miners,361,Shards,14,6.91e43,G03,G04,108,811,34,33
G04,Robotic Miners,362,Shards,14,9.03e43,G03,G04,108,811,34,33
G04,Robotic Miners,363,Shards,14,1.18e44,G03,G04,108,811,34,33
G04,Robotic Miners,364,Shards,14,1.55e44,G03,G04,108,811,34,33
G04,Robotic Miners,365,Shards,14,2.02e44,G03,G04,108,811,34,33
G04,Robotic Miners,366,Shards,14,2.65e44,G03,G04,108,811,34,33
G04,Robotic Miners,367,Shards,14,3.47e44,G03,G04,108,811,34,33
G04,Robotic Miners,368,Shards,14,4.54e44,G03,G04,108,811,34,33
G04,Robotic Miners,369,Shards,14,5.96e44,G03,G04,108,811,34,33
G04,Robotic Miners,370,Shards,14,7.81e44,G03,G04,108,811,34,33
G04,Robotic Miners,371,Shards,14,1.02e45,G03,G04,108,811,34,33
G04,Robotic Miners,372,Shards,14,1.35e45,G03,G04,108,811,34,33
G04,Robotic Miners,373,Shards,14,1.77e45,G03,G04,108,811,34,33
G04,Robotic Miners,374,Shards,14,2.32e45,G03,G04,108,811,34,33
G04,Robotic Miners,375,Shards,14,3.05e45,G03,G04,108,811,34,33
G04,Robotic Miners,376,Shards,14,4.01e45,G03,G04,108,811,34,33
G04,Robotic Miners,377,Shards,14,5.27e45,G03,G04,108,811,34,33
G04,Robotic Miners,378,Shards,14,6.93e45,G03,G04,108,811,34,33
G04,Robotic Miners,379,Shards,14,9.12e45,G03,G04,108,811,34,33
G04,Robotic Miners,380,Shards,14,1.20e46,G03,G04,108,811,34,33
G04,Robotic Miners,381,Shards,14,1.58e46,G03,G04,108,811,34,33
G04,Robotic Miners,382,Shards,14,2.08e46,G03,G04,108,811,34,33
G04,Robotic Miners,383,Shards,14,2.75e46,G03,G04,108,811,34,33
G04,Robotic Miners,384,Shards,14,3.62e46,G03,G04,108,811,34,33
G04,Robotic Miners,385,Shards,14,4.77e46,G03,G04,108,811,34,33
G04,Robotic Miners,386,Shards,14,6.30e46,G03,G04,108,811,34,33
G04,Robotic Miners,387,Shards,14,8.32e46,G03,G04,108,811,34,33
G04,Robotic Miners,388,Shards,14,1.10e47,G03,G04,108,811,34,33
G04,Robotic Miners,389,Shards,14,1.45e47,G03,G04,108,811,34,33
G04,Robotic Miners,390,Shards,14,1.92e47,G03,G04,108,811,34,33
G04,Robotic Miners,391,Shards,14,2.54e47,G03,G04,108,811,34,33
G04,Robotic Miners,392,Shards,14,3.35e47,G03,G04,108,811,34,33
G04,Robotic Miners,393,Shards,14,4.44e47,G03,G04,108,811,34,33
G04,Robotic Miners,394,Shards,14,5.87e47,G03,G04,108,811,34,33
G04,Robotic Miners,395,Shards,14,7.78e47,G03,G04,108,811,34,33
G04,Robotic Miners,396,Shards,14,1.03e48,G03,G04,108,811,34,33
G04,Robotic Miners,397,Shards,14,1.37e48,G03,G04,108,811,34,33
G04,Robotic Miners,398,Shards,14,1.81e48,G03,G04,108,811,34,33
G04,Robotic Miners,399,Shards,14,2.40e48,G03,G04,108,811,34,33
G04,Robotic Miners,400,Shards,14,3.18e48,G03,G04,108,811,34,33
G04,Robotic Miners,401,Shards,14,4.23e48,G03,G04,108,811,34,33
G04,Robotic Miners,402,Shards,14,5.61e48,G03,G04,108,811,34,33
G04,Robotic Miners,403,Shards,14,7.45e48,G03,G04,108,811,34,33
G04,Robotic Miners,404,Shards,14,9.91e48,G03,G04,108,811,34,33
G04,Robotic Miners,405,Shards,14,1.32e49,G03,G04,108,811,34,33
G04,Robotic Miners,406,Shards,14,1.75e49,G03,G04,108,811,34,33
G04,Robotic Miners,407,Shards,14,2.33e49,G03,G04,108,811,34,33
G04,Robotic Miners,408,Shards,14,3.10e49,G03,G04,108,811,34,33
G04,Robotic Miners,409,Shards,14,4.13e49,G03,G04,108,811,34,33
G04,Robotic Miners,410,Shards,14,5.50e49,G03,G04,108,811,34,33
G04,Robotic Miners,411,Shards,14,7.32e49,G03,G04,108,811,34,33
G04,Robotic Miners,412,Shards,14,9.76e49,G03,G04,108,811,34,33
G04,Robotic Miners,413,Shards,14,1.30e50,G03,G04,108,811,34,33
G04,Robotic Miners,414,Shards,14,1.74e50,G03,G04,108,811,34,33
G04,Robotic Miners,415,Shards,14,2.32e50,G03,G04,108,811,34,33
G04,Robotic Miners,416,Shards,14,3.09e50,G03,G04,108,811,34,33
G04,Robotic Miners,417,Shards,14,4.13e50,G03,G04,108,811,34,33
G04,Robotic Miners,418,Shards,14,5.52e50,G03,G04,108,811,34,33
G04,Robotic Miners,419,Shards,14,7.38e50,G03,G04,108,811,34,33
G04,Robotic Miners,420,Shards,14,9.86e50,G03,G04,108,811,34,33
G04,Robotic Miners,421,Shards,14,1.32e51,G03,G04,108,811,34,33
G04,Robotic Miners,422,Shards,14,1.77e51,G03,G04,108,811,34,33
G04,Robotic Miners,423,Shards,14,2.36e51,G03,G04,108,811,34,33
G04,Robotic Miners,424,Shards,14,3.16e51,G03,G04,108,811,34,33
G04,Robotic Miners,425,Shards,14,4.24e51,G03,G04,108,811,34,33
G04,Robotic Miners,426,Shards,14,5.68e51,G03,G04,108,811,34,33
G04,Robotic Miners,427,Shards,14,7.61e51,G03,G04,108,811,34,33
G04,Robotic Miners,428,Shards,14,1.02e52,G03,G04,108,811,34,33
G04,Robotic Miners,429,Shards,14,1.37e52,G03,G04,108,811,34,33
G04,Robotic Miners,430,Shards,14,1.84e52,G03,G04,108,811,34,33
G04,Robotic Miners,431,Shards,14,2.47e52,G03,G04,108,811,34,33
G04,Robotic Miners,432,Shards,14,3.32e52,G03,G04,108,811,34,33
G04,Robotic Miners,433,Shards,14,4.46e52,G03,G04,108,811,34,33
G04,Robotic Miners,434,Shards,14,5.99e52,G03,G04,108,811,34,33
G04,Robotic Miners,435,Shards,14,8.06e52,G03,G04,108,811,34,33
G04,Robotic Miners,436,Shards,14,1.08e53,G03,G04,108,811,34,33
G04,Robotic Miners,437,Shards,14,1.46e53,G03,G04,108,811,34,33
G04,Robotic Miners,438,Shards,14,1.96e53,G03,G04,108,811,34,33
G04,Robotic Miners,439,Shards,14,2.64e53,G03,G04,108,811,34,33
G04,Robotic Miners,440,Shards,14,3.56e53,G03,G04,108,811,34,33
G04,Robotic Miners,441,Shards,14,4.80e53,G03,G04,108,811,34,33
G04,Robotic Miners,442,Shards,14,6.48e53,G03,G04,108,811,34,33
G04,Robotic Miners,443,Shards,14,8.73e53,G03,G04,108,811,34,33
G04,Robotic Miners,444,Shards,14,1.18e54,G03,G04,108,811,34,33
G04,Robotic Miners,445,Shards,14,1.59e54,G03,G04,108,811,34,33
G04,Robotic Miners,446,Shards,14,2.15e54,G03,G04,108,811,34,33
G04,Robotic Miners,447,Shards,14,2.90e54,G03,G04,108,811,34,33
G04,Robotic Miners,448,Shards,14,3.92e54,G03,G04,108,811,34,33
G04,Robotic Miners,449,Shards,14,5.30e54,G03,G04,108,811,34,33
G04,Robotic Miners,450,Shards,14,7.17e54,G03,G04,108,811,34,33
G04,Robotic Miners,451,Shards,14,9.71e54,G03,G04,108,811,34,33
G04,Robotic Miners,452,Shards,14,1.31e55,G03,G04,108,811,34,33
G04,Robotic Miners,453,Shards,14,1.78e55,G03,G04,108,811,34,33
G04,Robotic Miners,454,Shards,14,2.41e55,G03,G04,108,811,34,33
G04,Robotic Miners,455,Shards,14,3.27e55,G03,G04,108,811,34,33
G04,Robotic Miners,456,Shards,14,4.43e55,G03,G04,108,811,34,33
G04,Robotic Miners,457,Shards,14,6.00e55,G03,G04,108,811,34,33
G04,Robotic Miners,458,Shards,14,8.14e55,G03,G04,108,811,34,33
G04,Robotic Miners,459,Shards,14,1.11e56,G03,G04,108,811,34,33
G04,Robotic Miners,460,Shards,14,1.50e56,G03,G04,108,811,34,33
G04,Robotic Miners,461,Shards,14,2.04e56,G03,G04,108,811,34,33
G04,Robotic Miners,462,Shards,14,2.77e56,G03,G04,108,811,34,33
G04,Robotic Miners,463,Shards,14,3.76e56,G03,G04,108,811,34,33
G04,Robotic Miners,464,Shards,14,5.12e56,G03,G04,108,811,34,33
G04,Robotic Miners,465,Shards,14,6.96e56,G03,G04,108,811,34,33
G04,Robotic Miners,466,Shards,14,9.47e56,G03,G04,108,811,34,33
G04,Robotic Miners,467,Shards,14,1.29e57,G03,G04,108,811,34,33
G04,Robotic Miners,468,Shards,14,1.76e57,G03,G04,108,811,34,33
G04,Robotic Miners,469,Shards,14,2.39e57,G03,G04,108,811,34,33
G04,Robotic Miners,470,Shards,14,3.26e57,G03,G04,108,811,34,33
G04,Robotic Miners,471,Shards,14,4.45e57,G03,G04,108,811,34,33
G04,Robotic Miners,472,Shards,14,6.06e57,G03,G04,108,811,34,33
G04,Robotic Miners,473,Shards,14,8.27e57,G03,G04,108,811,34,33
G04,Robotic Miners,474,Shards,14,1.13e58,G03,G04,108,811,34,33
G04,Robotic Miners,475,Shards,14,1.54e58,G03,G04,108,811,34,33
G04,Robotic Miners,476,Shards,14,2.11e58,G03,G04,108,811,34,33
G04,Robotic Miners,477,Shards,14,2.88e58,G03,G04,108,811,34,33
G04,Robotic Miners,478,Shards,14,3.93e58,G03,G04,108,811,34,33
G04,Robotic Miners,479,Shards,14,5.38e58,G03,G04,108,811,34,33
G04,Robotic Miners,480,Shards,14,7.36e58,G03,G04,108,811,34,33
G04,Robotic Miners,481,Shards,14,1.01e59,G03,G04,108,811,34,33
G04,Robotic Miners,482,Shards,14,1.38e59,G03,G04,108,811,34,33
G04,Robotic Miners,483,Shards,14,1.89e59,G03,G04,108,811,34,33
G04,Robotic Miners,484,Shards,14,2.59e59,G03,G04,108,811,34,33
G04,Robotic Miners,485,Shards,14,3.55e59,G03,G04,108,811,34,33
G04,Robotic Miners,486,Shards,14,4.86e59,G03,G04,108,811,34,33
G04,Robotic Miners,487,Shards,14,6.67e59,G03,G04,108,811,34,33
G04,Robotic Miners,488,Shards,14,9.16e59,G03,G04,108,811,34,33
G04,Robotic Miners,489,Shards,14,1.26e60,G03,G04,108,811,34,33
G04,Robotic Miners,490,Shards,14,1.73e60,G03,G04,108,811,34,33
G04,Robotic Miners,491,Shards,14,2.37e60,G03,G04,108,811,34,33
G04,Robotic Miners,492,Shards,14,3.26e60,G03,G04,108,811,34,33
G04,Robotic Miners,493,Shards,14,4.48e60,G03,G04,108,811,34,33
G04,Robotic Miners,494,Shards,14,6.16e60,G03,G04,108,811,34,33
G04,Robotic Miners,495,Shards,14,8.48e60,G03,G04,108,811,34,33
G04,Robotic Miners,496,Shards,14,1.17e61,G03,G04,108,811,34,33
G04,Robotic Miners,497,Shards,14,1.61e61,G03,G04,108,811,34,33
G04,Robotic Miners,498,Shards,14,2.21e61,G03,G04,108,811,34,33
G04,Robotic Miners,499,Shards,14,3.05e61,G03,G04,108,811,34,33
G04,Robotic Miners,500,Shards,14,4.20e61,G03,G04,108,811,34,33
G04,Robotic Miners,501,Shards,14,5.80e61,G03,G04,108,811,34,33
G04,Robotic Miners,502,Shards,14,7.99e61,G03,G04,108,811,34,33
G04,Robotic Miners,503,Shards,14,1.10e62,G03,G04,108,811,34,33
G04,Robotic Miners,504,Shards,14,1.52e62,G03,G04,108,811,34,33
G04,Robotic Miners,505,Shards,14,2.10e62,G03,G04,108,811,34,33
G04,Robotic Miners,506,Shards,14,2.91e62,G03,G04,108,811,34,33
G04,Robotic Miners,507,Shards,14,4.02e62,G03,G04,108,811,34,33
G04,Robotic Miners,508,Shards,14,5.55e62,G03,G04,108,811,34,33
G04,Robotic Miners,509,Shards,14,7.68e62,G03,G04,108,811,34,33
G04,Robotic Miners,510,Shards,14,1.06e63,G03,G04,108,811,34,33
G04,Robotic Miners,511,Shards,14,1.47e63,G03,G04,108,811,34,33
G04,Robotic Miners,512,Shards,14,2.04e63,G03,G04,108,811,34,33
G04,Robotic Miners,513,Shards,14,2.82e63,G03,G04,108,811,34,33
G04,Robotic Miners,514,Shards,14,3.91e63,G03,G04,108,811,34,33
G04,Robotic Miners,515,Shards,14,5.42e63,G03,G04,108,811,34,33
G04,Robotic Miners,516,Shards,14,7.52e63,G03,G04,108,811,34,33
G04,Robotic Miners,517,Shards,14,1.04e64,G03,G04,108,811,34,33
G04,Robotic Miners,518,Shards,14,1.45e64,G03,G04,108,811,34,33
G04,Robotic Miners,519,Shards,14,2.01e64,G03,G04,108,811,34,33
G04,Robotic Miners,520,Shards,14,2.79e64,G03,G04,108,811,34,33
G04,Robotic Miners,521,Shards,14,3.88e64,G03,G04,108,811,34,33
G04,Robotic Miners,522,Shards,14,5.39e64,G03,G04,108,811,34,33
G04,Robotic Miners,523,Shards,14,7.49e64,G03,G04,108,811,34,33
G04,Robotic Miners,524,Shards,14,1.04e65,G03,G04,108,811,34,33
G04,Robotic Miners,525,Shards,14,1.45e65,G03,G04,108,811,34,33
G04,Robotic Miners,526,Shards,14,2.02e65,G03,G04,108,811,34,33
G04,Robotic Miners,527,Shards,14,2.81e65,G03,G04,108,811,34,33
G04,Robotic Miners,528,Shards,14,3.92e65,G03,G04,108,811,34,33
G04,Robotic Miners,529,Shards,14,5.46e65,G03,G04,108,811,34,33
G04,Robotic Miners,530,Shards,14,7.61e65,G03,G04,108,811,34,33
G04,Robotic Miners,531,Shards,14,1.06e66,G03,G04,108,811,34,33
G04,Robotic Miners,532,Shards,14,1.48e66,G03,G04,108,811,34,33
G04,Robotic Miners,533,Shards,14,2.07e66,G03,G04,108,811,34,33
G04,Robotic Miners,534,Shards,14,2.88e66,G03,G04,108,811,34,33
G04,Robotic Miners,535,Shards,14,4.03e66,G03,G04,108,811,34,33
G04,Robotic Miners,536,Shards,14,5.63e66,G03,G04,108,811,34,33
G04,Robotic Miners,537,Shards,14,7.87e66,G03,G04,108,811,34,33
G04,Robotic Miners,538,Shards,14,1.10e67,G03,G04,108,811,34,33
G04,Robotic Miners,539,Shards,14,1.54e67,G03,G04,108,811,34,33
G04,Robotic Miners,540,Shards,14,2.15e67,G03,G04,108,811,34,33
G04,Robotic Miners,541,Shards,14,3.01e67,G03,G04,108,811,34,33
G04,Robotic Miners,542,Shards,14,4.22e67,G03,G04,108,811,34,33
G04,Robotic Miners,543,Shards,14,5.91e67,G03,G04,108,811,34,33
G04,Robotic Miners,544,Shards,14,8.29e67,G03,G04,108,811,34,33
G04,Robotic Miners,545,Shards,14,1.16e68,G03,G04,108,811,34,33
G04,Robotic Miners,546,Shards,14,1.63e68,G03,G04,108,811,34,33
G04,Robotic Miners,547,Shards,14,2.29e68,G03,G04,108,811,34,33
G04,Robotic Miners,548,Shards,14,3.21e68,G03,G04,108,811,34,33
G04,Robotic Miners,549,Shards,14,4.51e68,G03,G04,108,811,34,33
G04,Robotic Miners,550,Shards,14,6.33e68,G03,G04,108,811,34,33
G04,Robotic Miners,551,Shards,14,8.89e68,G03,G04,108,811,34,33
G04,Robotic Miners,552,Shards,14,1.25e69,G03,G04,108,811,34,33
G04,Robotic Miners,553,Shards,14,1.76e69,G03,G04,108,811,34,33
G04,Robotic Miners,554,Shards,14,2.47e69,G03,G04,108,811,34,33
G04,Robotic Miners,555,Shards,14,3.48e69,G03,G04,108,811,34,33
G04,Robotic Miners,556,Shards,14,4.90e69,G03,G04,108,811,34,33
G04,Robotic Miners,557,Shards,14,6.90e69,G03,G04,108,811,34,33
G04,Robotic Miners,558,Shards,14,9.71e69,G03,G04,108,811,34,33
G04,Robotic Miners,559,Shards,14,1.37e70,G03,G04,108,811,34,33
G04,Robotic Miners,560,Shards,14,1.93e70,G03,G04,108,811,34,33
G04,Robotic Miners,561,Shards,14,2.72e70,G03,G04,108,811,34,33
G04,Robotic Miners,562,Shards,14,3.84e70,G03,G04,108,811,34,33
G04,Robotic Miners,563,Shards,14,5.42e70,G03,G04,108,811,34,33
G04,Robotic Miners,564,Shards,14,7.65e70,G03,G04,108,811,34,33
G04,Robotic Miners,565,Shards,14,1.08e71,G03,G04,108,811,34,33
G04,Robotic Miners,566,Shards,14,1.53e71,G03,G04,108,811,34,33
G04,Robotic Miners,567,Shards,14,2.16e71,G03,G04,108,811,34,33
G04,Robotic Miners,568,Shards,14,3.05e71,G03,G04,108,811,34,33
G04,Robotic Miners,569,Shards,14,4.32e71,G03,G04,108,811,34,33
G04,Robotic Miners,570,Shards,14,6.11e71,G03,G04,108,811,34,33
G04,Robotic Miners,571,Shards,14,8.65e71,G03,G04,108,811,34,33
G04,Robotic Miners,572,Shards,14,1.22e72,G03,G04,108,811,34,33
G04,Robotic Miners,573,Shards,14,1.73e72,G03,G04,108,811,34,33
G04,Robotic Miners,574,Shards,14,2.46e72,G03,G04,108,811,34,33
G04,Robotic Miners,575,Shards,14,3.49e72,G03,G04,108,811,34,33
G04,Robotic Miners,576,Shards,14,4.94e72,G03,G04,108,811,34,33
G04,Robotic Miners,577,Shards,14,7.01e72,G03,G04,108,811,34,33
G04,Robotic Miners,578,Shards,14,9.95e72,G03,G04,108,811,34,33
G04,Robotic Miners,579,Shards,14,1.41e73,G03,G04,108,811,34,33
G04,Robotic Miners,580,Shards,14,2.01e73,G03,G04,108,811,34,33
G04,Robotic Miners,581,Shards,14,2.85e73,G03,G04,108,811,34,33
G04,Robotic Miners,582,Shards,14,4.05e73,G03,G04,108,811,34,33
G04,Robotic Miners,583,Shards,14,5.76e73,G03,G04,108,811,34,33
G04,Robotic Miners,584,Shards,14,8.20e73,G03,G04,108,811,34,33
G04,Robotic Miners,585,Shards,14,1.17e74,G03,G04,108,811,34,33
G04,Robotic Miners,586,Shards,14,1.66e74,G03,G04,108,811,34,33
G04,Robotic Miners,587,Shards,14,2.36e74,G03,G04,108,811,34,33
G04,Robotic Miners,588,Shards,14,3.37e74,G03,G04,108,811,34,33
G04,Robotic Miners,589,Shards,14,4.80e74,G03,G04,108,811,34,33
G04,Robotic Miners,590,Shards,14,6.84e74,G03,G04,108,811,34,33
G04,Robotic Miners,591,Shards,14,9.76e74,G03,G04,108,811,34,33
G04,Robotic Miners,592,Shards,14,1.39e75,G03,G04,108,811,34,33
G04,Robotic Miners,593,Shards,14,1.99e75,G03,G04,108,811,34,33
G04,Robotic Miners,594,Shards,14,2.84e75,G03,G04,108,811,34,33
G04,Robotic Miners,595,Shards,14,4.05e75,G03,G04,108,811,34,33
G04,Robotic Miners,596,Shards,14,5.79e75,G03,G04,108,811,34,33
G04,Robotic Miners,597,Shards,14,8.27e75,G03,G04,108,811,34,33
G04,Robotic Miners,598,Shards,14,1.18e76,G03,G04,108,811,34,33
G04,Robotic Miners,599,Shards,14,1.69e76,G03,G04,108,811,34,33
G04,Robotic Miners,600,Shards,14,2.42e76,G03,G04,108,811,34,33
G04,Robotic Miners,601,Shards,14,3.46e76,G03,G04,108,811,34,33
G04,Robotic Miners,602,Shards,14,4.96e76,G03,G04,108,811,34,33
G04,Robotic Miners,603,Shards,14,7.10e76,G03,G04,108,811,34,33
G04,Robotic Miners,604,Shards,14,1.02e77,G03,G04,108,811,34,33
G04,Robotic Miners,605,Shards,14,1.46e77,G03,G04,108,811,34,33
G04,Robotic Miners,606,Shards,14,2.09e77,G03,G04,108,811,34,33
G04,Robotic Miners,607,Shards,14,3.00e77,G03,G04,108,811,34,33
G04,Robotic Miners,608,Shards,14,4.31e77,G03,G04,108,811,34,33
G04,Robotic Miners,609,Shards,14,6.18e77,G03,G04,108,811,34,33
G04,Robotic Miners,610,Shards,14,8.88e77,G03,G04,108,811,34,33
G04,Robotic Miners,611,Shards,14,1.28e78,G03,G04,108,811,34,33
G04,Robotic Miners,612,Shards,14,1.83e78,G03,G04,108,811,34,33
G04,Robotic Miners,613,Shards,14,2.63e78,G03,G04,108,811,34,33
G04,Robotic Miners,614,Shards,14,3.79e78,G03,G04,108,811,34,33
G04,Robotic Miners,615,Shards,14,5.45e78,G03,G04,108,811,34,33
G04,Robotic Miners,616,Shards,14,7.85e78,G03,G04,108,811,34,33
G04,Robotic Miners,617,Shards,14,1.13e79,G03,G04,108,811,34,33
G04,Robotic Miners,618,Shards,14,1.63e79,G03,G04,108,811,34,33
G04,Robotic Miners,619,Shards,14,2.34e79,G03,G04,108,811,34,33
G04,Robotic Miners,620,Shards,14,3.38e79,G03,G04,108,811,34,33
G04,Robotic Miners,621,Shards,14,4.87e79,G03,G04,108,811,34,33
G04,Robotic Miners,622,Shards,14,7.03e79,G03,G04,108,811,34,33
G04,Robotic Miners,623,Shards,14,1.01e80,G03,G04,108,811,34,33
G04,Robotic Miners,624,Shards,14,1.46e80,G03,G04,108,811,34,33
G04,Robotic Miners,625,Shards,14,2.11e80,G03,G04,108,811,34,33
G04,Robotic Miners,626,Shards,14,3.05e80,G03,G04,108,811,34,33
G04,Robotic Miners,627,Shards,14,4.41e80,G03,G04,108,811,34,33
G04,Robotic Miners,628,Shards,14,6.38e80,G03,G04,108,811,34,33
G04,Robotic Miners,629,Shards,14,9.22e80,G03,G04,108,811,34,33
G04,Robotic Miners,630,Shards,14,1.33e81,G03,G04,108,811,34,33
G04,Robotic Miners,631,Shards,14,1.93e81,G03,G04,108,811,34,33
G04,Robotic Miners,632,Shards,14,2.79e81,G03,G04,108,811,34,33
G04,Robotic Miners,633,Shards,14,4.05e81,G03,G04,108,811,34,33
G04,Robotic Miners,634,Shards,14,5.86e81,G03,G04,108,811,34,33
G04,Robotic Miners,635,Shards,14,8.50e81,G03,G04,108,811,34,33
G04,Robotic Miners,636,Shards,14,1.23e82,G03,G04,108,811,34,33
G04,Robotic Miners,637,Shards,14,1.79e82,G03,G04,108,811,34,33
G04,Robotic Miners,638,Shards,14,2.59e82,G03,G04,108,811,34,33
G04,Robotic Miners,639,Shards,14,3.76e82,G03,G04,108,811,34,33
G04,Robotic Miners,640,Shards,14,5.46e82,G03,G04,108,811,34,33
G04,Robotic Miners,641,Shards,14,7.93e82,G03,G04,108,811,34,33
G04,Robotic Miners,642,Shards,14,1.15e83,G03,G04,108,811,34,33
G04,Robotic Miners,643,Shards,14,1.68e83,G03,G04,108,811,34,33
G04,Robotic Miners,644,Shards,14,2.44e83,G03,G04,108,811,34,33
G04,Robotic Miners,645,Shards,14,3.54e83,G03,G04,108,811,34,33
G04,Robotic Miners,646,Shards,14,5.16e83,G03,G04,108,811,34,33
G04,Robotic Miners,647,Shards,14,7.51e83,G03,G04,108,811,34,33
G04,Robotic Miners,648,Shards,14,1.09e84,G03,G04,108,811,34,33
G04,Robotic Miners,649,Shards,14,1.59e84,G03,G04,108,811,34,33
G04,Robotic Miners,650,Shards,14,2.32e84,G03,G04,108,811,34,33
G04,Robotic Miners,651,Shards,14,3.38e84,G03,G04,108,811,34,33
G04,Robotic Miners,652,Shards,14,4.93e84,G03,G04,108,811,34,33
G04,Robotic Miners,653,Shards,14,7.19e84,G03,G04,108,811,34,33
G04,Robotic Miners,654,Shards,14,1.05e85,G03,G04,108,811,34,33
G04,Robotic Miners,655,Shards,14,1.53e85,G03,G04,108,811,34,33
G04,Robotic Miners,656,Shards,14,2.24e85,G03,G04,108,811,34,33
G04,Robotic Miners,657,Shards,14,3.27e85,G03,G04,108,811,34,33
G04,Robotic Miners,658,Shards,14,4.78e85,G03,G04,108,811,34,33
G04,Robotic Miners,659,Shards,14,6.98e85,G03,G04,108,811,34,33
G04,Robotic Miners,660,Shards,14,1.02e86,G03,G04,108,811,34,33
G04,Robotic Miners,661,Shards,14,1.49e86,G03,G04,108,811,34,33
G04,Robotic Miners,662,Shards,14,2.19e86,G03,G04,108,811,34,33
G04,Robotic Miners,663,Shards,14,3.20e86,G03,G04,108,811,34,33
G04,Robotic Miners,664,Shards,14,4.69e86,G03,G04,108,811,34,33
G04,Robotic Miners,665,Shards,14,6.87e86,G03,G04,108,811,34,33
G04,Robotic Miners,666,Shards,14,1.01e87,G03,G04,108,811,34,33
G04,Robotic Miners,667,Shards,14,1.48e87,G03,G04,108,811,34,33
G04,Robotic Miners,668,Shards,14,2.17e87,G03,G04,108,811,34,33
G04,Robotic Miners,669,Shards,14,3.18e87,G03,G04,108,811,34,33
G04,Robotic Miners,670,Shards,14,4.66e87,G03,G04,108,811,34,33
G04,Robotic Miners,671,Shards,14,6.85e87,G03,G04,108,811,34,33
G04,Robotic Miners,672,Shards,14,1.01e88,G03,G04,108,811,34,33
G04,Robotic Miners,673,Shards,14,1.48e88,G03,G04,108,811,34,33
G04,Robotic Miners,674,Shards,14,2.17e88,G03,G04,108,811,34,33
G04,Robotic Miners,675,Shards,14,3.19e88,G03,G04,108,811,34,33
G04,Robotic Miners,676,Shards,14,4.70e88,G03,G04,108,811,34,33
G04,Robotic Miners,677,Shards,14,6.91e88,G03,G04,108,811,34,33
G04,Robotic Miners,678,Shards,14,1.02e89,G03,G04,108,811,34,33
G04,Robotic Miners,679,Shards,14,1.50e89,G03,G04,108,811,34,33
G04,Robotic Miners,680,Shards,14,2.21e89,G03,G04,108,811,34,33
G04,Robotic Miners,681,Shards,14,3.25e89,G03,G04,108,811,34,33
G04,Robotic Miners,682,Shards,14,4.80e89,G03,G04,108,811,34,33
G04,Robotic Miners,683,Shards,14,7.07e89,G03,G04,108,811,34,33
G04,Robotic Miners,684,Shards,14,1.04e90,G03,G04,108,811,34,33
G04,Robotic Miners,685,Shards,14,1.54e90,G03,G04,108,811,34,33
G04,Robotic Miners,686,Shards,14,2.27e90,G03,G04,108,811,34,33
G04,Robotic Miners,687,Shards,14,3.36e90,G03,G04,108,811,34,33
G04,Robotic Miners,688,Shards,14,4.96e90,G03,G04,108,811,34,33
G04,Robotic Miners,689,Shards,14,7.33e90,G03,G04,108,811,34,33
G04,Robotic Miners,690,Shards,14,1.08e91,G03,G04,108,811,34,33
G04,Robotic Miners,691,Shards,14,1.60e91,G03,G04,108,811,34,33
G04,Robotic Miners,692,Shards,14,2.37e91,G03,G04,108,811,34,33
G04,Robotic Miners,693,Shards,14,3.51e91,G03,G04,108,811,34,33
G04,Robotic Miners,694,Shards,14,5.19e91,G03,G04,108,811,34,33
G04,Robotic Miners,695,Shards,14,7.69e91,G03,G04,108,811,34,33
G04,Robotic Miners,696,Shards,14,1.14e92,G03,G04,108,811,34,33
G04,Robotic Miners,697,Shards,14,1.69e92,G03,G04,108,811,34,33
G04,Robotic Miners,698,Shards,14,2.50e92,G03,G04,108,811,34,33
G04,Robotic Miners,699,Shards,14,3.71e92,G03,G04,108,811,34,33
G04,Robotic Miners,700,Shards,14,5.51e92,G03,G04,108,811,34,33
G04,Robotic Miners,701,Shards,14,8.18e92,G03,G04,108,811,34,33
G04,Robotic Miners,702,Shards,14,1.21e93,G03,G04,108,811,34,33
G04,Robotic Miners,703,Shards,14,1.80e93,G03,G04,108,811,34,33
G04,Robotic Miners,704,Shards,14,2.68e93,G03,G04,108,811,34,33
G04,Robotic Miners,705,Shards,14,3.98e93,G03,G04,108,811,34,33
G04,Robotic Miners,706,Shards,14,5.92e93,G03,G04,108,811,34,33
G04,Robotic Miners,707,Shards,14,8.81e93,G03,G04,108,811,34,33
G04,Robotic Miners,708,Shards,14,1.31e94,G03,G04,108,811,34,33
G04,Robotic Miners,709,Shards,14,1.95e94,G03,G04,108,811,34,33
G04,Robotic Miners,710,Shards,14,2.91e94,G03,G04,108,811,34,33
G04,Robotic Miners,711,Shards,14,4.33e94,G03,G04,108,811,34,33
G04,Robotic Miners,712,Shards,14,6.45e94,G03,G04,108,811,34,33
G04,Robotic Miners,713,Shards,14,9.61e94,G03,G04,108,811,34,33
G04,Robotic Miners,714,Shards,14,1.43e95,G03,G04,108,811,34,33
G04,Robotic Miners,715,Shards,14,2.14e95,G03,G04,108,811,34,33
G04,Robotic Miners,716,Shards,14,3.19e95,G03,G04,108,811,34,33
G04,Robotic Miners,717,Shards,14,4.76e95,G03,G04,108,811,34,33
G04,Robotic Miners,718,Shards,14,7.11e95,G03,G04,108,811,34,33
G04,Robotic Miners,719,Shards,14,1.06e96,G03,G04,108,811,34,33
G04,Robotic Miners,720,Shards,14,1.59e96,G03,G04,108,811,34,33
G04,Robotic Miners,721,Shards,14,2.37e96,G03,G04,108,811,34,33
G04,Robotic Miners,722,Shards,14,3.55e96,G03,G04,108,811,34,33
G04,Robotic Miners,723,Shards,14,5.31e96,G03,G04,108,811,34,33
G04,Robotic Miners,724,Shards,14,7.94e96,G03,G04,108,811,34,33
G04,Robotic Miners,725,Shards,14,1.19e97,G03,G04,108,811,34,33
G04,Robotic Miners,726,Shards,14,1.78e97,G03,G04,108,811,34,33
G04,Robotic Miners,727,Shards,14,2.67e97,G03,G04,108,811,34,33
G04,Robotic Miners,728,Shards,14,4.00e97,G03,G04,108,811,34,33
G04,Robotic Miners,729,Shards,14,5.99e97,G03,G04,108,811,34,33
G04,Robotic Miners,730,Shards,14,8.99e97,G03,G04,108,811,34,33
G04,Robotic Miners,731,Shards,14,1.35e98,G03,G04,108,811,34,33
G04,Robotic Miners,732,Shards,14,2.02e98,G03,G04,108,811,34,33
G04,Robotic Miners,733,Shards,14,3.04e98,G03,G04,108,811,34,33
G04,Robotic Miners,734,Shards,14,4.56e98,G03,G04,108,811,34,33
G04,Robotic Miners,735,Shards,14,6.85e98,G03,G04,108,811,34,33
G04,Robotic Miners,736,Shards,14,1.03e99,G03,G04,108,811,34,33
G04,Robotic Miners,737,Shards,14,1.55e99,G03,G04,108,811,34,33
G04,Robotic Miners,738,Shards,14,2.33e99,G03,G04,108,811,34,33
G04,Robotic Miners,739,Shards,14,3.50e99,G03,G04,108,811,34,33
G04,Robotic Miners,740,Shards,14,5.27e99,G03,G04,108,811,34,33
G04,Robotic Miners,741,Shards,14,7.94e99,G03,G04,108,811,34,33
G04,Robotic Miners,742,Shards,14,1.20e100,G03,G04,108,811,34,33
G04,Robotic Miners,743,Shards,14,1.80e100,G03,G04,108,811,34,33
G04,Robotic Miners,744,Shards,14,2.71e100,G03,G04,108,811,34,33
G04,Robotic Miners,745,Shards,14,4.09e100,G03,G04,108,811,34,33
G04,Robotic Miners,746,Shards,14,6.17e100,G03,G04,108,811,34,33
G04,Robotic Miners,747,Shards,14,9.31e100,G03,G04,108,811,34,33
G04,Robotic Miners,748,Shards,14,1.41e101,G03,G04,108,811,34,33
G04,Robotic Miners,749,Shards,14,2.12e101,G03,G04,108,811,34,33
G04,Robotic Miners,750,Shards,14,3.20e101,G03,G04,108,811,34,33
G04,Robotic Miners,751,Shards,14,4.84e101,G03,G04,108,811,34,33
G04,Robotic Miners,752,Shards,14,7.32e101,G03,G04,108,811,34,33
G04,Robotic Miners,753,Shards,14,1.11e102,G03,G04,108,811,34,33
G04,Robotic Miners,754,Shards,14,1.67e102,G03,G04,108,811,34,33
G04,Robotic Miners,755,Shards,14,2.53e102,G03,G04,108,811,34,33
G04,Robotic Miners,756,Shards,14,3.83e102,G03,G04,108,811,34,33
G04,Robotic Miners,757,Shards,14,5.80e102,G03,G04,108,811,34,33
G04,Robotic Miners,758,Shards,14,8.79e102,G03,G04,108,811,34,33
G04,Robotic Miners,759,Shards,14,1.33e103,G03,G04,108,811,34,33
G04,Robotic Miners,760,Shards,14,2.02e103,G03,G04,108,811,34,33
G04,Robotic Miners,761,Shards,14,3.06e103,G03,G04,108,811,34,33
G04,Robotic Miners,762,Shards,14,4.64e103,G03,G04,108,811,34,33
G04,Robotic Miners,763,Shards,14,7.04e103,G03,G04,108,811,34,33
G04,Robotic Miners,764,Shards,14,1.07e104,G03,G04,108,811,34,33
G04,Robotic Miners,765,Shards,14,1.62e104,G03,G04,108,811,34,33
G04,Robotic Miners,766,Shards,14,2.46e104,G03,G04,108,811,34,33
G04,Robotic Miners,767,Shards,14,3.74e104,G03,G04,108,811,34,33
G04,Robotic Miners,768,Shards,14,5.69e104,G03,G04,108,811,34,33
G04,Robotic Miners,769,Shards,14,8.65e104,G03,G04,108,811,34,33
G04,Robotic Miners,770,Shards,14,1.32e105,G03,G04,108,811,34,33
G04,Robotic Miners,771,Shards,14,2.00e105,G03,G04,108,811,34,33
G04,Robotic Miners,772,Shards,14,3.05e105,G03,G04,108,811,34,33
G04,Robotic Miners,773,Shards,14,4.64e105,G03,G04,108,811,34,33
G04,Robotic Miners,774,Shards,14,7.07e105,G03,G04,108,811,34,33
G04,Robotic Miners,775,Shards,14,1.08e106,G03,G04,108,811,34,33
G04,Robotic Miners,776,Shards,14,1.64e106,G03,G04,108,811,34,33
G04,Robotic Miners,777,Shards,14,2.50e106,G03,G04,108,811,34,33
G04,Robotic Miners,778,Shards,14,3.82e106,G03,G04,108,811,34,33
G04,Robotic Miners,779,Shards,14,5.83e106,G03,G04,108,811,34,33
G04,Robotic Miners,780,Shards,14,8.89e106,G03,G04,108,811,34,33
G04,Robotic Miners,781,Shards,14,1.36e107,G03,G04,108,811,34,33
G04,Robotic Miners,782,Shards,14,2.07e107,G03,G04,108,811,34,33
G04,Robotic Miners,783,Shards,14,3.17e107,G03,G04,108,811,34,33
G04,Robotic Miners,784,Shards,14,4.84e107,G03,G04,108,811,34,33
G04,Robotic Miners,785,Shards,14,7.41e107,G03,G04,108,811,34,33
G04,Robotic Miners,786,Shards,14,1.13e108,G03,G04,108,811,34,33
G04,Robotic Miners,787,Shards,14,1.73e108,G03,G04,108,811,34,33
G04,Robotic Miners,788,Shards,14,2.65e108,G03,G04,108,811,34,33
G04,Robotic Miners,789,Shards,14,4.06e108,G03,G04,108,811,34,33
G04,Robotic Miners,790,Shards,14,6.22e108,G03,G04,108,811,34,33
G04,Robotic Miners,791,Shards,14,9.53e108,G03,G04,108,811,34,33
G04,Robotic Miners,792,Shards,14,1.46e109,G03,G04,108,811,34,33
G04,Robotic Miners,793,Shards,14,2.24e109,G03,G04,108,811,34,33
G04,Robotic Miners,794,Shards,14,3.44e109,G03,G04,108,811,34,33
G04,Robotic Miners,795,Shards,14,5.27e109,G03,G04,108,811,34,33
G04,Robotic Miners,796,Shards,14,8.09e109,G03,G04,108,811,34,33
G04,Robotic Miners,797,Shards,14,1.24e110,G03,G04,108,811,34,33
G04,Robotic Miners,798,Shards,14,1.91e110,G03,G04,108,811,34,33
G04,Robotic Miners,799,Shards,14,2.93e110,G03,G04,108,811,34,33
G04,Robotic Miners,800,Shards,14,4.51e110,G03,G04,108,811,34,33
G04,Robotic Miners,801,Shards,14,6.93e110,G03,G04,108,811,34,33
G04,Robotic Miners,802,Shards,14,1.07e111,G03,G04,108,811,34,33
G04,Robotic Miners,803,Shards,14,1.64e111,G03,G04,108,811,34,33
G04,Robotic Miners,804,Shards,14,2.52e111,G03,G04,108,811,34,33
G04,Robotic Miners,805,Shards,14,3.89e111,G03,G04,108,811,34,33
G04,Robotic Miners,806,Shards,14,5.99e111,G03,G04,108,811,34,33
G04,Robotic Miners,807,Shards,14,9.23e111,G03,G04,108,811,34,33
G04,Robotic Miners,808,Shards,14,1.42e112,G03,G04,108,811,34,33
G04,Robotic Miners,809,Shards,14,2.19e112,G03,G04,108,811,34,33
G04,Robotic Miners,810,Shards,14,3.38e112,G03,G04,108,811,34,33
G04,Robotic Miners,811,Shards,14,5.22e112,G03,G04,108,811,34,33
G04,Robotic Miners,812,Shards,14,8.05e112,G03,G04,108,811,34,33
G04,Robotic Miners,813,Shards,14,1.24e113,G03,G04,108,811,34,33
G04,Robotic Miners,814,Shards,14,1.92e113,G03,G04,108,811,34,33
G04,Robotic Miners,815,Shards,14,2.97e113,G03,G04,108,811,34,33
G04,Robotic Miners,816,Shards,14,4.59e113,G03,G04,108,811,34,33
G04,Robotic Miners,817,Shards,14,7.09e113,G03,G04,108,811,34,33
G04,Robotic Miners,818,Shards,14,1.10e114,G03,G04,108,811,34,33
G04,Robotic Miners,819,Shards,14,1.70e114,G03,G04,108,811,34,33
G04,Robotic Miners,820,Shards,14,2.63e114,G03,G04,108,811,34,33
G04,Robotic Miners,821,Shards,14,4.07e114,G03,G04,108,811,34,33
G04,Robotic Miners,822,Shards,14,6.30e114,G03,G04,108,811,34,33
G04,Robotic Miners,823,Shards,14,9.76e114,G03,G04,108,811,34,33
G04,Robotic Miners,824,Shards,14,1.51e115,G03,G04,108,811,34,33
G04,Robotic Miners,825,Shards,14,2.35e115,G03,G04,108,811,34,33
G04,Robotic Miners,826,Shards,14,3.64e115,G03,G04,108,811,34,33
G04,Robotic Miners,827,Shards,14,5.65e115,G03,G04,108,811,34,33
G04,Robotic Miners,828,Shards,14,8.76e115,G03,G04,108,811,34,33
G04,Robotic Miners,829,Shards,14,1.36e116,G03,G04,108,811,34,33
G04,Robotic Miners,830,Shards,14,2.11e116,G03,G04,108,811,34,33
G04,Robotic Miners,831,Shards,14,3.28e116,G03,G04,108,811,34,33
G04,Robotic Miners,832,Shards,14,5.10e116,G03,G04,108,811,34,33
G04,Robotic Miners,833,Shards,14,7.93e116,G03,G04,108,811,34,33
G04,Robotic Miners,834,Shards,14,1.23e117,G03,G04,108,811,34,33
G04,Robotic Miners,835,Shards,14,1.92e117,G03,G04,108,811,34,33
G04,Robotic Miners,836,Shards,14,2.99e117,G03,G04,108,811,34,33
G04,Robotic Miners,837,Shards,14,4.65e117,G03,G04,108,811,34,33
G04,Robotic Miners,838,Shards,14,7.24e117,G03,G04,108,811,34,33
G04,Robotic Miners,839,Shards,14,1.13e118,G03,G04,108,811,34,33
G04,Robotic Miners,840,Shards,14,1.76e118,G03,G04,108,811,34,33
G04,Robotic Miners,841,Shards,14,2.74e118,G03,G04,108,811,34,33
G04,Robotic Miners,842,Shards,14,4.28e118,G03,G04,108,811,34,33
G04,Robotic Miners,843,Shards,14,6.67e118,G03,G04,108,811,34,33
G04,Robotic Miners,844,Shards,14,1.04e119,G03,G04,108,811,34,33
G04,Robotic Miners,845,Shards,14,1.63e119,G03,G04,108,811,34,33
G04,Robotic Miners,846,Shards,14,2.54e119,G03,G04,108,811,34,33
G04,Robotic Miners,847,Shards,14,3.97e119,G03,G04,108,811,34,33
G04,Robotic Miners,848,Shards,14,6.20e119,G03,G04,108,811,34,33
G04,Robotic Miners,849,Shards,14,9.69e119,G03,G04,108,811,34,33
G04,Robotic Miners,850,Shards,14,1.52e120,G03,G04,108,811,34,33
G04,Robotic Miners,851,Shards,14,2.37e120,G03,G04,108,811,34,33
G04,Robotic Miners,852,Shards,14,3.71e120,G03,G04,108,811,34,33
G04,Robotic Miners,853,Shards,14,5.81e120,G03,G04,108,811,34,33
G04,Robotic Miners,854,Shards,14,9.10e120,G03,G04,108,811,34,33
G04,Robotic Miners,855,Shards,14,1.43e121,G03,G04,108,811,34,33
G04,Robotic Miners,856,Shards,14,2.23e121,G03,G04,108,811,34,33
G04,Robotic Miners,857,Shards,14,3.50e121,G03,G04,108,811,34,33
G04,Robotic Miners,858,Shards,14,5.49e121,G03,G04,108,811,34,33
G04,Robotic Miners,859,Shards,14,8.62e121,G03,G04,108,811,34,33
G04,Robotic Miners,860,Shards,14,1.35e122,G03,G04,108,811,34,33
G04,Robotic Miners,861,Shards,14,2.12e122,G03,G04,108,811,34,33
G04,Robotic Miners,862,Shards,14,3.33e122,G03,G04,108,811,34,33
G04,Robotic Miners,863,Shards,14,5.24e122,G03,G04,108,811,34,33
G04,Robotic Miners,864,Shards,14,8.23e122,G03,G04,108,811,34,33
G04,Robotic Miners,865,Shards,14,1.29e123,G03,G04,108,811,34,33
G04,Robotic Miners,866,Shards,14,2.03e123,G03,G04,108,811,34,33
G04,Robotic Miners,867,Shards,14,3.20e123,G03,G04,108,811,34,33
G04,Robotic Miners,868,Shards,14,5.03e123,G03,G04,108,811,34,33
G04,Robotic Miners,869,Shards,14,7.93e123,G03,G04,108,811,34,33
G04,Robotic Miners,870,Shards,14,1.25e124,G03,G04,108,811,34,33
G04,Robotic Miners,871,Shards,14,1.97e124,G03,G04,108,811,34,33
G04,Robotic Miners,872,Shards,14,3.10e124,G03,G04,108,811,34,33
G04,Robotic Miners,873,Shards,14,4.88e124,G03,G04,108,811,34,33
G04,Robotic Miners,874,Shards,14,7.70e124,G03,G04,108,811,34,33
G04,Robotic Miners,875,Shards,14,1.21e125,G03,G04,108,811,34,33
G04,Robotic Miners,876,Shards,14,1.92e125,G03,G04,108,811,34,33
G04,Robotic Miners,877,Shards,14,3.03e125,G03,G04,108,811,34,33
G04,Robotic Miners,878,Shards,14,4.78e125,G03,G04,108,811,34,33
G04,Robotic Miners,879,Shards,14,7.54e125,G03,G04,108,811,34,33
G04,Robotic Miners,880,Shards,14,1.19e126,G03,G04,108,811,34,33
G04,Robotic Miners,881,Shards,14,1.88e126,G03,G04,108,811,34,33
G04,Robotic Miners,882,Shards,14,2.98e126,G03,G04,108,811,34,33
G04,Robotic Miners,883,Shards,14,4.71e126,G03,G04,108,811,34,33
G04,Robotic Miners,884,Shards,14,7.46e126,G03,G04,108,811,34,33
G04,Robotic Miners,885,Shards,14,1.18e127,G03,G04,108,811,34,33
G04,Robotic Miners,886,Shards,14,1.87e127,G03,G04,108,811,34,33
G04,Robotic Miners,887,Shards,14,2.96e127,G03,G04,108,811,34,33
G04,Robotic Miners,888,Shards,14,4.69e127,G03,G04,108,811,34,33
G04,Robotic Miners,889,Shards,14,7.43e127,G03,G04,108,811,34,33
G04,Robotic Miners,890,Shards,14,1.18e128,G03,G04,108,811,34,33
G04,Robotic Miners,891,Shards,14,1.87e128,G03,G04,108,811,34,33
G04,Robotic Miners,892,Shards,14,2.96e128,G03,G04,108,811,34,33
G04,Robotic Miners,893,Shards,14,4.71e128,G03,G04,108,811,34,33
G04,Robotic Miners,894,Shards,14,7.47e128,G03,G04,108,811,34,33
G04,Robotic Miners,895,Shards,14,1.19e129,G03,G04,108,811,34,33
G04,Robotic Miners,896,Shards,14,1.88e129,G03,G04,108,811,34,33
G04,Robotic Miners,897,Shards,14,3.00e129,G03,G04,108,811,34,33
G04,Robotic Miners,898,Shards,14,4.76e129,G03,G04,108,811,34,33
G04,Robotic Miners,899,Shards,14,7.57e129,G03,G04,108,811,34,33
G04,Robotic Miners,900,Shards,14,1.20e130,G03,G04,108,811,34,33
G04,Robotic Miners,901,Shards,14,1.92e130,G03,G04,108,811,34,33
G04,Robotic Miners,902,Shards,14,3.05e130,G03,G04,108,811,34,33
G04,Robotic Miners,903,Shards,14,4.86e130,G03,G04,108,811,34,33
G04,Robotic Miners,904,Shards,14,7.74e130,G03,G04,108,811,34,33
G04,Robotic Miners,905,Shards,14,1.23e131,G03,G04,108,811,34,33
G04,Robotic Miners,906,Shards,14,1.97e131,G03,G04,108,811,34,33
G04,Robotic Miners,907,Shards,14,3.14e131,G03,G04,108,811,34,33
G04,Robotic Miners,908,Shards,14,5.00e131,G03,G04,108,811,34,33
G04,Robotic Miners,909,Shards,14,7.98e131,G03,G04,108,811,34,33
G04,Robotic Miners,910,Shards,14,1.27e132,G03,G04,108,811,34,33
G04,Robotic Miners,911,Shards,14,2.04e132,G03,G04,108,811,34,33
G04,Robotic Miners,912,Shards,14,3.25e132,G03,G04,108,811,34,33
G04,Robotic Miners,913,Shards,14,5.19e132,G03,G04,108,811,34,33
G04,Robotic Miners,914,Shards,14,8.30e132,G03,G04,108,811,34,33
G04,Robotic Miners,915,Shards,14,1.33e133,G03,G04,108,811,34,33
G04,Robotic Miners,916,Shards,14,2.12e133,G03,G04,108,811,34,33
G04,Robotic Miners,917,Shards,14,3.40e133,G03,G04,108,811,34,33
G04,Robotic Miners,918,Shards,14,5.44e133,G03,G04,108,811,34,33
G04,Robotic Miners,919,Shards,14,8.71e133,G03,G04,108,811,34,33
G04,Robotic Miners,920,Shards,14,1.39e134,G03,G04,108,811,34,33
G04,Robotic Miners,921,Shards,14,2.23e134,G03,G04,108,811,34,33
G04,Robotic Miners,922,Shards,14,3.58e134,G03,G04,108,811,34,33
G04,Robotic Miners,923,Shards,14,5.74e134,G03,G04,108,811,34,33
G04,Robotic Miners,924,Shards,14,9.21e134,G03,G04,108,811,34,33
G04,Robotic Miners,925,Shards,14,1.48e135,G03,G04,108,811,34,33
G04,Robotic Miners,926,Shards,14,2.37e135,G03,G04,108,811,34,33
G04,Robotic Miners,927,Shards,14,3.81e135,G03,G04,108,811,34,33
G04,Robotic Miners,928,Shards,14,6.11e135,G03,G04,108,811,34,33
G04,Robotic Miners,929,Shards,14,9.82e135,G03,G04,108,811,34,33
G04,Robotic Miners,930,Shards,14,1.58e136,G03,G04,108,811,34,33
G04,Robotic Miners,931,Shards,14,2.54e136,G03,G04,108,811,34,33
G04,Robotic Miners,932,Shards,14,4.08e136,G03,G04,108,811,34,33
G04,Robotic Miners,933,Shards,14,6.57e136,G03,G04,108,811,34,33
G04,Robotic Miners,934,Shards,14,1.06e137,G03,G04,108,811,34,33
G04,Robotic Miners,935,Shards,14,1.70e137,G03,G04,108,811,34,33
G04,Robotic Miners,936,Shards,14,2.74e137,G03,G04,108,811,34,33
G04,Robotic Miners,937,Shards,14,4.41e137,G03,G04,108,811,34,33
G04,Robotic Miners,938,Shards,14,7.11e137,G03,G04,108,811,34,33
G04,Robotic Miners,939,Shards,14,1.15e138,G03,G04,108,811,34,33
G04,Robotic Miners,940,Shards,14,1.85e138,G03,G04,108,811,34,33
G04,Robotic Miners,941,Shards,14,2.98e138,G03,G04,108,811,34,33
G04,Robotic Miners,942,Shards,14,4.81e138,G03,G04,108,811,34,33
G04,Robotic Miners,943,Shards,14,7.77e138,G03,G04,108,811,34,33
G04,Robotic Miners,944,Shards,14,1.25e139,G03,G04,108,811,34,33
G04,Robotic Miners,945,Shards,14,2.03e139,G03,G04,108,811,34,33
G04,Robotic Miners,946,Shards,14,3.27e139,G03,G04,108,811,34,33
G04,Robotic Miners,947,Shards,14,5.29e139,G03,G04,108,811,34,33
G04,Robotic Miners,948,Shards,14,8.55e139,G03,G04,108,811,34,33
G04,Robotic Miners,949,Shards,14,1.38e140,G03,G04,108,811,34,33
G04,Robotic Miners,950,Shards,14,2.24e140,G03,G04,108,811,34,33
G04,Robotic Miners,951,Shards,14,3.62e140,G03,G04,108,811,34,33
G04,Robotic Miners,952,Shards,14,5.86e140,G03,G04,108,811,34,33
G04,Robotic Miners,953,Shards,14,9.50e140,G03,G04,108,811,34,33
G04,Robotic Miners,954,Shards,14,1.54e141,G03,G04,108,811,34,33
G04,Robotic Miners,955,Shards,14,2.49e141,G03,G04,108,811,34,33
G04,Robotic Miners,956,Shards,14,4.04e141,G03,G04,108,811,34,33
G04,Robotic Miners,957,Shards,14,6.56e141,G03,G04,108,811,34,33
G04,Robotic Miners,958,Shards,14,1.06e142,G03,G04,108,811,34,33
G04,Robotic Miners,959,Shards,14,1.73e142,G03,G04,108,811,34,33
G04,Robotic Miners,960,Shards,14,2.80e142,G03,G04,108,811,34,33
G04,Robotic Miners,961,Shards,14,4.55e142,G03,G04,108,811,34,33
G04,Robotic Miners,962,Shards,14,7.39e142,G03,G04,108,811,34,33
G04,Robotic Miners,963,Shards,14,1.20e143,G03,G04,108,811,34,33
G04,Robotic Miners,964,Shards,14,1.95e143,G03,G04,108,811,34,33
G04,Robotic Miners,965,Shards,14,3.17e143,G03,G04,108,811,34,33
G04,Robotic Miners,966,Shards,14,5.16e143,G03,G04,108,811,34,33
G04,Robotic Miners,967,Shards,14,8.40e143,G03,G04,108,811,34,33
G04,Robotic Miners,968,Shards,14,1.37e144,G03,G04,108,811,34,33
G04,Robotic Miners,969,Shards,14,2.23e144,G03,G04,108,811,34,33
G04,Robotic Miners,970,Shards,14,3.63e144,G03,G04,108,811,34,33
G04,Robotic Miners,971,Shards,14,5.91e144,G03,G04,108,811,34,33
G04,Robotic Miners,972,Shards,14,9.63e144,G03,G04,108,811,34,33
G04,Robotic Miners,973,Shards,14,1.57e145,G03,G04,108,811,34,33
G04,Robotic Miners,974,Shards,14,2.56e145,G03,G04,108,811,34,33
G04,Robotic Miners,975,Shards,14,4.18e145,G03,G04,108,811,34,33
G04,Robotic Miners,976,Shards,14,6.82e145,G03,G04,108,811,34,33
G04,Robotic Miners,977,Shards,14,1.11e146,G03,G04,108,811,34,33
G04,Robotic Miners,978,Shards,14,1.82e146,G03,G04,108,811,34,33
G04,Robotic Miners,979,Shards,14,2.97e146,G03,G04,108,811,34,33
G04,Robotic Miners,980,Shards,14,4.85e146,G03,G04,108,811,34,33
G04,Robotic Miners,981,Shards,14,7.93e146,G03,G04,108,811,34,33
G04,Robotic Miners,982,Shards,14,1.30e147,G03,G04,108,811,34,33
G04,Robotic Miners,983,Shards,14,2.12e147,G03,G04,108,811,34,33
G04,Robotic Miners,984,Shards,14,3.47e147,G03,G04,108,811,34,33
G04,Robotic Miners,985,Shards,14,5.69e147,G03,G04,108,811,34,33
G04,Robotic Miners,986,Shards,14,9.31e147,G03,G04,108,811,34,33
G04,Robotic Miners,987,Shards,14,1.53e148,G03,G04,108,811,34,33
G04,Robotic Miners,988,Shards,14,2.50e148,G03,G04,108,811,34,33
G04,Robotic Miners,989,Shards,14,4.10e148,G03,G04,108,811,34,33
G04,Robotic Miners,990,Shards,14,6.72e148,G03,G04,108,811,34,33
G04,Robotic Miners,991,Shards,14,1.10e149,G03,G04,108,811,34,33
G04,Robotic Miners,992,Shards,14,1.81e149,G03,G04,108,811,34,33
G04,Robotic Miners,993,Shards,14,2.97e149,G03,G04,108,811,34,33
G04,Robotic Miners,994,Shards,14,4.87e149,G03,G04,108,811,34,33
G04,Robotic Miners,995,Shards,14,8.00e149,G03,G04,108,811,34,33
G04,Robotic Miners,996,Shards,14,1.31e150,G03,G04,108,811,34,33
G04,Robotic Miners,997,Shards,14,2.16e150,G03,G04,108,811,34,33
G04,Robotic Miners,998,Shards,14,3.55e150,G03,G04,108,811,34,33
G04,Robotic Miners,999,Shards,14,5.84e150,G03,G04,108,811,34,33
G04,Robotic Miners,1000,Shards,14,9.61e150,G03,G04,108,811,34,33
G04,Robotic Miners,1001,Shards,14,1.58e151,G03,G04,108,811,34,33
G04,Robotic Miners,1002,Shards,14,2.60e151,G03,G04,108,811,34,33
G04,Robotic Miners,1003,Shards,14,4.28e151,G03,G04,108,811,34,33
G04,Robotic Miners,1004,Shards,14,7.06e151,G03,G04,108,811,34,33
G04,Robotic Miners,1005,Shards,14,1.16e152,G03,G04,108,811,34,33
G04,Robotic Miners,1006,Shards,14,1.92e152,G03,G04,108,811,34,33
G04,Robotic Miners,1007,Shards,14,3.16e152,G03,G04,108,811,34,33
G04,Robotic Miners,1008,Shards,14,5.21e152,G03,G04,108,811,34,33
G04,Robotic Miners,1009,Shards,14,8.60e152,G03,G04,108,811,34,33
G04,Robotic Miners,1010,Shards,14,1.42e153,G03,G04,108,811,34,33
G04,Robotic Miners,1011,Shards,14,2.34e153,G03,G04,108,811,34,33
G04,Robotic Miners,1012,Shards,14,3.87e153,G03,G04,108,811,34,33
G04,Robotic Miners,1013,Shards,14,6.40e153,G03,G04,108,811,34,33
G04,Robotic Miners,1014,Shards,14,1.06e154,G03,G04,108,811,34,33
G04,Robotic Miners,1015,Shards,14,1.75e154,G03,G04,108,811,34,33
G04,Robotic Miners,1016,Shards,14,2.89e154,G03,G04,108,811,34,33
G04,Robotic Miners,1017,Shards,14,4.78e154,G03,G04,108,811,34,33
G04,Robotic Miners,1018,Shards,14,7.91e154,G03,G04,108,811,34,33
G04,Robotic Miners,1019,Shards,14,1.31e155,G03,G04,108,811,34,33
G04,Robotic Miners,1020,Shards,14,2.17e155,G03,G04,108,811,34,33
G04,Robotic Miners,1021,Shards,14,3.59e155,G03,G04,108,811,34,33
G04,Robotic Miners,1022,Shards,14,5.96e155,G03,G04,108,811,34,33
G04,Robotic Miners,1023,Shards,14,9.87e155,G03,G04,108,811,34,33
G04,Robotic Miners,1024,Shards,14,1.64e156,G03,G04,108,811,34,33
G04,Robotic Miners,1025,Shards,14,2.72e156,G03,G04,108,811,34,33
G04,Robotic Miners,1026,Shards,14,4.51e156,G03,G04,108,811,34,33
G04,Robotic Miners,1027,Shards,14,7.48e156,G03,G04,108,811,34,33
G04,Robotic Miners,1028,Shards,14,1.24e157,G03,G04,108,811,34,33
G04,Robotic Miners,1029,Shards,14,2.06e157,G03,G04,108,811,34,33
G04,Robotic Miners,1030,Shards,14,3.43e157,G03,G04,108,811,34,33
G04,Robotic Miners,1031,Shards,14,5.69e157,G03,G04,108,811,34,33
G04,Robotic Miners,1032,Shards,14,9.47e157,G03,G04,108,811,34,33
G04,Robotic Miners,1033,Shards,14,1.57e158,G03,G04,108,811,34,33
G04,Robotic Miners,1034,Shards,14,2.62e158,G03,G04,108,811,34,33
G04,Robotic Miners,1035,Shards,14,4.36e158,G03,G04,108,811,34,33
G04,Robotic Miners,1036,Shards,14,7.26e158,G03,G04,108,811,34,33
G04,Robotic Miners,1037,Shards,14,1.21e159,G03,G04,108,811,34,33
G04,Robotic Miners,1038,Shards,14,2.01e159,G03,G04,108,811,34,33
G04,Robotic Miners,1039,Shards,14,3.35e159,G03,G04,108,811,34,33
G04,Robotic Miners,1040,Shards,14,5.59e159,G03,G04,108,811,34,33
G04,Robotic Miners,1041,Shards,14,9.32e159,G03,G04,108,811,34,33
G04,Robotic Miners,1042,Shards,14,1.55e160,G03,G04,108,811,34,33
G04,Robotic Miners,1043,Shards,14,2.59e160,G03,G04,108,811,34,33
G04,Robotic Miners,1044,Shards,14,4.33e160,G03,G04,108,811,34,33
G04,Robotic Miners,1045,Shards,14,7.23e160,G03,G04,108,811,34,33
G04,Robotic Miners,1046,Shards,14,1.21e161,G03,G04,108,811,34,33
G04,Robotic Miners,1047,Shards,14,2.02e161,G03,G04,108,811,34,33
G04,Robotic Miners,1048,Shards,14,3.37e161,G03,G04,108,811,34,33
G04,Robotic Miners,1049,Shards,14,5.64e161,G03,G04,108,811,34,33
G04,Robotic Miners,1050,Shards,14,9.43e161,G03,G04,108,811,34,33
G04,Robotic Miners,1051,Shards,14,1.58e162,G03,G04,108,811,34,33
G04,Robotic Miners,1052,Shards,14,2.64e162,G03,G04,108,811,34,33
G04,Robotic Miners,1053,Shards,14,4.42e162,G03,G04,108,811,34,33
G04,Robotic Miners,1054,Shards,14,7.40e162,G03,G04,108,811,34,33
G04,Robotic Miners,1055,Shards,14,1.24e163,G03,G04,108,811,34,33
G04,Robotic Miners,1056,Shards,14,2.08e163,G03,G04,108,811,34,33
G04,Robotic Miners,1057,Shards,14,3.48e163,G03,G04,108,811,34,33
G04,Robotic Miners,1058,Shards,14,5.84e163,G03,G04,108,811,34,33
G04,Robotic Miners,1059,Shards,14,9.79e163,G03,G04,108,811,34,33
G04,Robotic Miners,1060,Shards,14,1.64e164,G03,G04,108,811,34,33
G04,Robotic Miners,1061,Shards,14,2.76e164,G03,G04,108,811,34,33
G04,Robotic Miners,1062,Shards,14,4.63e164,G03,G04,108,811,34,33
G04,Robotic Miners,1063,Shards,14,7.77e164,G03,G04,108,811,34,33
G04,Robotic Miners,1064,Shards,14,1.31e165,G03,G04,108,811,34,33
G04,Robotic Miners,1065,Shards,14,2.19e165,G03,G04,108,811,34,33
G04,Robotic Miners,1066,Shards,14,3.69e165,G03,G04,108,811,34,33
G04,Robotic Miners,1067,Shards,14,6.20e165,G03,G04,108,811,34,33
G04,Robotic Miners,1068,Shards,14,1.04e166,G03,G04,108,811,34,33
G04,Robotic Miners,1069,Shards,14,1.76e166,G03,G04,108,811,34,33
G04,Robotic Miners,1070,Shards,14,2.96e166,G03,G04,108,811,34,33
G04,Robotic Miners,1071,Shards,14,4.98e166,G03,G04,108,811,34,33
G04,Robotic Miners,1072,Shards,14,8.38e166,G03,G04,108,811,34,33
G04,Robotic Miners,1073,Shards,14,1.41e167,G03,G04,108,811,34,33
G04,Robotic Miners,1074,Shards,14,2.38e167,G03,G04,108,811,34,33
G04,Robotic Miners,1075,Shards,14,4.01e167,G03,G04,108,811,34,33
G04,Robotic Miners,1076,Shards,14,6.77e167,G03,G04,108,811,34,33
G04,Robotic Miners,1077,Shards,14,1.14e168,G03,G04,108,811,34,33
G04,Robotic Miners,1078,Shards,14,1.93e168,G03,G04,108,811,34,33
G04,Robotic Miners,1079,Shards,14,3.25e168,G03,G04,108,811,34,33
G04,Robotic Miners,1080,Shards,14,5.49e168,G03,G04,108,811,34,33
G04,Robotic Miners,1081,Shards,14,9.28e168,G03,G04,108,811,34,33
G04,Robotic Miners,1082,Shards,14,1.57e169,G03,G04,108,811,34,33
G04,Robotic Miners,1083,Shards,14,2.65e169,G03,G04,108,811,34,33
G04,Robotic Miners,1084,Shards,14,4.48e169,G03,G04,108,811,34,33
G04,Robotic Miners,1085,Shards,14,7.58e169,G03,G04,108,811,34,33
G04,Robotic Miners,1086,Shards,14,1.28e170,G03,G04,108,811,34,33
G04,Robotic Miners,1087,Shards,14,2.17e170,G03,G04,108,811,34,33
G04,Robotic Miners,1088,Shards,14,3.68e170,G03,G04,108,811,34,33
G04,Robotic Miners,1089,Shards,14,6.23e170,G03,G04,108,811,34,33
G04,Robotic Miners,1090,Shards,14,1.06e171,G03,G04,108,811,34,33
G04,Robotic Miners,1091,Shards,14,1.79e171,G03,G04,108,811,34,33
G04,Robotic Miners,1092,Shards,14,3.03e171,G03,G04,108,811,34,33
G04,Robotic Miners,1093,Shards,14,5.14e171,G03,G04,108,811,34,33
G04,Robotic Miners,1094,Shards,14,8.72e171,G03,G04,108,811,34,33
G04,Robotic Miners,1095,Shards,14,1.48e172,G03,G04,108,811,34,33
G04,Robotic Miners,1096,Shards,14,2.51e172,G03,G04,108,811,34,33
G04,Robotic Miners,1097,Shards,14,4.27e172,G03,G04,108,811,34,33
G04,Robotic Miners,1098,Shards,14,7.25e172,G03,G04,108,811,34,33
G04,Robotic Miners,1099,Shards,14,1.23e173,G03,G04,108,811,34,33
G04,Robotic Miners,1100,Shards,14,2.09e173,G03,G04,108,811,34,33
G04,Robotic Miners,1101,Shards,14,3.56e173,G03,G04,108,811,34,33
G04,Robotic Miners,1102,Shards,14,6.05e173,G03,G04,108,811,34,33
G04,Robotic Miners,1103,Shards,14,1.03e174,G03,G04,108,811,34,33
G04,Robotic Miners,1104,Shards,14,1.75e174,G03,G04,108,811,34,33
G04,Robotic Miners,1105,Shards,14,2.98e174,G03,G04,108,811,34,33
G04,Robotic Miners,1106,Shards,14,5.08e174,G03,G04,108,811,34,33
G04,Robotic Miners,1107,Shards,14,8.65e174,G03,G04,108,811,34,33
G04,Robotic Miners,1108,Shards,14,1.47e175,G03,G04,108,811,34,33
G04,Robotic Miners,1109,Shards,14,2.51e175,G03,G04,108,811,34,33
G04,Robotic Miners,1110,Shards,14,4.29e175,G03,G04,108,811,34,33
G04,Robotic Miners,1111,Shards,14,7.31e175,G03,G04,108,811,34,33
G04,Robotic Miners,1112,Shards,14,1.25e176,G03,G04,108,811,34,33
G04,Robotic Miners,1113,Shards,14,2.13e176,G03,G04,108,811,34,33
G04,Robotic Miners,1114,Shards,14,3.64e176,G03,G04,108,811,34,33
G04,Robotic Miners,1115,Shards,14,6.21e176,G03,G04,108,811,34,33
G04,Robotic Miners,1116,Shards,14,1.06e177,G03,G04,108,811,34,33
G04,Robotic Miners,1117,Shards,14,1.81e177,G03,G04,108,811,34,33
G04,Robotic Miners,1118,Shards,14,3.10e177,G03,G04,108,811,34,33
G04,Robotic Miners,1119,Shards,14,5.30e177,G03,G04,108,811,34,33
G04,Robotic Miners,1120,Shards,14,9.07e177,G03,G04,108,811,34,33
G04,Robotic Miners,1121,Shards,14,1.55e178,G03,G04,108,811,34,33
G04,Robotic Miners,1122,Shards,14,2.66e178,G03,G04,108,811,34,33
G04,Robotic Miners,1123,Shards,14,4.55e178,G03,G04,108,811,34,33
G04,Robotic Miners,1124,Shards,14,7.79e178,G03,G04,108,811,34,33
G04,Robotic Miners,1125,Shards,14,1.33e179,G03,G04,108,811,34,33
G04,Robotic Miners,1126,Shards,14,2.29e179,G03,G04,108,811,34,33
G04,Robotic Miners,1127,Shards,14,3.92e179,G03,G04,108,811,34,33
G04,Robotic Miners,1128,Shards,14,6.73e179,G03,G04,108,811,34,33
G04,Robotic Miners,1129,Shards,14,1.15e180,G03,G04,108,811,34,33
G04,Robotic Miners,1130,Shards,14,1.98e180,G03,G04,108,811,34,33
G04,Robotic Miners,1131,Shards,14,3.40e180,G03,G04,108,811,34,33
G04,Robotic Miners,1132,Shards,14,5.84e180,G03,G04,108,811,34,33
G04,Robotic Miners,1133,Shards,14,1.00e181,G03,G04,108,811,34,33
G04,Robotic Miners,1134,Shards,14,1.72e181,G03,G04,108,811,34,33
G04,Robotic Miners,1135,Shards,14,2.96e181,G03,G04,108,811,34,33
G04,Robotic Miners,1136,Shards,14,5.09e181,G03,G04,108,811,34,33
G04,Robotic Miners,1137,Shards,14,8.76e181,G03,G04,108,811,34,33
G04,Robotic Miners,1138,Shards,14,1.51e182,G03,G04,108,811,34,33
G04,Robotic Miners,1139,Shards,14,2.59e182,G03,G04,108,811,34,33
G04,Robotic Miners,1140,Shards,14,4.47e182,G03,G04,108,811,34,33
G04,Robotic Miners,1141,Shards,14,7.69e182,G03,G04,108,811,34,33
G04,Robotic Miners,1142,Shards,14,1.33e183,G03,G04,108,811,34,33
G04,Robotic Miners,1143,Shards,14,2.28e183,G03,G04,108,811,34,33
G04,Robotic Miners,1144,Shards,14,3.94e183,G03,G04,108,811,34,33
G04,Robotic Miners,1145,Shards,14,6.79e183,G03,G04,108,811,34,33
G04,Robotic Miners,1146,Shards,14,1.17e184,G03,G04,108,811,34,33
G04,Robotic Miners,1147,Shards,14,2.02e184,G03,G04,108,811,34,33
G04,Robotic Miners,1148,Shards,14,3.49e184,G03,G04,108,811,34,33
G04,Robotic Miners,1149,Shards,14,6.02e184,G03,G04,108,811,34,33
G04,Robotic Miners,1150,Shards,14,1.04e185,G03,G04,108,811,34,33
G04,Robotic Miners,1151,Shards,14,1.80e185,G03,G04,108,811,34,33
G04,Robotic Miners,1152,Shards,14,3.11e185,G03,G04,108,811,34,33
G04,Robotic Miners,1153,Shards,14,5.37e185,G03,G04,108,811,34,33
G04,Robotic Miners,1154,Shards,14,9.28e185,G03,G04,108,811,34,33
G04,Robotic Miners,1155,Shards,14,1.61e186,G03,G04,108,811,34,33
G04,Robotic Miners,1156,Shards,14,2.78e186,G03,G04,108,811,34,33
G04,Robotic Miners,1157,Shards,14,4.81e186,G03,G04,108,811,34,33
G04,Robotic Miners,1158,Shards,14,8.33e186,G03,G04,108,811,34,33
G04,Robotic Miners,1159,Shards,14,1.44e187,G03,G04,108,811,34,33
G04,Robotic Miners,1160,Shards,14,2.50e187,G03,G04,108,811,34,33
G04,Robotic Miners,1161,Shards,14,4.33e187,G03,G04,108,811,34,33
G04,Robotic Miners,1162,Shards,14,7.51e187,G03,G04,108,811,34,33
G04,Robotic Miners,1163,Shards,14,1.30e188,G03,G04,108,811,34,33
G04,Robotic Miners,1164,Shards,14,2.26e188,G03,G04,108,811,34,33
G04,Robotic Miners,1165,Shards,14,3.92e188,G03,G04,108,811,34,33
G04,Robotic Miners,1166,Shards,14,6.81e188,G03,G04,108,811,34,33
G04,Robotic Miners,1167,Shards,14,1.18e189,G03,G04,108,811,34,33
G04,Robotic Miners,1168,Shards,14,2.05e189,G03,G04,108,811,34,33
G04,Robotic Miners,1169,Shards,14,3.57e189,G03,G04,108,811,34,33
G04,Robotic Miners,1170,Shards,14,6.20e189,G03,G04,108,811,34,33
G04,Robotic Miners,1171,Shards,14,1.08e190,G03,G04,108,811,34,33
G04,Robotic Miners,1172,Shards,14,1.88e190,G03,G04,108,811,34,33
G04,Robotic Miners,1173,Shards,14,3.26e190,G03,G04,108,811,34,33
G04,Robotic Miners,1174,Shards,14,5.68e190,G03,G04,108,811,34,33
G04,Robotic Miners,1175,Shards,14,9.89e190,G03,G04,108,811,34,33
G04,Robotic Miners,1176,Shards,14,1.72e191,G03,G04,108,811,34,33
G04,Robotic Miners,1177,Shards,14,3.00e191,G03,G04,108,811,34,33
G04,Robotic Miners,1178,Shards,14,5.23e191,G03,G04,108,811,34,33
G04,Robotic Miners,1179,Shards,14,9.11e191,G03,G04,108,811,34,33
G04,Robotic Miners,1180,Shards,14,1.59e192,G03,G04,108,811,34,33
G04,Robotic Miners,1181,Shards,14,2.77e192,G03,G04,108,811,34,33
G04,Robotic Miners,1182,Shards,14,4.83e192,G03,G04,108,811,34,33
G04,Robotic Miners,1183,Shards,14,8.44e192,G03,G04,108,811,34,33
G04,Robotic Miners,1184,Shards,14,1.47e193,G03,G04,108,811,34,33
G04,Robotic Miners,1185,Shards,14,2.57e193,G03,G04,108,811,34,33
G04,Robotic Miners,1186,Shards,14,4.49e193,G03,G04,108,811,34,33
G04,Robotic Miners,1187,Shards,14,7.85e193,G03,G04,108,811,34,33
G04,Robotic Miners,1188,Shards,14,1.37e194,G03,G04,108,811,34,33
G04,Robotic Miners,1189,Shards,14,2.40e194,G03,G04,108,811,34,33
G04,Robotic Miners,1190,Shards,14,4.20e194,G03,G04,108,811,34,33
G04,Robotic Miners,1191,Shards,14,7.35e194,G03,G04,108,811,34,33
G04,Robotic Miners,1192,Shards,14,1.29e195,G03,G04,108,811,34,33
G04,Robotic Miners,1193,Shards,14,2.25e195,G03,G04,108,811,34,33
G04,Robotic Miners,1194,Shards,14,3.94e195,G03,G04,108,811,34,33
G04,Robotic Miners,1195,Shards,14,6.91e195,G03,G04,108,811,34,33
G04,Robotic Miners,1196,Shards,14,1.21e196,G03,G04,108,811,34,33
G04,Robotic Miners,1197,Shards,14,2.12e196,G03,G04,108,811,34,33
G04,Robotic Miners,1198,Shards,14,3.72e196,G03,G04,108,811,34,33
G04,Robotic Miners,1199,Shards,14,6.53e196,G03,G04,108,811,34,33
G04,Robotic Miners,1200,Shards,14,1.15e197,G03,G04,108,811,34,33
G04,Robotic Miners,1201,Shards,14,2.01e197,G03,G04,108,811,34,33
G04,Robotic Miners,1202,Shards,14,3.53e197,G03,G04,108,811,34,33
G04,Robotic Miners,1203,Shards,14,6.20e197,G03,G04,108,811,34,33
G04,Robotic Miners,1204,Shards,14,1.09e198,G03,G04,108,811,34,33
G04,Robotic Miners,1205,Shards,14,1.91e198,G03,G04,108,811,34,33
G04,Robotic Miners,1206,Shards,14,3.37e198,G03,G04,108,811,34,33
G04,Robotic Miners,1207,Shards,14,5.92e198,G03,G04,108,811,34,33
G04,Robotic Miners,1208,Shards,14,1.04e199,G03,G04,108,811,34,33
G04,Robotic Miners,1209,Shards,14,1.83e199,G03,G04,108,811,34,33
G04,Robotic Miners,1210,Shards,14,3.22e199,G03,G04,108,811,34,33
G04,Robotic Miners,1211,Shards,14,5.68e199,G03,G04,108,811,34,33
G04,Robotic Miners,1212,Shards,14,1.00e200,G03,G04,108,811,34,33
G04,Robotic Miners,1213,Shards,14,1.76e200,G03,G04,108,811,34,33
G04,Robotic Miners,1214,Shards,14,3.10e200,G03,G04,108,811,34,33
G04,Robotic Miners,1215,Shards,14,5.47e200,G03,G04,108,811,34,33
G04,Robotic Miners,1216,Shards,14,9.65e200,G03,G04,108,811,34,33
G04,Robotic Miners,1217,Shards,14,1.70e201,G03,G04,108,811,34,33
G04,Robotic Miners,1218,Shards,14,3.00e201,G03,G04,108,811,34,33
G04,Robotic Miners,1219,Shards,14,5.30e201,G03,G04,108,811,34,33
G04,Robotic Miners,1220,Shards,14,9.36e201,G03,G04,108,811,34,33
G04,Robotic Miners,1221,Shards,14,1.65e202,G03,G04,108,811,34,33
G04,Robotic Miners,1222,Shards,14,2.92e202,G03,G04,108,811,34,33
G04,Robotic Miners,1223,Shards,14,5.17e202,G03,G04,108,811,34,33
G04,Robotic Miners,1224,Shards,14,9.13e202,G03,G04,108,811,34,33
G04,Robotic Miners,1225,Shards,14,1.61e203,G03,G04,108,811,34,33
G04,Robotic Miners,1226,Shards,14,2.86e203,G03,G04,108,811,34,33
G04,Robotic Miners,1227,Shards,14,5.06e203,G03,G04,108,811,34,33
G04,Robotic Miners,1228,Shards,14,8.95e203,G03,G04,108,811,34,33
G04,Robotic Miners,1229,Shards,14,1.58e204,G03,G04,108,811,34,33
G04,Robotic Miners,1230,Shards,14,2.81e204,G03,G04,108,811,34,33
G04,Robotic Miners,1231,Shards,14,4.97e204,G03,G04,108,811,34,33
G04,Robotic Miners,1232,Shards,14,8.81e204,G03,G04,108,811,34,33
G04,Robotic Miners,1233,Shards,14,1.56e205,G03,G04,108,811,34,33
G04,Robotic Miners,1234,Shards,14,2.77e205,G03,G04,108,811,34,33
G04,Robotic Miners,1235,Shards,14,4.92e205,G03,G04,108,811,34,33
G04,Robotic Miners,1236,Shards,14,8.72e205,G03,G04,108,811,34,33
G04,Robotic Miners,1237,Shards,14,1.55e206,G03,G04,108,811,34,33
G04,Robotic Miners,1238,Shards,14,2.75e206,G03,G04,108,811,34,33
G04,Robotic Miners,1239,Shards,14,4.88e206,G03,G04,108,811,34,33
G04,Robotic Miners,1240,Shards,14,8.68e206,G03,G04,108,811,34,33
G04,Robotic Miners,1241,Shards,14,1.54e207,G03,G04,108,811,34,33
G04,Robotic Miners,1242,Shards,14,2.74e207,G03,G04,108,811,34,33
G04,Robotic Miners,1243,Shards,14,4.88e207,G03,G04,108,811,34,33
G04,Robotic Miners,1244,Shards,14,8.68e207,G03,G04,108,811,34,33
G04,Robotic Miners,1245,Shards,14,1.54e208,G03,G04,108,811,34,33
G04,Robotic Miners,1246,Shards,14,2.75e208,G03,G04,108,811,34,33
G04,Robotic Miners,1247,Shards,14,4.89e208,G03,G04,108,811,34,33
G04,Robotic Miners,1248,Shards,14,8.72e208,G03,G04,108,811,34,33
G04,Robotic Miners,1249,Shards,14,1.55e209,G03,G04,108,811,34,33
G04,Robotic Miners,1250,Shards,14,2.77e209,G03,G04,108,811,34,33
G04,Robotic Miners,1251,Shards,14,4.93e209,G03,G04,108,811,34,33
G04,Robotic Miners,1252,Shards,14,8.80e209,G03,G04,108,811,34,33
G04,Robotic Miners,1253,Shards,14,1.57e210,G03,G04,108,811,34,33
G04,Robotic Miners,1254,Shards,14,2.80e210,G03,G04,108,811,34,33
G04,Robotic Miners,1255,Shards,14,5.00e210,G03,G04,108,811,34,33
G04,Robotic Miners,1256,Shards,14,8.93e210,G03,G04,108,811,34,33
G04,Robotic Miners,1257,Shards,14,1.60e211,G03,G04,108,811,34,33
G04,Robotic Miners,1258,Shards,14,2.85e211,G03,G04,108,811,34,33
G04,Robotic Miners,1259,Shards,14,5.09e211,G03,G04,108,811,34,33
G04,Robotic Miners,1260,Shards,14,9.11e211,G03,G04,108,811,34,33
G04,Robotic Miners,1261,Shards,14,1.63e212,G03,G04,108,811,34,33
G04,Robotic Miners,1262,Shards,14,2.91e212,G03,G04,108,811,34,33
G04,Robotic Miners,1263,Shards,14,5.21e212,G03,G04,108,811,34,33
G04,Robotic Miners,1264,Shards,14,9.33e212,G03,G04,108,811,34,33
G04,Robotic Miners,1265,Shards,14,1.67e213,G03,G04,108,811,34,33
G04,Robotic Miners,1266,Shards,14,2.99e213,G03,G04,108,811,34,33
G04,Robotic Miners,1267,Shards,14,5.36e213,G03,G04,108,811,34,33
G04,Robotic Miners,1268,Shards,14,9.61e213,G03,G04,108,811,34,33
G04,Robotic Miners,1269,Shards,14,1.72e214,G03,G04,108,811,34,33
G04,Robotic Miners,1270,Shards,14,3.09e214,G03,G04,108,811,34,33
G04,Robotic Miners,1271,Shards,14,5.54e214,G03,G04,108,811,34,33
G04,Robotic Miners,1272,Shards,14,9.95e214,G03,G04,108,811,34,33
G04,Robotic Miners,1273,Shards,14,1.79e215,G03,G04,108,811,34,33
G04,Robotic Miners,1274,Shards,14,3.21e215,G03,G04,108,811,34,33
G04,Robotic Miners,1275,Shards,14,5.76e215,G03,G04,108,811,34,33
G04,Robotic Miners,1276,Shards,14,1.03e216,G03,G04,108,811,34,33
G04,Robotic Miners,1277,Shards,14,1.86e216,G03,G04,108,811,34,33
G04,Robotic Miners,1278,Shards,14,3.34e216,G03,G04,108,811,34,33
G04,Robotic Miners,1279,Shards,14,6.01e216,G03,G04,108,811,34,33
G04,Robotic Miners,1280,Shards,14,1.08e217,G03,G04,108,811,34,33
G04,Robotic Miners,1281,Shards,14,1.95e217,G03,G04,108,811,34,33
G04,Robotic Miners,1282,Shards,14,3.50e217,G03,G04,108,811,34,33
G04,Robotic Miners,1283,Shards,14,6.31e217,G03,G04,108,811,34,33
G04,Robotic Miners,1284,Shards,14,1.14e218,G03,G04,108,811,34,33
G04,Robotic Miners,1285,Shards,14,2.05e218,G03,G04,108,811,34,33
G04,Robotic Miners,1286,Shards,14,3.69e218,G03,G04,108,811,34,33
G04,Robotic Miners,1287,Shards,14,6.65e218,G03,G04,108,811,34,33
G04,Robotic Miners,1288,Shards,14,1.20e219,G03,G04,108,811,34,33
G04,Robotic Miners,1289,Shards,14,2.16e219,G03,G04,108,811,34,33
G04,Robotic Miners,1290,Shards,14,3.90e219,G03,G04,108,811,34,33
G04,Robotic Miners,1291,Shards,14,7.05e219,G03,G04,108,811,34,33
G04,Robotic Miners,1292,Shards,14,1.27e220,G03,G04,108,811,34,33
G04,Robotic Miners,1293,Shards,14,2.30e220,G03,G04,108,811,34,33
G04,Robotic Miners,1294,Shards,14,4.15e220,G03,G04,108,811,34,33
G04,Robotic Miners,1295,Shards,14,7.50e220,G03,G04,108,811,34,33
G04,Robotic Miners,1296,Shards,14,1.36e221,G03,G04,108,811,34,33
G04,Robotic Miners,1297,Shards,14,2.45e221,G03,G04,108,811,34,33
G04,Robotic Miners,1298,Shards,14,4.44e221,G03,G04,108,811,34,33
G04,Robotic Miners,1299,Shards,14,8.03e221,G03,G04,108,811,34,33
G04,Robotic Miners,1300,Shards,14,1.45e222,G03,G04,108,811,34,33
G04,Robotic Miners,1301,Shards,14,2.63e222,G03,G04,108,811,34,33
G04,Robotic Miners,1302,Shards,14,4.77e222,G03,G04,108,811,34,33
G04,Robotic Miners,1303,Shards,14,8.63e222,G03,G04,108,811,34,33
G04,Robotic Miners,1304,Shards,14,1.56e223,G03,G04,108,811,34,33
G04,Robotic Miners,1305,Shards,14,2.84e223,G03,G04,108,811,34,33
G04,Robotic Miners,1306,Shards,14,5.14e223,G03,G04,108,811,34,33
G04,Robotic Miners,1307,Shards,14,9.33e223,G03,G04,108,811,34,33
G04,Robotic Miners,1308,Shards,14,1.69e224,G03,G04,108,811,34,33
G04,Robotic Miners,1309,Shards,14,3.07e224,G03,G04,108,811,34,33
G04,Robotic Miners,1310,Shards,14,5.58e224,G03,G04,108,811,34,33
G04,Robotic Miners,1311,Shards,14,1.01e225,G03,G04,108,811,34,33
G04,Robotic Miners,1312,Shards,14,1.84e225,G03,G04,108,811,34,33
G04,Robotic Miners,1313,Shards,14,3.34e225,G03,G04,108,811,34,33
G04,Robotic Miners,1314,Shards,14,6.08e225,G03,G04,108,811,34,33
G04,Robotic Miners,1315,Shards,14,1.11e226,G03,G04,108,811,34,33
G04,Robotic Miners,1316,Shards,14,2.01e226,G03,G04,108,811,34,33
G04,Robotic Miners,1317,Shards,14,3.66e226,G03,G04,108,811,34,33
G04,Robotic Miners,1318,Shards,14,6.66e226,G03,G04,108,811,34,33
G04,Robotic Miners,1319,Shards,14,1.21e227,G03,G04,108,811,34,33
G04,Robotic Miners,1320,Shards,14,2.21e227,G03,G04,108,811,34,33
G04,Robotic Miners,1321,Shards,14,4.02e227,G03,G04,108,811,34,33
G04,Robotic Miners,1322,Shards,14,7.33e227,G03,G04,108,811,34,33
G04,Robotic Miners,1323,Shards,14,1.34e228,G03,G04,108,811,34,33
G04,Robotic Miners,1324,Shards,14,2.44e228,G03,G04,108,811,34,33
G04,Robotic Miners,1325,Shards,14,4.44e228,G03,G04,108,811,34,33
G04,Robotic Miners,1326,Shards,14,8.10e228,G03,G04,108,811,34,33
G04,Robotic Miners,1327,Shards,14,1.48e229,G03,G04,108,811,34,33
G04,Robotic Miners,1328,Shards,14,2.70e229,G03,G04,108,811,34,33
G04,Robotic Miners,1329,Shards,14,4.93e229,G03,G04,108,811,34,33
G04,Robotic Miners,1330,Shards,14,9.01e229,G03,G04,108,811,34,33
G04,Robotic Miners,1331,Shards,14,1.65e230,G03,G04,108,811,34,33
G04,Robotic Miners,1332,Shards,14,3.01e230,G03,G04,108,811,34,33
G04,Robotic Miners,1333,Shards,14,5.50e230,G03,G04,108,811,34,33
G04,Robotic Miners,1334,Shards,14,1.01e231,G03,G04,108,811,34,33
G04,Robotic Miners,1335,Shards,14,1.84e231,G03,G04,108,811,34,33
G04,Robotic Miners,1336,Shards,14,3.37e231,G03,G04,108,811,34,33
G04,Robotic Miners,1337,Shards,14,6.16e231,G03,G04,108,811,34,33
G04,Robotic Miners,1338,Shards,14,1.13e232,G03,G04,108,811,34,33
G04,Robotic Miners,1339,Shards,14,2.07e232,G03,G04,108,811,34,33
G04,Robotic Miners,1340,Shards,14,3.79e232,G03,G04,108,811,34,33
G04,Robotic Miners,1341,Shards,14,6.94e232,G03,G04,108,811,34,33
G04,Robotic Miners,1342,Shards,14,1.27e233,G03,G04,108,811,34,33
G04,Robotic Miners,1343,Shards,14,2.33e233,G03,G04,108,811,34,33
G04,Robotic Miners,1344,Shards,14,4.28e233,G03,G04,108,811,34,33
G04,Robotic Miners,1345,Shards,14,7.86e233,G03,G04,108,811,34,33
G04,Robotic Miners,1346,Shards,14,1.44e234,G03,G04,108,811,34,33
G04,Robotic Miners,1347,Shards,14,2.65e234,G03,G04,108,811,34,33
G04,Robotic Miners,1348,Shards,14,4.86e234,G03,G04,108,811,34,33
G04,Robotic Miners,1349,Shards,14,8.94e234,G03,G04,108,811,34,33
G04,Robotic Miners,1350,Shards,14,1.64e235,G03,G04,108,811,34,33
G04,Robotic Miners,1351,Shards,14,3.02e235,G03,G04,108,811,34,33
G04,Robotic Miners,1352,Shards,14,5.55e235,G03,G04,108,811,34,33
G04,Robotic Miners,1353,Shards,14,1.02e236,G03,G04,108,811,34,33
G04,Robotic Miners,1354,Shards,14,1.88e236,G03,G04,108,811,34,33
G04,Robotic Miners,1355,Shards,14,3.46e236,G03,G04,108,811,34,33
G04,Robotic Miners,1356,Shards,14,6.37e236,G03,G04,108,811,34,33
G04,Robotic Miners,1357,Shards,14,1.17e237,G03,G04,108,811,34,33
G04,Robotic Miners,1358,Shards,14,2.16e237,G03,G04,108,811,34,33
G04,Robotic Miners,1359,Shards,14,3.98e237,G03,G04,108,811,34,33
G04,Robotic Miners,1360,Shards,14,7.34e237,G03,G04,108,811,34,33
G04,Robotic Miners,1361,Shards,14,1.35e238,G03,G04,108,811,34,33
G04,Robotic Miners,1362,Shards,14,2.50e238,G03,G04,108,811,34,33
G04,Robotic Miners,1363,Shards,14,4.61e238,G03,G04,108,811,34,33
G04,Robotic Miners,1364,Shards,14,8.50e238,G03,G04,108,811,34,33
G04,Robotic Miners,1365,Shards,14,1.57e239,G03,G04,108,811,34,33
G04,Robotic Miners,1366,Shards,14,2.90e239,G03,G04,108,811,34,33
G04,Robotic Miners,1367,Shards,14,5.35e239,G03,G04,108,811,34,33
G04,Robotic Miners,1368,Shards,14,9.89e239,G03,G04,108,811,34,33
G04,Robotic Miners,1369,Shards,14,1.83e240,G03,G04,108,811,34,33
G04,Robotic Miners,1370,Shards,14,3.38e240,G03,G04,108,811,34,33
G04,Robotic Miners,1371,Shards,14,6.25e240,G03,G04,108,811,34,33
G04,Robotic Miners,1372,Shards,14,1.16e241,G03,G04,108,811,34,33
G04,Robotic Miners,1373,Shards,14,2.14e241,G03,G04,108,811,34,33
G04,Robotic Miners,1374,Shards,14,3.96e241,G03,G04,108,811,34,33
G04,Robotic Miners,1375,Shards,14,7.34e241,G03,G04,108,811,34,33
G04,Robotic Miners,1376,Shards,14,1.36e242,G03,G04,108,811,34,33
G04,Robotic Miners,1377,Shards,14,2.52e242,G03,G04,108,811,34,33
G04,Robotic Miners,1378,Shards,14,4.67e242,G03,G04,108,811,34,33
G04,Robotic Miners,1379,Shards,14,8.65e242,G03,G04,108,811,34,33
G04,Robotic Miners,1380,Shards,14,1.60e243,G03,G04,108,811,34,33
G04,Robotic Miners,1381,Shards,14,2.98e243,G03,G04,108,811,34,33
G04,Robotic Miners,1382,Shards,14,5.52e243,G03,G04,108,811,34,33
G04,Robotic Miners,1383,Shards,14,1.03e244,G03,G04,108,811,34,33
G04,Robotic Miners,1384,Shards,14,1.90e244,G03,G04,108,811,34,33
G04,Robotic Miners,1385,Shards,14,3.54e244,G03,G04,108,811,34,33
G04,Robotic Miners,1386,Shards,14,6.57e244,G03,G04,108,811,34,33
G04,Robotic Miners,1387,Shards,14,1.22e245,G03,G04,108,811,34,33
G04,Robotic Miners,1388,Shards,14,2.27e245,G03,G04,108,811,34,33
G04,Robotic Miners,1389,Shards,14,4.22e245,G03,G04,108,811,34,33
G04,Robotic Miners,1390,Shards,14,7.85e245,G03,G04,108,811,34,33
G04,Robotic Miners,1391,Shards,14,1.46e246,G03,G04,108,811,34,33
G04,Robotic Miners,1392,Shards,14,2.72e246,G03,G04,108,811,34,33
G04,Robotic Miners,1393,Shards,14,5.06e246,G03,G04,108,811,34,33
G04,Robotic Miners,1394,Shards,14,9.43e246,G03,G04,108,811,34,33
G04,Robotic Miners,1395,Shards,14,1.76e247,G03,G04,108,811,34,33
G04,Robotic Miners,1396,Shards,14,3.27e247,G03,G04,108,811,34,33
G04,Robotic Miners,1397,Shards,14,6.10e247,G03,G04,108,811,34,33
G04,Robotic Miners,1398,Shards,14,1.14e248,G03,G04,108,811,34,33
G04,Robotic Miners,1399,Shards,14,2.12e248,G03,G04,108,811,34,33
G04,Robotic Miners,1400,Shards,14,3.96e248,G03,G04,108,811,34,33
G04,Robotic Miners,1401,Shards,14,7.38e248,G03,G04,108,811,34,33
G04,Robotic Miners,1402,Shards,14,1.38e249,G03,G04,108,811,34,33
G04,Robotic Miners,1403,Shards,14,2.57e249,G03,G04,108,811,34,33
G04,Robotic Miners,1404,Shards,14,4.81e249,G03,G04,108,811,34,33
G04,Robotic Miners,1405,Shards,14,8.98e249,G03,G04,108,811,34,33
G04,Robotic Miners,1406,Shards,14,1.68e250,G03,G04,108,811,34,33
G04,Robotic Miners,1407,Shards,14,3.14e250,G03,G04,108,811,34,33
G04,Robotic Miners,1408,Shards,14,5.87e250,G03,G04,108,811,34,33
G04,Robotic Miners,1409,Shards,14,1.10e251,G03,G04,108,811,34,33
G04,Robotic Miners,1410,Shards,14,2.06e251,G03,G04,108,811,34,33
G04,Robotic Miners,1411,Shards,14,3.85e251,G03,G04,108,811,34,33
G04,Robotic Miners,1412,Shards,14,7.20e251,G03,G04,108,811,34,33
G04,Robotic Miners,1413,Shards,14,1.35e252,G03,G04,108,811,34,33
G04,Robotic Miners,1414,Shards,14,2.53e252,G03,G04,108,811,34,33
G04,Robotic Miners,1415,Shards,14,4.74e252,G03,G04,108,811,34,33
G04,Robotic Miners,1416,Shards,14,8.88e252,G03,G04,108,811,34,33
G04,Robotic Miners,1417,Shards,14,1.67e253,G03,G04,108,811,34,33
G04,Robotic Miners,1418,Shards,14,3.12e253,G03,G04,108,811,34,33
G04,Robotic Miners,1419,Shards,14,5.86e253,G03,G04,108,811,34,33
G04,Robotic Miners,1420,Shards,14,1.10e254,G03,G04,108,811,34,33
G04,Robotic Miners,1421,Shards,14,2.06e254,G03,G04,108,811,34,33
G04,Robotic Miners,1422,Shards,14,3.88e254,G03,G04,108,811,34,33
G04,Robotic Miners,1423,Shards,14,7.28e254,G03,G04,108,811,34,33
G04,Robotic Miners,1424,Shards,14,1.37e255,G03,G04,108,811,34,33
G04,Robotic Miners,1425,Shards,14,2.57e255,G03,G04,108,811,34,33
G04,Robotic Miners,1426,Shards,14,4.84e255,G03,G04,108,811,34,33
G04,Robotic Miners,1427,Shards,14,9.10e255,G03,G04,108,811,34,33
G04,Robotic Miners,1428,Shards,14,1.71e256,G03,G04,108,811,34,33
G04,Robotic Miners,1429,Shards,14,3.22e256,G03,G04,108,811,34,33
G04,Robotic Miners,1430,Shards,14,6.06e256,G03,G04,108,811,34,33
G04,Robotic Miners,1431,Shards,14,1.14e257,G03,G04,108,811,34,33
G04,Robotic Miners,1432,Shards,14,2.15e257,G03,G04,108,811,34,33
G04,Robotic Miners,1433,Shards,14,4.05e257,G03,G04,108,811,34,33
G04,Robotic Miners,1434,Shards,14,7.64e257,G03,G04,108,811,34,33
G04,Robotic Miners,1435,Shards,14,1.44e258,G03,G04,108,811,34,33
G04,Robotic Miners,1436,Shards,14,2.71e258,G03,G04,108,811,34,33
G04,Robotic Miners,1437,Shards,14,5.12e258,G03,G04,108,811,34,33
G04,Robotic Miners,1438,Shards,14,9.66e258,G03,G04,108,811,34,33
G04,Robotic Miners,1439,Shards,14,1.82e259,G03,G04,108,811,34,33
G04,Robotic Miners,1440,Shards,14,3.44e259,G03,G04,108,811,34,33
G04,Robotic Miners,1441,Shards,14,6.50e259,G03,G04,108,811,34,33
G04,Robotic Miners,1442,Shards,14,1.23e260,G03,G04,108,811,34,33
G04,Robotic Miners,1443,Shards,14,2.32e260,G03,G04,108,811,34,33
G04,Robotic Miners,1444,Shards,14,4.39e260,G03,G04,108,811,34,33
G04,Robotic Miners,1445,Shards,14,8.30e260,G03,G04,108,811,34,33
G04,Robotic Miners,1446,Shards,14,1.57e261,G03,G04,108,811,34,33
G04,Robotic Miners,1447,Shards,14,2.97e261,G03,G04,108,811,34,33
G04,Robotic Miners,1448,Shards,14,5.62e261,G03,G04,108,811,34,33
G04,Robotic Miners,1449,Shards,14,1.06e262,G03,G04,108,811,34,33
G04,Robotic Miners,1450,Shards,14,2.01e262,G03,G04,108,811,34,33
G04,Robotic Miners,1451,Shards,14,3.82e262,G03,G04,108,811,34,33
G04,Robotic Miners,1452,Shards,14,7.23e262,G03,G04,108,811,34,33
G04,Robotic Miners,1453,Shards,14,1.37e263,G03,G04,108,811,34,33
G04,Robotic Miners,1454,Shards,14,2.60e263,G03,G04,108,811,34,33
G04,Robotic Miners,1455,Shards,14,4.93e263,G03,G04,108,811,34,33
G04,Robotic Miners,1456,Shards,14,9.35e263,G03,G04,108,811,34,33
G04,Robotic Miners,1457,Shards,14,1.77e264,G03,G04,108,811,34,33
G04,Robotic Miners,1458,Shards,14,3.37e264,G03,G04,108,811,34,33
G04,Robotic Miners,1459,Shards,14,6.39e264,G03,G04,108,811,34,33
G04,Robotic Miners,1460,Shards,14,1.21e265,G03,G04,108,811,34,33
G04,Robotic Miners,1461,Shards,14,2.31e265,G03,G04,108,811,34,33
G04,Robotic Miners,1462,Shards,14,4.38e265,G03,G04,108,811,34,33
G04,Robotic Miners,1463,Shards,14,8.33e265,G03,G04,108,811,34,33
G04,Robotic Miners,1464,Shards,14,1.58e266,G03,G04,108,811,34,33
G04,Robotic Miners,1465,Shards,14,3.01e266,G03,G04,108,811,34,33
G04,Robotic Miners,1466,Shards,14,5.73e266,G03,G04,108,811,34,33
G04,Robotic Miners,1467,Shards,14,1.09e267,G03,G04,108,811,34,33
G04,Robotic Miners,1468,Shards,14,2.08e267,G03,G04,108,811,34,33
G04,Robotic Miners,1469,Shards,14,3.95e267,G03,G04,108,811,34,33
G04,Robotic Miners,1470,Shards,14,7.53e267,G03,G04,108,811,34,33
G04,Robotic Miners,1471,Shards,14,1.44e268,G03,G04,108,811,34,33
G04,Robotic Miners,1472,Shards,14,2.74e268,G03,G04,108,811,34,33
G04,Robotic Miners,1473,Shards,14,5.22e268,G03,G04,108,811,34,33
G04,Robotic Miners,1474,Shards,14,9.95e268,G03,G04,108,811,34,33
G04,Robotic Miners,1475,Shards,14,1.90e269,G03,G04,108,811,34,33
G04,Robotic Miners,1476,Shards,14,3.62e269,G03,G04,108,811,34,33
G04,Robotic Miners,1477,Shards,14,6.91e269,G03,G04,108,811,34,33
G04,Robotic Miners,1478,Shards,14,1.32e270,G03,G04,108,811,34,33
G04,Robotic Miners,1479,Shards,14,2.52e270,G03,G04,108,811,34,33
G04,Robotic Miners,1480,Shards,14,4.81e270,G03,G04,108,811,34,33
G04,Robotic Miners,1481,Shards,14,9.20e270,G03,G04,108,811,34,33
G04,Robotic Miners,1482,Shards,14,1.76e271,G03,G04,108,811,34,33
G04,Robotic Miners,1483,Shards,14,3.36e271,G03,G04,108,811,34,33
G04,Robotic Miners,1484,Shards,14,6.43e271,G03,G04,108,811,34,33
G04,Robotic Miners,1485,Shards,14,1.23e272,G03,G04,108,811,34,33
G04,Robotic Miners,1486,Shards,14,2.36e272,G03,G04,108,811,34,33
G04,Robotic Miners,1487,Shards,14,4.51e272,G03,G04,108,811,34,33
G04,Robotic Miners,1488,Shards,14,8.63e272,G03,G04,108,811,34,33
G04,Robotic Miners,1489,Shards,14,1.65e273,G03,G04,108,811,34,33
G04,Robotic Miners,1490,Shards,14,3.17e273,G03,G04,108,811,34,33
G04,Robotic Miners,1491,Shards,14,6.07e273,G03,G04,108,811,34,33
G04,Robotic Miners,1492,Shards,14,1.16e274,G03,G04,108,811,34,33
G04,Robotic Miners,1493,Shards,14,2.23e274,G03,G04,108,811,34,33
G04,Robotic Miners,1494,Shards,14,4.28e274,G03,G04,108,811,34,33
G04,Robotic Miners,1495,Shards,14,8.22e274,G03,G04,108,811,34,33
G04,Robotic Miners,1496,Shards,14,1.58e275,G03,G04,108,811,34,33
G04,Robotic Miners,1497,Shards,14,3.03e275,G03,G04,108,811,34,33
G04,Robotic Miners,1498,Shards,14,5.82e275,G03,G04,108,811,34,33
G04,Robotic Miners,1499,Shards,14,1.12e276,G03,G04,108,811,34,33
G04,Robotic Miners,1500,Shards,14,2.15e276,G03,G04,108,811,34,33
G04,Robotic Miners,1501,Shards,14,4.13e276,G03,G04,108,811,34,33
G04,Robotic Miners,1502,Shards,14,7.94e276,G03,G04,108,811,34,33
G04,Robotic Miners,1503,Shards,14,1.53e277,G03,G04,108,811,34,33
G04,Robotic Miners,1504,Shards,14,2.94e277,G03,G04,108,811,34,33
G04,Robotic Miners,1505,Shards,14,5.65e277,G03,G04,108,811,34,33
G04,Robotic Miners,1506,Shards,14,1.09e278,G03,G04,108,811,34,33
G04,Robotic Miners,1507,Shards,14,2.10e278,G03,G04,108,811,34,33
G04,Robotic Miners,1508,Shards,14,4.04e278,G03,G04,108,811,34,33
G04,Robotic Miners,1509,Shards,14,7.78e278,G03,G04,108,811,34,33
G04,Robotic Miners,1510,Shards,14,1.50e279,G03,G04,108,811,34,33
G04,Robotic Miners,1511,Shards,14,2.89e279,G03,G04,108,811,34,33
G04,Robotic Miners,1512,Shards,14,5.57e279,G03,G04,108,811,34,33
G04,Robotic Miners,1513,Shards,14,1.07e280,G03,G04,108,811,34,33
G04,Robotic Miners,1514,Shards,14,2.07e280,G03,G04,108,811,34,33
G04,Robotic Miners,1515,Shards,14,4.00e280,G03,G04,108,811,34,33
G04,Robotic Miners,1516,Shards,14,7.73e280,G03,G04,108,811,34,33
G04,Robotic Miners,1517,Shards,14,1.49e281,G03,G04,108,811,34,33
G04,Robotic Miners,1518,Shards,14,2.88e281,G03,G04,108,811,34,33
G04,Robotic Miners,1519,Shards,14,5.57e281,G03,G04,108,811,34,33
G04,Robotic Miners,1520,Shards,14,1.08e282,G03,G04,108,811,34,33
G04,Robotic Miners,1521,Shards,14,2.08e282,G03,G04,108,811,34,33
G04,Robotic Miners,1522,Shards,14,4.03e282,G03,G04,108,811,34,33
G04,Robotic Miners,1523,Shards,14,7.79e282,G03,G04,108,811,34,33
G04,Robotic Miners,1524,Shards,14,1.51e283,G03,G04,108,811,34,33
G04,Robotic Miners,1525,Shards,14,2.92e283,G03,G04,108,811,34,33
G04,Robotic Miners,1526,Shards,14,5.65e283,G03,G04,108,811,34,33
G04,Robotic Miners,1527,Shards,14,1.09e284,G03,G04,108,811,34,33
G04,Robotic Miners,1528,Shards,14,2.12e284,G03,G04,108,811,34,33
G04,Robotic Miners,1529,Shards,14,4.11e284,G03,G04,108,811,34,33
G04,Robotic Miners,1530,Shards,14,7.96e284,G03,G04,108,811,34,33
G04,Robotic Miners,1531,Shards,14,1.54e285,G03,G04,108,811,34,33
G04,Robotic Miners,1532,Shards,14,3.00e285,G03,G04,108,811,34,33
G04,Robotic Miners,1533,Shards,14,5.81e285,G03,G04,108,811,34,33
G04,Robotic Miners,1534,Shards,14,1.13e286,G03,G04,108,811,34,33
G04,Robotic Miners,1535,Shards,14,2.19e286,G03,G04,108,811,34,33
G04,Robotic Miners,1536,Shards,14,4.25e286,G03,G04,108,811,34,33
G04,Robotic Miners,1537,Shards,14,8.26e286,G03,G04,108,811,34,33
G04,Robotic Miners,1538,Shards,14,1.60e287,G03,G04,108,811,34,33
G04,Robotic Miners,1539,Shards,14,3.12e287,G03,G04,108,811,34,33
G04,Robotic Miners,1540,Shards,14,6.06e287,G03,G04,108,811,34,33
G04,Robotic Miners,1541,Shards,14,1.18e288,G03,G04,108,811,34,33
G04,Robotic Miners,1542,Shards,14,2.29e288,G03,G04,108,811,34,33
G04,Robotic Miners,1543,Shards,14,4.46e288,G03,G04,108,811,34,33
G04,Robotic Miners,1544,Shards,14,8.69e288,G03,G04,108,811,34,33
G04,Robotic Miners,1545,Shards,14,1.69e289,G03,G04,108,811,34,33
G04,Robotic Miners,1546,Shards,14,3.29e289,G03,G04,108,811,34,33
G04,Robotic Miners,1547,Shards,14,6.42e289,G03,G04,108,811,34,33
G04,Robotic Miners,1548,Shards,14,1.25e290,G03,G04,108,811,34,33
G04,Robotic Miners,1549,Shards,14,2.44e290,G03,G04,108,811,34,33
G04,Robotic Miners,1550,Shards,14,4.75e290,G03,G04,108,811,34,33
G04,Robotic Miners,1551,Shards,14,9.27e290,G03,G04,108,811,34,33
G04,Robotic Miners,1552,Shards,14,1.81e291,G03,G04,108,811,34,33
G04,Robotic Miners,1553,Shards,14,3.53e291,G03,G04,108,811,34,33
G04,Robotic Miners,1554,Shards,14,6.89e291,G03,G04,108,811,34,33
G04,Robotic Miners,1555,Shards,14,1.35e292,G03,G04,108,811,34,33
G04,Robotic Miners,1556,Shards,14,2.63e292,G03,G04,108,811,34,33
G04,Robotic Miners,1557,Shards,14,5.13e292,G03,G04,108,811,34,33
G04,Robotic Miners,1558,Shards,14,1.00e293,G03,G04,108,811,34,33
G04,Robotic Miners,1559,Shards,14,1.96e293,G03,G04,108,811,34,33
G04,Robotic Miners,1560,Shards,14,3.83e293,G03,G04,108,811,34,33
G04,Robotic Miners,1561,Shards,14,7.50e293,G03,G04,108,811,34,33
G04,Robotic Miners,1562,Shards,14,1.47e294,G03,G04,108,811,34,33
G04,Robotic Miners,1563,Shards,14,2.87e294,G03,G04,108,811,34,33
G04,Robotic Miners,1564,Shards,14,5.62e294,G03,G04,108,811,34,33
G04,Robotic Miners,1565,Shards,14,1.10e295,G03,G04,108,811,34,33
G04,Robotic Miners,1566,Shards,14,2.16e295,G03,G04,108,811,34,33
G04,Robotic Miners,1567,Shards,14,4.22e295,G03,G04,108,811,34,33
G04,Robotic Miners,1568,Shards,14,8.28e295,G03,G04,108,811,34,33
G04,Robotic Miners,1569,Shards,14,1.62e296,G03,G04,108,811,34,33
G04,Robotic Miners,1570,Shards,14,3.18e296,G03,G04,108,811,34,33
G04,Robotic Miners,1571,Shards,14,6.24e296,G03,G04,108,811,34,33
G04,Robotic Miners,1572,Shards,14,1.23e297,G03,G04,108,811,34,33
G04,Robotic Miners,1573,Shards,14,2.40e297,G03,G04,108,811,34,33
G04,Robotic Miners,1574,Shards,14,4.72e297,G03,G04,108,811,34,33
G04,Robotic Miners,1575,Shards,14,9.27e297,G03,G04,108,811,34,33
G04,Robotic Miners,1576,Shards,14,1.82e298,G03,G04,108,811,34,33
G04,Robotic Miners,1577,Shards,14,3.58e298,G03,G04,108,811,34,33
G04,Robotic Miners,1578,Shards,14,7.04e298,G03,G04,108,811,34,33
G04,Robotic Miners,1579,Shards,14,1.38e299,G03,G04,108,811,34,33
G04,Robotic Miners,1580,Shards,14,2.72e299,G03,G04,108,811,34,33
G04,Robotic Miners,1581,Shards,14,5.35e299,G03,G04,108,811,34,33
G04,Robotic Miners,1582,Shards,14,1.05e300,G03,G04,108,811,34,33
G04,Robotic Miners,1583,Shards,14,2.07e300,G03,G04,108,811,34,33
G04,Robotic Miners,1584,Shards,14,4.08e300,G03,G04,108,811,34,33
G04,Robotic Miners,1585,Shards,14,8.04e300,G03,G04,108,811,34,33
G04,Robotic Miners,1586,Shards,14,1.58e301,G03,G04,108,811,34,33
G04,Robotic Miners,1587,Shards,14,3.12e301,G03,G04,108,811,34,33
G04,Robotic Miners,1588,Shards,14,6.15e301,G03,G04,108,811,34,33
G04,Robotic Miners,1589,Shards,14,1.21e302,G03,G04,108,811,34,33
G04,Robotic Miners,1590,Shards,14,2.39e302,G03,G04,108,811,34,33
G04,Robotic Miners,1591,Shards,14,4.72e302,G03,G04,108,811,34,33
G04,Robotic Miners,1592,Shards,14,9.31e302,G03,G04,108,811,34,33
G04,Robotic Miners,1593,Shards,14,1.84e303,G03,G04,108,811,34,33
G04,Robotic Miners,1594,Shards,14,3.63e303,G03,G04,108,811,34,33
G04,Robotic Miners,1595,Shards,14,7.17e303,G03,G04,108,811,34,33
G04,Robotic Miners,1596,Shards,14,1.42e304,G03,G04,108,811,34,33
G04,Robotic Miners,1597,Shards,14,2.80e304,G03,G04,108,811,34,33
G04,Robotic Miners,1598,Shards,14,5.53e304,G03,G04,108,811,34,33
G04,Robotic Miners,1599,Shards,14,1.09e305,G03,G04,108,811,34,33
G04,Robotic Miners,1600,Shards,14,2.16e305,G03,G04,108,811,34,33
G04,Robotic Miners,1601,Shards,14,4.28e305,G03,G04,108,811,34,33
G04,Robotic Miners,1602,Shards,14,8.48e305,G03,G04,108,811,34,33
G04,Robotic Miners,1603,Shards,14,1.68e306,G03,G04,108,811,34,33
G04,Robotic Miners,1604,Shards,14,3.32e306,G03,G04,108,811,34,33
G04,Robotic Miners,1605,Shards,14,6.58e306,G03,G04,108,811,34,33
G04,Robotic Miners,1606,Shards,14,1.30e307,G03,G04,108,811,34,33
G04,Robotic Miners,1607,Shards,14,2.58e307,G03,G04,108,811,34,33
G04,Robotic Miners,1608,Shards,14,5.12e307,G03,G04,108,811,34,33
G04,Robotic Miners,1609,Shards,14,1.02e308,G03,G04,108,811,34,33
G04,Robotic Miners,1610,Shards,14,2.02e308,G03,G04,108,811,34,33
G04,Robotic Miners,1611,Shards,14,4.00e308,G03,G04,108,811,34,33
G04,Robotic Miners,1612,Shards,14,7.94e308,G03,G04,108,811,34,33
G04,Robotic Miners,1613,Shards,14,1.58e309,G03,G04,108,811,34,33
G04,Robotic Miners,1614,Shards,14,3.13e309,G03,G04,108,811,34,33
G04,Robotic Miners,1615,Shards,14,6.22e309,G03,G04,108,811,34,33
G04,Robotic Miners,1616,Shards,14,1.23e310,G03,G04,108,811,34,33
G04,Robotic Miners,1617,Shards,14,2.45e310,G03,G04,108,811,34,33
G04,Robotic Miners,1618,Shards,14,4.88e310,G03,G04,108,811,34,33
G04,Robotic Miners,1619,Shards,14,9.70e310,G03,G04,108,811,34,33
G04,Robotic Miners,1620,Shards,14,1.93e311,G03,G04,108,811,34,33
G04,Robotic Miners,1621,Shards,14,3.84e311,G03,G04,108,811,34,33
G04,Robotic Miners,1622,Shards,14,7.65e311,G03,G04,108,811,34,33
G04,Robotic Miners,1623,Shards,14,1.52e312,G03,G04,108,811,34,33
G04,Robotic Miners,1624,Shards,14,3.03e312,G03,G04,108,811,34,33
G04,Robotic Miners,1625,Shards,14,6.04e312,G03,G04,108,811,34,33
G04,Robotic Miners,1626,Shards,14,1.20e313,G03,G04,108,811,34,33
G04,Robotic Miners,1627,Shards,14,2.40e313,G03,G04,108,811,34,33
G04,Robotic Miners,1628,Shards,14,4.78e313,G03,G04,108,811,34,33
G04,Robotic Miners,1629,Shards,14,9.54e313,G03,G04,108,811,34,33
G04,Robotic Miners,1630,Shards,14,1.90e314,G03,G04,108,811,34,33
G04,Robotic Miners,1631,Shards,14,3.80e314,G03,G04,108,811,34,33
G04,Robotic Miners,1632,Shards,14,7.58e314,G03,G04,108,811,34,33
G04,Robotic Miners,1633,Shards,14,1.51e315,G03,G04,108,811,34,33
G04,Robotic Miners,1634,Shards,14,3.02e315,G03,G04,108,811,34,33
G04,Robotic Miners,1635,Shards,14,6.04e315,G03,G04,108,811,34,33
G04,Robotic Miners,1636,Shards,14,1.21e316,G03,G04,108,811,34,33
G04,Robotic Miners,1637,Shards,14,2.41e316,G03,G04,108,811,34,33
G04,Robotic Miners,1638,Shards,14,4.82e316,G03,G04,108,811,34,33
G04,Robotic Miners,1639,Shards,14,9.64e316,G03,G04,108,811,34,33
G04,Robotic Miners,1640,Shards,14,1.93e317,G03,G04,108,811,34,33
G04,Robotic Miners,1641,Shards,14,3.86e317,G03,G04,108,811,34,33
G04,Robotic Miners,1642,Shards,14,7.73e317,G03,G04,108,811,34,33
G04,Robotic Miners,1643,Shards,14,1.55e318,G03,G04,108,811,34,33
G04,Robotic Miners,1644,Shards,14,3.10e318,G03,G04,108,811,34,33
G04,Robotic Miners,1645,Shards,14,6.21e318,G03,G04,108,811,34,33
G04,Robotic Miners,1646,Shards,14,1.24e319,G03,G04,108,811,34,33
G04,Robotic Miners,1647,Shards,14,2.49e319,G03,G04,108,811,34,33
G04,Robotic Miners,1648,Shards,14,5.00e319,G03,G04,108,811,34,33
G04,Robotic Miners,1649,Shards,14,1.00e320,G03,G04,108,811,34,33
G04,Robotic Miners,1650,Shards,14,2.01e320,G03,G04,108,811,34,33
G04,Robotic Miners,1651,Shards,14,4.04e320,G03,G04,108,811,34,33
G04,Robotic Miners,1652,Shards,14,8.10e320,G03,G04,108,811,34,33
G04,Robotic Miners,1653,Shards,14,1.63e321,G03,G04,108,811,34,33
G04,Robotic Miners,1654,Shards,14,3.27e321,G03,G04,108,811,34,33
G04,Robotic Miners,1655,Shards,14,6.57e321,G03,G04,108,811,34,33
G04,Robotic Miners,1656,Shards,14,1.32e322,G03,G04,108,811,34,33
G04,Robotic Miners,1657,Shards,14,2.65e322,G03,G04,108,811,34,33
G04,Robotic Miners,1658,Shards,14,5.33e322,G03,G04,108,811,34,33
G04,Robotic Miners,1659,Shards,14,1.07e323,G03,G04,108,811,34,33
G04,Robotic Miners,1660,Shards,14,2.16e323,G03,G04,108,811,34,33
G04,Robotic Miners,1661,Shards,14,4.34e323,G03,G04,108,811,34,33
G04,Robotic Miners,1662,Shards,14,8.74e323,G03,G04,108,811,34,33
G04,Robotic Miners,1663,Shards,14,1.76e324,G03,G04,108,811,34,33
G04,Robotic Miners,1664,Shards,14,3.55e324,G03,G04,108,811,34,33
G04,Robotic Miners,1665,Shards,14,7.14e324,G03,G04,108,811,34,33
G04,Robotic Miners,1666,Shards,14,1.44e325,G03,G04,108,811,34,33
G04,Robotic Miners,1667,Shards,14,2.90e325,G03,G04,108,811,34,33
G04,Robotic Miners,1668,Shards,14,5.85e325,G03,G04,108,811,34,33
G04,Robotic Miners,1669,Shards,14,1.18e326,G03,G04,108,811,34,33
G04,Robotic Miners,1670,Shards,14,2.38e326,G03,G04,108,811,34,33
G04,Robotic Miners,1671,Shards,14,4.81e326,G03,G04,108,811,34,33
G04,Robotic Miners,1672,Shards,14,9.70e326,G03,G04,108,811,34,33
G04,Robotic Miners,1673,Shards,14,1.96e327,G03,G04,108,811,34,33
G04,Robotic Miners,1674,Shards,14,3.96e327,G03,G04,108,811,34,33
G04,Robotic Miners,1675,Shards,14,7.99e327,G03,G04,108,811,34,33
G04,Robotic Miners,1676,Shards,14,1.62e328,G03,G04,108,811,34,33
G04,Robotic Miners,1677,Shards,14,3.27e328,G03,G04,108,811,34,33
G04,Robotic Miners,1678,Shards,14,6.60e328,G03,G04,108,811,34,33
G04,Robotic Miners,1679,Shards,14,1.34e329,G03,G04,108,811,34,33
G04,Robotic Miners,1680,Shards,14,2.70e329,G03,G04,108,811,34,33
G04,Robotic Miners,1681,Shards,14,5.47e329,G03,G04,108,811,34,33
G04,Robotic Miners,1682,Shards,14,1.11e330,G03,G04,108,811,34,33
G04,Robotic Miners,1683,Shards,14,2.24e330,G03,G04,108,811,34,33
G04,Robotic Miners,1684,Shards,14,4.54e330,G03,G04,108,811,34,33
G04,Robotic Miners,1685,Shards,14,9.20e330,G03,G04,108,811,34,33
G04,Robotic Miners,1686,Shards,14,1.86e331,G03,G04,108,811,34,33
G04,Robotic Miners,1687,Shards,14,3.78e331,G03,G04,108,811,34,33
G04,Robotic Miners,1688,Shards,14,7.66e331,G03,G04,108,811,34,33
G04,Robotic Miners,1689,Shards,14,1.55e332,G03,G04,108,811,34,33
G04,Robotic Miners,1690,Shards,14,3.15e332,G03,G04,108,811,34,33
G04,Robotic Miners,1691,Shards,14,6.40e332,G03,G04,108,811,34,33
G04,Robotic Miners,1692,Shards,14,1.30e333,G03,G04,108,811,34,33
G04,Robotic Miners,1693,Shards,14,2.64e333,G03,G04,108,811,34,33
G04,Robotic Miners,1694,Shards,14,5.36e333,G03,G04,108,811,34,33
G04,Robotic Miners,1695,Shards,14,1.09e334,G03,G04,108,811,34,33
G04,Robotic Miners,1696,Shards,14,2.21e334,G03,G04,108,811,34,33
G04,Robotic Miners,1697,Shards,14,4.50e334,G03,G04,108,811,34,33
G04,Robotic Miners,1698,Shards,14,9.15e334,G03,G04,108,811,34,33
G04,Robotic Miners,1699,Shards,14,1.86e335,G03,G04,108,811,34,33
G04,Robotic Miners,1700,Shards,14,3.79e335,G03,G04,108,811,34,33
G04,Robotic Miners,1701,Shards,14,7.70e335,G03,G04,108,811,34,33
G04,Robotic Miners,1702,Shards,14,1.57e336,G03,G04,108,811,34,33
G04,Robotic Miners,1703,Shards,14,3.19e336,G03,G04,108,811,34,33
G04,Robotic Miners,1704,Shards,14,6.50e336,G03,G04,108,811,34,33
G04,Robotic Miners,1705,Shards,14,1.33e337,G03,G04,108,811,34,33
G04,Robotic Miners,1706,Shards,14,2.70e337,G03,G04,108,811,34,33
G04,Robotic Miners,1707,Shards,14,5.50e337,G03,G04,108,811,34,33
G04,Robotic Miners,1708,Shards,14,1.12e338,G03,G04,108,811,34,33
G04,Robotic Miners,1709,Shards,14,2.29e338,G03,G04,108,811,34,33
G04,Robotic Miners,1710,Shards,14,4.67e338,G03,G04,108,811,34,33
G04,Robotic Miners,1711,Shards,14,9.53e338,G03,G04,108,811,34,33
G04,Robotic Miners,1712,Shards,14,1.95e339,G03,G04,108,811,34,33
G04,Robotic Miners,1713,Shards,14,3.97e339,G03,G04,108,811,34,33
G04,Robotic Miners,1714,Shards,14,8.12e339,G03,G04,108,811,34,33
G04,Robotic Miners,1715,Shards,14,1.66e340,G03,G04,108,811,34,33
G04,Robotic Miners,1716,Shards,14,3.39e340,G03,G04,108,811,34,33
G04,Robotic Miners,1717,Shards,14,6.93e340,G03,G04,108,811,34,33
G04,Robotic Miners,1718,Shards,14,1.42e341,G03,G04,108,811,34,33
G04,Robotic Miners,1719,Shards,14,2.90e341,G03,G04,108,811,34,33
G04,Robotic Miners,1720,Shards,14,5.93e341,G03,G04,108,811,34,33
G04,Robotic Miners,1721,Shards,14,1.21e342,G03,G04,108,811,34,33
G04,Robotic Miners,1722,Shards,14,2.48e342,G03,G04,108,811,34,33
G04,Robotic Miners,1723,Shards,14,5.08e342,G03,G04,108,811,34,33
G04,Robotic Miners,1724,Shards,14,1.04e343,G03,G04,108,811,34,33
G04,Robotic Miners,1725,Shards,14,2.13e343,G03,G04,108,811,34,33
G04,Robotic Miners,1726,Shards,14,4.37e343,G03,G04,108,811,34,33
G04,Robotic Miners,1727,Shards,14,8.96e343,G03,G04,108,811,34,33
G04,Robotic Miners,1728,Shards,14,1.84e344,G03,G04,108,811,34,33
G04,Robotic Miners,1729,Shards,14,3.77e344,G03,G04,108,811,34,33
G04,Robotic Miners,1730,Shards,14,7.73e344,G03,G04,108,811,34,33
G04,Robotic Miners,1731,Shards,14,1.59e345,G03,G04,108,811,34,33
G04,Robotic Miners,1732,Shards,14,3.26e345,G03,G04,108,811,34,33
G04,Robotic Miners,1733,Shards,14,6.69e345,G03,G04,108,811,34,33
G04,Robotic Miners,1734,Shards,14,1.37e346,G03,G04,108,811,34,33
G04,Robotic Miners,1735,Shards,14,2.82e346,G03,G04,108,811,34,33
G04,Robotic Miners,1736,Shards,14,5.80e346,G03,G04,108,811,34,33
G04,Robotic Miners,1737,Shards,14,1.19e347,G03,G04,108,811,34,33
G04,Robotic Miners,1738,Shards,14,2.45e347,G03,G04,108,811,34,33
G04,Robotic Miners,1739,Shards,14,5.04e347,G03,G04,108,811,34,33
G04,Robotic Miners,1740,Shards,14,1.04e348,G03,G04,108,811,34,33
G04,Robotic Miners,1741,Shards,14,2.13e348,G03,G04,108,811,34,33
G04,Robotic Miners,1742,Shards,14,4.39e348,G03,G04,108,811,34,33
G04,Robotic Miners,1743,Shards,14,9.04e348,G03,G04,108,811,34,33
G04,Robotic Miners,1744,Shards,14,1.86e349,G03,G04,108,811,34,33
G04,Robotic Miners,1745,Shards,14,3.84e349,G03,G04,108,811,34,33
G04,Robotic Miners,1746,Shards,14,7.91e349,G03,G04,108,811,34,33
G04,Robotic Miners,1747,Shards,14,1.63e350,G03,G04,108,811,34,33
G04,Robotic Miners,1748,Shards,14,3.36e350,G03,G04,108,811,34,33
G04,Robotic Miners,1749,Shards,14,6.93e350,G03,G04,108,811,34,33
G04,Robotic Miners,1750,Shards,14,1.43e351,G03,G04,108,811,34,33
G04,Robotic Miners,1751,Shards,14,2.95e351,G03,G04,108,811,34,33
G04,Robotic Miners,1752,Shards,14,6.09e351,G03,G04,108,811,34,33
G04,Robotic Miners,1753,Shards,14,1.26e352,G03,G04,108,811,34,33
G04,Robotic Miners,1754,Shards,14,2.60e352,G03,G04,108,811,34,33
G04,Robotic Miners,1755,Shards,14,5.36e352,G03,G04,108,811,34,33
G04,Robotic Miners,1756,Shards,14,1.11e353,G03,G04,108,811,34,33
G04,Robotic Miners,1757,Shards,14,2.29e353,G03,G04,108,811,34,33
G04,Robotic Miners,1758,Shards,14,4.74e353,G03,G04,108,811,34,33
G04,Robotic Miners,1759,Shards,14,9.80e353,G03,G04,108,811,34,33
G04,Robotic Miners,1760,Shards,14,2.03e354,G03,G04,108,811,34,33
G04,Robotic Miners,1761,Shards,14,4.19e354,G03,G04,108,811,34,33
G04,Robotic Miners,1762,Shards,14,8.68e354,G03,G04,108,811,34,33
G04,Robotic Miners,1763,Shards,14,1.80e355,G03,G04,108,811,34,33
G04,Robotic Miners,1764,Shards,14,3.72e355,G03,G04,108,811,34,33
G04,Robotic Miners,1765,Shards,14,7.71e355,G03,G04,108,811,34,33
G04,Robotic Miners,1766,Shards,14,1.60e356,G03,G04,108,811,34,33
G04,Robotic Miners,1767,Shards,14,3.31e356,G03,G04,108,811,34,33
G04,Robotic Miners,1768,Shards,14,6.86e356,G03,G04,108,811,34,33
G04,Robotic Miners,1769,Shards,14,1.42e357,G03,G04,108,811,34,33
G04,Robotic Miners,1770,Shards,14,2.95e357,G03,G04,108,811,34,33
G04,Robotic Miners,1771,Shards,14,6.13e357,G03,G04,108,811,34,33
G04,Robotic Miners,1772,Shards,14,1.27e358,G03,G04,108,811,34,33
G04,Robotic Miners,1773,Shards,14,2.64e358,G03,G04,108,811,34,33
G04,Robotic Miners,1774,Shards,14,5.48e358,G03,G04,108,811,34,33
G04,Robotic Miners,1775,Shards,14,1.14e359,G03,G04,108,811,34,33
G04,Robotic Miners,1776,Shards,14,2.37e359,G03,G04,108,811,34,33
G04,Robotic Miners,1777,Shards,14,4.92e359,G03,G04,108,811,34,33
G04,Robotic Miners,1778,Shards,14,1.02e360,G03,G04,108,811,34,33
G04,Robotic Miners,1779,Shards,14,2.13e360,G03,G04,108,811,34,33
G04,Robotic Miners,1780,Shards,14,4.42e360,G03,G04,108,811,34,33
G04,Robotic Miners,1781,Shards,14,9.20e360,G03,G04,108,811,34,33
G04,Robotic Miners,1782,Shards,14,1.91e361,G03,G04,108,811,34,33
G04,Robotic Miners,1783,Shards,14,3.99e361,G03,G04,108,811,34,33
G04,Robotic Miners,1784,Shards,14,8.30e361,G03,G04,108,811,34,33
G04,Robotic Miners,1785,Shards,14,1.73e362,G03,G04,108,811,34,33
G04,Robotic Miners,1786,Shards,14,3.60e362,G03,G04,108,811,34,33
G04,Robotic Miners,1787,Shards,14,7.50e362,G03,G04,108,811,34,33
G04,Robotic Miners,1788,Shards,14,1.56e363,G03,G04,108,811,34,33
G04,Robotic Miners,1789,Shards,14,3.26e363,G03,G04,108,811,34,33
G04,Robotic Miners,1790,Shards,14,6.80e363,G03,G04,108,811,34,33
G04,Robotic Miners,1791,Shards,14,1.42e364,G03,G04,108,811,34,33
G04,Robotic Miners,1792,Shards,14,2.96e364,G03,G04,108,811,34,33
G04,Robotic Miners,1793,Shards,14,6.18e364,G03,G04,108,811,34,33
G04,Robotic Miners,1794,Shards,14,1.29e365,G03,G04,108,811,34,33
G04,Robotic Miners,1795,Shards,14,2.70e365,G03,G04,108,811,34,33
G04,Robotic Miners,1796,Shards,14,5.63e365,G03,G04,108,811,34,33
G04,Robotic Miners,1797,Shards,14,1.18e366,G03,G04,108,811,34,33
G04,Robotic Miners,1798,Shards,14,2.46e366,G03,G04,108,811,34,33
G04,Robotic Miners,1799,Shards,14,5.15e366,G03,G04,108,811,34,33
G04,Robotic Miners,1800,Shards,14,1.08e367,G03,G04,108,811,34,33
G04,Robotic Miners,1801,Shards,14,2.25e367,G03,G04,108,811,34,33
G04,Robotic Miners,1802,Shards,14,4.71e367,G03,G04,108,811,34,33
G04,Robotic Miners,1803,Shards,14,9.86e367,G03,G04,108,811,34,33
G04,Robotic Miners,1804,Shards,14,2.06e368,G03,G04,108,811,34,33
G04,Robotic Miners,1805,Shards,14,4.32e368,G03,G04,108,811,34,33
G04,Robotic Miners,1806,Shards,14,9.06e368,G03,G04,108,811,34,33
G04,Robotic Miners,1807,Shards,14,1.90e369,G03,G04,108,811,34,33
G04,Robotic Miners,1808,Shards,14,3.98e369,G03,G04,108,811,34,33
G04,Robotic Miners,1809,Shards,14,8.34e369,G03,G04,108,811,34,33
G04,Robotic Miners,1810,Shards,14,1.75e370,G03,G04,108,811,34,33
G04,Robotic Miners,1811,Shards,14,3.67e370,G03,G04,108,811,34,33
G04,Robotic Miners,1812,Shards,14,7.70e370,G03,G04,108,811,34,33
G04,Robotic Miners,1813,Shards,14,1.62e371,G03,G04,108,811,34,33
G04,Robotic Miners,1814,Shards,14,3.39e371,G03,G04,108,811,34,33
G04,Robotic Miners,1815,Shards,14,7.12e371,G03,G04,108,811,34,33
G04,Robotic Miners,1816,Shards,14,1.50e372,G03,G04,108,811,34,33
G04,Robotic Miners,1817,Shards,14,3.14e372,G03,G04,108,811,34,33
G04,Robotic Miners,1818,Shards,14,6.61e372,G03,G04,108,811,34,33
G04,Robotic Miners,1819,Shards,14,1.39e373,G03,G04,108,811,34,33
G04,Robotic Miners,1820,Shards,14,2.92e373,G03,G04,108,811,34,33
G04,Robotic Miners,1821,Shards,14,6.14e373,G03,G04,108,811,34,33
G04,Robotic Miners,1822,Shards,14,1.29e374,G03,G04,108,811,34,33
G04,Robotic Miners,1823,Shards,14,2.72e374,G03,G04,108,811,34,33
G04,Robotic Miners,1824,Shards,14,5.73e374,G03,G04,108,811,34,33
G04,Robotic Miners,1825,Shards,14,1.21e375,G03,G04,108,811,34,33
G04,Robotic Miners,1826,Shards,14,2.54e375,G03,G04,108,811,34,33
G04,Robotic Miners,1827,Shards,14,5.35e375,G03,G04,108,811,34,33
G04,Robotic Miners,1828,Shards,14,1.13e376,G03,G04,108,811,34,33
G04,Robotic Miners,1829,Shards,14,2.38e376,G03,G04,108,811,34,33
G04,Robotic Miners,1830,Shards,14,5.01e376,G03,G04,108,811,34,33
G04,Robotic Miners,1831,Shards,14,1.06e377,G03,G04,108,811,34,33
G04,Robotic Miners,1832,Shards,14,2.23e377,G03,G04,108,811,34,33
G04,Robotic Miners,1833,Shards,14,4.71e377,G03,G04,108,811,34,33
G04,Robotic Miners,1834,Shards,14,9.93e377,G03,G04,108,811,34,33
G04,Robotic Miners,1835,Shards,14,2.10e378,G03,G04,108,811,34,33
G04,Robotic Miners,1836,Shards,14,4.43e378,G03,G04,108,811,34,33
G04,Robotic Miners,1837,Shards,14,9.36e378,G03,G04,108,811,34,33
G04,Robotic Miners,1838,Shards,14,1.98e379,G03,G04,108,811,34,33
G04,Robotic Miners,1839,Shards,14,4.18e379,G03,G04,108,811,34,33
G04,Robotic Miners,1840,Shards,14,8.84e379,G03,G04,108,811,34,33
G04,Robotic Miners,1841,Shards,14,1.87e380,G03,G04,108,811,34,33
G04,Robotic Miners,1842,Shards,14,3.95e380,G03,G04,108,811,34,33
G04,Robotic Miners,1843,Shards,14,8.37e380,G03,G04,108,811,34,33
G04,Robotic Miners,1844,Shards,14,1.77e381,G03,G04,108,811,34,33
G04,Robotic Miners,1845,Shards,14,3.75e381,G03,G04,108,811,34,33
G04,Robotic Miners,1846,Shards,14,7.94e381,G03,G04,108,811,34,33
G04,Robotic Miners,1847,Shards,14,1.68e382,G03,G04,108,811,34,33
G04,Robotic Miners,1848,Shards,14,3.56e382,G03,G04,108,811,34,33
G04,Robotic Miners,1849,Shards,14,7.55e382,G03,G04,108,811,34,33
G04,Robotic Miners,1850,Shards,14,1.60e383,G03,G04,108,811,34,33
G04,Robotic Miners,1851,Shards,14,3.39e383,G03,G04,108,811,34,33
G04,Robotic Miners,1852,Shards,14,7.20e383,G03,G04,108,811,34,33
G04,Robotic Miners,1853,Shards,14,1.53e384,G03,G04,108,811,34,33
G04,Robotic Miners,1854,Shards,14,3.24e384,G03,G04,108,811,34,33
G04,Robotic Miners,1855,Shards,14,6.88e384,G03,G04,108,811,34,33
G04,Robotic Miners,1856,Shards,14,1.46e385,G03,G04,108,811,34,33
G04,Robotic Miners,1857,Shards,14,3.10e385,G03,G04,108,811,34,33
G04,Robotic Miners,1858,Shards,14,6.59e385,G03,G04,108,811,34,33
G04,Robotic Miners,1859,Shards,14,1.40e386,G03,G04,108,811,34,33
G04,Robotic Miners,1860,Shards,14,2.98e386,G03,G04,108,811,34,33
G04,Robotic Miners,1861,Shards,14,6.33e386,G03,G04,108,811,34,33
G04,Robotic Miners,1862,Shards,14,1.35e387,G03,G04,108,811,34,33
G04,Robotic Miners,1863,Shards,14,2.87e387,G03,G04,108,811,34,33
G04,Robotic Miners,1864,Shards,14,6.10e387,G03,G04,108,811,34,33
G04,Robotic Miners,1865,Shards,14,1.30e388,G03,G04,108,811,34,33
G04,Robotic Miners,1866,Shards,14,2.76e388,G03,G04,108,811,34,33
G04,Robotic Miners,1867,Shards,14,5.89e388,G03,G04,108,811,34,33
G04,Robotic Miners,1868,Shards,14,1.25e389,G03,G04,108,811,34,33
G04,Robotic Miners,1869,Shards,14,2.67e389,G03,G04,108,811,34,33
G04,Robotic Miners,1870,Shards,14,5.69e389,G03,G04,108,811,34,33
G04,Robotic Miners,1871,Shards,14,1.21e390,G03,G04,108,811,34,33
G04,Robotic Miners,1872,Shards,14,2.59e390,G03,G04,108,811,34,33
G04,Robotic Miners,1873,Shards,14,5.52e390,G03,G04,108,811,34,33
G04,Robotic Miners,1874,Shards,14,1.18e391,G03,G04,108,811,34,33
G04,Robotic Miners,1875,Shards,14,2.52e391,G03,G04,108,811,34,33
G04,Robotic Miners,1876,Shards,14,5.37e391,G03,G04,108,811,34,33
G04,Robotic Miners,1877,Shards,14,1.15e392,G03,G04,108,811,34,33
G04,Robotic Miners,1878,Shards,14,2.45e392,G03,G04,108,811,34,33
G04,Robotic Miners,1879,Shards,14,5.23e392,G03,G04,108,811,34,33
G04,Robotic Miners,1880,Shards,14,1.12e393,G03,G04,108,811,34,33
G04,Robotic Miners,1881,Shards,14,2.39e393,G03,G04,108,811,34,33
G04,Robotic Miners,1882,Shards,14,5.11e393,G03,G04,108,811,34,33
G04,Robotic Miners,1883,Shards,14,1.09e394,G03,G04,108,811,34,33
G04,Robotic Miners,1884,Shards,14,2.34e394,G03,G04,108,811,34,33
G04,Robotic Miners,1885,Shards,14,5.01e394,G03,G04,108,811,34,33
G04,Robotic Miners,1886,Shards,14,1.07e395,G03,G04,108,811,34,33
G04,Robotic Miners,1887,Shards,14,2.29e395,G03,G04,108,811,34,33
G04,Robotic Miners,1888,Shards,14,4.91e395,G03,G04,108,811,34,33
G04,Robotic Miners,1889,Shards,14,1.05e396,G03,G04,108,811,34,33
G04,Robotic Miners,1890,Shards,14,2.26e396,G03,G04,108,811,34,33
G04,Robotic Miners,1891,Shards,14,4.83e396,G03,G04,108,811,34,33
G04,Robotic Miners,1892,Shards,14,1.04e397,G03,G04,108,811,34,33
G04,Robotic Miners,1893,Shards,14,2.22e397,G03,G04,108,811,34,33
G04,Robotic Miners,1894,Shards,14,4.77e397,G03,G04,108,811,34,33
G04,Robotic Miners,1895,Shards,14,1.02e398,G03,G04,108,811,34,33
G04,Robotic Miners,1896,Shards,14,2.20e398,G03,G04,108,811,34,33
G04,Robotic Miners,1897,Shards,14,4.71e398,G03,G04,108,811,34,33
G04,Robotic Miners,1898,Shards,14,1.01e399,G03,G04,108,811,34,33
G04,Robotic Miners,1899,Shards,14,2.17e399,G03,G04,108,811,34,33
G04,Robotic Miners,1900,Shards,14,4.67e399,G03,G04,108,811,34,33
G05,Robo Miner Fab mk1,1,Unknown,15,2.00qa,G04,G05,108,770,36,33
G05,Robo Miner Fab mk1,2,Unknown,15,160qa,G04,G05,108,770,36,33
G05,Robo Miner Fab mk1,3,Unknown,15,21.6qu,G04,G05,108,770,36,33
G05,Robo Miner Fab mk1,4,Unknown,15,4.10sx,G04,G05,108,770,36,33
G05,Robo Miner Fab mk1,5,Unknown,15,1.00sp,G04,G05,108,770,36,33
G03,Shard Mining HQ,1,Shards,16,400m,G01,G03,147,811,34,32
G03,Shard Mining HQ,2,Shards,16,20.0qu,G01,G03,147,811,34,32
G03,Shard Mining HQ,3,Shards,16,1.44n,G01,G03,147,811,34,32
G03,Shard Mining HQ,4,Shards,16,1.41e41,G01,G03,147,811,34,32
G03,Shard Mining HQ,5,Shards,16,1.75e52,G01,G03,147,811,34,32
G03,Shard Mining HQ,6,Shards,16,2.64e63,G01,G03,147,811,34,32
G03,Shard Mining HQ,7,Shards,16,4.71e74,G01,G03,147,811,34,32
G03,Shard Mining HQ,8,Shards,16,9.65e85,G01,G03,147,811,34,32
G03,Shard Mining HQ,9,Shards,16,2.24e97,G01,G03,147,811,34,32
G03,Shard Mining HQ,10,Shards,16,5.80e108,G01,G03,147,811,34,32
G12,Phase 5 Comp Eff,1,Shards,17,500b,G09,G12,108,941,33,33
G12,Phase 5 Comp Eff,2,Shards,17,2.00qa,G09,G12,108,941,33,33
G12,Phase 5 Comp Eff,3,Shards,17,13.5qu,G09,G12,108,941,33,33
G12,Phase 5 Comp Eff,4,Shards,17,128sx,G09,G12,108,941,33,33
G12,Phase 5 Comp Eff,5,Shards,17,1.56o,G09,G12,108,941,33,33
G12,Phase 5 Comp Eff,6,Shards,17,23.3n,G09,G12,108,941,33,33
G12,Phase 5 Comp Eff,7,Shards,17,412d,G09,G12,108,941,33,33
G12,Phase 5 Comp Eff,8,Shards,17,8.39e39,G09,G12,108,941,33,33
G09,Phase 2 Comp Eff,1,Shards,18,200m,G08,G09,146,941,33,34
G09,Phase 2 Comp Eff,2,Shards,18,120b,G08,G09,146,941,33,34
G09,Phase 2 Comp Eff,3,Shards,18,122t,G08,G09,146,941,33,34
G09,Phase 2 Comp Eff,4,Shards,18,173qa,G08,G09,146,941,33,34
G10,Phase 3 Comp Eff,1,Shards,19,300m,G09,G10,146,979,34,34
G10,Phase 3 Comp Eff,2,Shards,19,30.0b,G09,G10,146,979,34,34
G10,Phase 3 Comp Eff,3,Shards,19,5.06t,G09,G10,146,979,34,34
G10,Phase 3 Comp Eff,4,Shards,19,1.20qa,G09,G10,146,979,34,34
G10,Phase 3 Comp Eff,5,Shards,19,366qa,G09,G10,146,979,34,34
G10,Phase 3 Comp Eff,6,Shards,19,137qu,G09,G10,146,979,34,34
G10,Phase 3 Comp Eff,7,Shards,19,60.3sx,G09,G10,146,979,34,34
G10,Phase 3 Comp Eff,8,Shards,19,30.7sp,G09,G10,146,979,34,34
G10,Phase 3 Comp Eff,9,Shards,19,17.7o,G09,G10,146,979,34,34
G10,Phase 3 Comp Eff,10,Shards,19,11.4n,G09,G10,146,979,34,34
G10,Phase 3 Comp Eff,11,Shards,19,8.16d,G09,G10,146,979,34,34
G13,Phase 6 Comp Eff,1,Shards,20,6.00t,G10,G13,107,979,34,34
G13,Phase 6 Comp Eff,2,Shards,20,144sp,G10,G13,107,979,34,34
G13,Phase 6 Comp Eff,3,Shards,20,5.83e39,G10,G13,107,979,34,34
G08,Phase 1 Comp Eff,1,Shards,21,100m,G03,G08,146,903,33,34
G08,Phase 1 Comp Eff,2,Shards,21,40.0b,G03,G08,146,903,33,34
G08,Phase 1 Comp Eff,3,Shards,21,27.0t,G03,G08,146,903,33,34
G08,Phase 1 Comp Eff,4,Shards,21,25.6qa,G03,G08,146,903,33,34
G08,Phase 1 Comp Eff,5,Shards,21,31.2qu,G03,G08,146,903,33,34
G11,Phase 4 Comp Eff,1,Shards,22,4.00b,G08,G11,107,902,34,34
G11,Phase 4 Comp Eff,2,Shards,22,3.20t,G08,G11,107,902,34,34
G11,Phase 4 Comp Eff,3,Shards,22,4.32qa,G08,G11,107,902,34,34
G11,Phase 4 Comp Eff,4,Shards,22,8.19qu,G08,G11,107,902,34,34
G11,Phase 4 Comp Eff,5,Shards,22,20.0sx,G08,G11,107,902,34,34
G01,Software Scaling mk1,1,Cells,23,430k,C3o,G01,146,651,38,35
G01,Software Scaling mk1,2,Cells,23,8.64m,C3o,G01,146,651,38,35
G01,Software Scaling mk1,3,Cells,23,234m,C3o,G01,146,651,38,35
G01,Software Scaling mk1,4,Cells,23,8.02b,C3o,G01,146,651,38,35
G01,Software Scaling mk1,5,Cells,23,335b,C3o,G01,146,651,38,35
G01,Software Scaling mk1,6,Cells,23,16.5t,C3o,G01,146,651,38,35
G01,Software Scaling mk1,7,Cells,23,943t,C3o,G01,146,651,38,35
G01,Software Scaling mk1,8,Cells,23,61.1qa,C3o,G01,146,651,38,35
G01,Software Scaling mk1,9,Cells,23,4.44qu,C3o,G01,146,651,38,35
G01,Software Scaling mk1,10,Cells,23,358qu,C3o,G01,146,651,38,35
G02,Enhanced Mining mk1,1,Shards,24,200k,G01,G02,106,651,38,35
G02,Enhanced Mining mk1,2,Shards,24,218k,G01,G02,106,651,38,35
G02,Enhanced Mining mk1,3,Shards,24,240k,G01,G02,106,651,38,35
G02,Enhanced Mining mk1,4,Shards,24,267k,G01,G02,106,651,38,35
G02,Enhanced Mining mk1,5,Shards,24,300k,G01,G02,106,651,38,35
G02,Enhanced Mining mk1,6,Shards,24,342k,G01,G02,106,651,38,35
G02,Enhanced Mining mk1,7,Shards,24,395k,G01,G02,106,651,38,35
G02,Enhanced Mining mk1,8,Shards,24,461k,G01,G02,106,651,38,35
G02,Enhanced Mining mk1,9,Shards,24,545k,G01,G02,106,651,38,35
G02,Enhanced Mining mk1,10,Shards,24,653k,G01,G02,106,651,38,35
G02,Enhanced Mining mk1,11,Shards,24,792k,G01,G02,106,651,38,35
G02,Enhanced Mining mk1,12,Shards,24,972k,G01,G02,106,651,38,35
G02,Enhanced Mining mk1,13,Shards,24,1.21m,G01,G02,106,651,38,35
G02,Enhanced Mining mk1,14,Shards,24,1.52m,G01,G02,106,651,38,35
G02,Enhanced Mining mk1,15,Shards,24,1.94m,G01,G02,106,651,38,35
G02,Enhanced Mining mk1,16,Shards,24,2.51m,G01,G02,106,651,38,35
G02,Enhanced Mining mk1,17,Shards,24,3.28m,G01,G02,106,651,38,35
G02,Enhanced Mining mk1,18,Shards,24,4.34m,G01,G02,106,651,38,35
G02,Enhanced Mining mk1,19,Shards,24,5.82m,G01,G02,106,651,38,35
G02,Enhanced Mining mk1,20,Shards,24,7.89m,G01,G02,106,651,38,35
G02,Enhanced Mining mk1,21,Shards,24,10.8m,G01,G02,106,651,38,35
G02,Enhanced Mining mk1,22,Shards,24,15.1m,G01,G02,106,651,38,35
G02,Enhanced Mining mk1,23,Shards,24,21.2m,G01,G02,106,651,38,35
G02,Enhanced Mining mk1,24,Shards,24,30.2m,G01,G02,106,651,38,35
G02,Enhanced Mining mk1,25,Shards,24,43.5m,G01,G02,106,651,38,35
G02,Enhanced Mining mk1,26,Shards,24,63.5m,G01,G02,106,651,38,35
G02,Enhanced Mining mk1,27,Shards,24,93.7m,G01,G02,106,651,38,35
G02,Enhanced Mining mk1,28,Shards,24,140m,G01,G02,106,651,38,35
G02,Enhanced Mining mk1,29,Shards,24,211m,G01,G02,106,651,38,35
G02,Enhanced Mining mk1,30,Shards,24,323m,G01,G02,106,651,38,35
G02,Enhanced Mining mk1,31,Shards,24,499m,G01,G02,106,651,38,35
G02,Enhanced Mining mk1,32,Shards,24,780m,G01,G02,106,651,38,35
G02,Enhanced Mining mk1,33,Shards,24,1.23b,G01,G02,106,651,38,35
G02,Enhanced Mining mk1,34,Shards,24,1.97b,G01,G02,106,651,38,35
G02,Enhanced Mining mk1,35,Shards,24,3.18b,G01,G02,106,651,38,35
G02,Enhanced Mining mk1,36,Shards,24,5.20b,G01,G02,106,651,38,35
G02,Enhanced Mining mk1,37,Shards,24,8.59b,G01,G02,106,651,38,35
G02,Enhanced Mining mk1,38,Shards,24,14.3b,G01,G02,106,651,38,35
G02,Enhanced Mining mk1,39,Shards,24,24.2b,G01,G02,106,651,38,35
G02,Enhanced Mining mk1,40,Shards,24,41.3b,G01,G02,106,651,38,35
G02,Enhanced Mining mk1,41,Shards,24,71.2b,G01,G02,106,651,38,35
G02,Enhanced Mining mk1,42,Shards,24,124b,G01,G02,106,651,38,35
G02,Enhanced Mining mk1,43,Shards,24,218b,G01,G02,106,651,38,35
G02,Enhanced Mining mk1,44,Shards,24,388b,G01,G02,106,651,38,35
G02,Enhanced Mining mk1,45,Shards,24,697b,G01,G02,106,651,38,35
G02,Enhanced Mining mk1,46,Shards,24,1.26t,G01,G02,106,651,38,35
G02,Enhanced Mining mk1,47,Shards,24,2.32t,G01,G02,106,651,38,35
G02,Enhanced Mining mk1,48,Shards,24,4.29t,G01,G02,106,651,38,35
G02,Enhanced Mining mk1,49,Shards,24,8.03t,G01,G02,106,651,38,35
G02,Enhanced Mining mk1,50,Shards,24,15.2t,G01,G02,106,651,38,35
G02,Enhanced Mining mk1,51,Shards,24,28.9t,G01,G02,106,651,38,35
G02,Enhanced Mining mk1,52,Shards,24,55.7t,G01,G02,106,651,38,35
G02,Enhanced Mining mk1,53,Shards,24,108t,G01,G02,106,651,38,35
G02,Enhanced Mining mk1,54,Shards,24,212t,G01,G02,106,651,38,35
G02,Enhanced Mining mk1,55,Shards,24,421t,G01,G02,106,651,38,35
G02,Enhanced Mining mk1,56,Shards,24,842t,G01,G02,106,651,38,35
G02,Enhanced Mining mk1,57,Shards,24,1.70qa,G01,G02,106,651,38,35
G02,Enhanced Mining mk1,58,Shards,24,3.46qa,G01,G02,106,651,38,35
G02,Enhanced Mining mk1,59,Shards,24,7.12qa,G01,G02,106,651,38,35
G02,Enhanced Mining mk1,60,Shards,24,14.8qa,G01,G02,106,651,38,35
G02,Enhanced Mining mk1,61,Shards,24,30.9qa,G01,G02,106,651,38,35
G02,Enhanced Mining mk1,62,Shards,24,65.4qa,G01,G02,106,651,38,35
G02,Enhanced Mining mk1,63,Shards,24,139qa,G01,G02,106,651,38,35
G02,Enhanced Mining mk1,64,Shards,24,300qa,G01,G02,106,651,38,35
G02,Enhanced Mining mk1,65,Shards,24,651qa,G01,G02,106,651,38,35
G02,Enhanced Mining mk1,66,Shards,24,1.42qu,G01,G02,106,651,38,35
G02,Enhanced Mining mk1,67,Shards,24,3.15qu,G01,G02,106,651,38,35
G02,Enhanced Mining mk1,68,Shards,24,7.01qu,G01,G02,106,651,38,35
G02,Enhanced Mining mk1,69,Shards,24,15.7qu,G01,G02,106,651,38,35
G02,Enhanced Mining mk1,70,Shards,24,35.7qu,G01,G02,106,651,38,35
G02,Enhanced Mining mk1,71,Shards,24,81.5qu,G01,G02,106,651,38,35
G02,Enhanced Mining mk1,72,Shards,24,188qu,G01,G02,106,651,38,35
G02,Enhanced Mining mk1,73,Shards,24,436qu,G01,G02,106,651,38,35
G02,Enhanced Mining mk1,74,Shards,24,1.02sx,G01,G02,106,651,38,35
G02,Enhanced Mining mk1,75,Shards,24,2.41sx,G01,G02,106,651,38,35
G02,Enhanced Mining mk1,76,Shards,24,5.74sx,G01,G02,106,651,38,35
G02,Enhanced Mining mk1,77,Shards,24,13.8sx,G01,G02,106,651,38,35
G02,Enhanced Mining mk1,78,Shards,24,33.4sx,G01,G02,106,651,38,35
G02,Enhanced Mining mk1,79,Shards,24,81.3sx,G01,G02,106,651,38,35
G02,Enhanced Mining mk1,80,Shards,24,200sx,G01,G02,106,651,38,35
G02,Enhanced Mining mk1,81,Shards,24,496sx,G01,G02,106,651,38,35
G02,Enhanced Mining mk1,82,Shards,24,1.24sp,G01,G02,106,651,38,35
G02,Enhanced Mining mk1,83,Shards,24,3.11sp,G01,G02,106,651,38,35
G02,Enhanced Mining mk1,84,Shards,24,7.90sp,G01,G02,106,651,38,35
G02,Enhanced Mining mk1,85,Shards,24,20.2sp,G01,G02,106,651,38,35
G02,Enhanced Mining mk1,86,Shards,24,52.0sp,G01,G02,106,651,38,35
G02,Enhanced Mining mk1,87,Shards,24,135sp,G01,G02,106,651,38,35
G02,Enhanced Mining mk1,88,Shards,24,353sp,G01,G02,106,651,38,35
G02,Enhanced Mining mk1,89,Shards,24,930sp,G01,G02,106,651,38,35
G02,Enhanced Mining mk1,90,Shards,24,2.47o,G01,G02,106,651,38,35
G02,Enhanced Mining mk1,91,Shards,24,6.60o,G01,G02,106,651,38,35
G02,Enhanced Mining mk1,92,Shards,24,17.8o,G01,G02,106,651,38,35
G02,Enhanced Mining mk1,93,Shards,24,48.2o,G01,G02,106,651,38,35
G02,Enhanced Mining mk1,94,Shards,24,132o,G01,G02,106,651,38,35
G02,Enhanced Mining mk1,95,Shards,24,363o,G01,G02,106,651,38,35
G02,Enhanced Mining mk1,96,Shards,24,1.01n,G01,G02,106,651,38,35
G02,Enhanced Mining mk1,97,Shards,24,2.81n,G01,G02,106,651,38,35
G02,Enhanced Mining mk1,98,Shards,24,7.89n,G01,G02,106,651,38,35
G02,Enhanced Mining mk1,99,Shards,24,22.3n,G01,G02,106,651,38,35
G02,Enhanced Mining mk1,100,Shards,24,63.7n,G01,G02,106,651,38,35
G02,Enhanced Mining mk1,101,Shards,24,183n,G01,G02,106,651,38,35
G02,Enhanced Mining mk1,102,Shards,24,529n,G01,G02,106,651,38,35
G02,Enhanced Mining mk1,103,Shards,24,1.54d,G01,G02,106,651,38,35
G02,Enhanced Mining mk1,104,Shards,24,4.51d,G01,G02,106,651,38,35
G02,Enhanced Mining mk1,105,Shards,24,13.3d,G01,G02,106,651,38,35
G02,Enhanced Mining mk1,106,Shards,24,39.6d,G01,G02,106,651,38,35
G02,Enhanced Mining mk1,107,Shards,24,118d,G01,G02,106,651,38,35
G02,Enhanced Mining mk1,108,Shards,24,357d,G01,G02,106,651,38,35
G02,Enhanced Mining mk1,109,Shards,24,1.08e36,G01,G02,106,651,38,35
G02,Enhanced Mining mk1,110,Shards,24,3.30e36,G01,G02,106,651,38,35
G02,Enhanced Mining mk1,111,Shards,24,1.01e37,G01,G02,106,651,38,35
G02,Enhanced Mining mk1,112,Shards,24,3.13e37,G01,G02,106,651,38,35
G02,Enhanced Mining mk1,113,Shards,24,9.74e37,G01,G02,106,651,38,35
G02,Enhanced Mining mk1,114,Shards,24,3.05e38,G01,G02,106,651,38,35
G02,Enhanced Mining mk1,115,Shards,24,9.61e38,G01,G02,106,651,38,35
G02,Enhanced Mining mk1,116,Shards,24,3.05e39,G01,G02,106,651,38,35
G02,Enhanced Mining mk1,117,Shards,24,9.73e39,G01,G02,106,651,38,35
G02,Enhanced Mining mk1,118,Shards,24,3.12e40,G01,G02,106,651,38,35
G02,Enhanced Mining mk1,119,Shards,24,1.01e41,G01,G02,106,651,38,35
G02,Enhanced Mining mk1,120,Shards,24,3.28e41,G01,G02,106,651,38,35
G02,Enhanced Mining mk1,121,Shards,24,1.07e42,G01,G02,106,651,38,35
G02,Enhanced Mining mk1,122,Shards,24,3.54e42,G01,G02,106,651,38,35
G02,Enhanced Mining mk1,123,Shards,24,1.17e43,G01,G02,106,651,38,35
G02,Enhanced Mining mk1,124,Shards,24,3.91e43,G01,G02,106,651,38,35
G02,Enhanced Mining mk1,125,Shards,24,1.31e44,G01,G02,106,651,38,35
G02,Enhanced Mining mk1,126,Shards,24,4.42e44,G01,G02,106,651,38,35
G02,Enhanced Mining mk1,127,Shards,24,1.50e45,G01,G02,106,651,38,35
G02,Enhanced Mining mk1,128,Shards,24,5.12e45,G01,G02,106,651,38,35
G02,Enhanced Mining mk1,129,Shards,24,1.76e46,G01,G02,106,651,38,35
G02,Enhanced Mining mk1,130,Shards,24,6.08e46,G01,G02,106,651,38,35
G02,Enhanced Mining mk1,131,Shards,24,2.11e47,G01,G02,106,651,38,35
G02,Enhanced Mining mk1,132,Shards,24,7.39e47,G01,G02,106,651,38,35
G02,Enhanced Mining mk1,133,Shards,24,2.60e48,G01,G02,106,651,38,35
G02,Enhanced Mining mk1,134,Shards,24,9.18e48,G01,G02,106,651,38,35
G02,Enhanced Mining mk1,135,Shards,24,3.27e49,G01,G02,106,651,38,35
G02,Enhanced Mining mk1,136,Shards,24,1.17e50,G01,G02,106,651,38,35
G02,Enhanced Mining mk1,137,Shards,24,4.20e50,G01,G02,106,651,38,35
G02,Enhanced Mining mk1,138,Shards,24,1.52e51,G01,G02,106,651,38,35
G02,Enhanced Mining mk1,139,Shards,24,5.53e51,G01,G02,106,651,38,35
G02,Enhanced Mining mk1,140,Shards,24,2.02e52,G01,G02,106,651,38,35
G02,Enhanced Mining mk1,141,Shards,24,7.45e52,G01,G02,106,651,38,35
G02,Enhanced Mining mk1,142,Shards,24,2.76e53,G01,G02,106,651,38,35
G02,Enhanced Mining mk1,143,Shards,24,1.03e54,G01,G02,106,651,38,35
G02,Enhanced Mining mk1,144,Shards,24,3.84e54,G01,G02,106,651,38,35
G02,Enhanced Mining mk1,145,Shards,24,1.44e55,G01,G02,106,651,38,35
G02,Enhanced Mining mk1,146,Shards,24,5.46e55,G01,G02,106,651,38,35
G02,Enhanced Mining mk1,147,Shards,24,2.08e56,G01,G02,106,651,38,35
G02,Enhanced Mining mk1,148,Shards,24,7.93e56,G01,G02,106,651,38,35
G02,Enhanced Mining mk1,149,Shards,24,3.05e57,G01,G02,106,651,38,35
G02,Enhanced Mining mk1,150,Shards,24,1.18e58,G01,G02,106,651,38,35
G02,Enhanced Mining mk1,151,Shards,24,4.58e58,G01,G02,106,651,38,35
G02,Enhanced Mining mk1,152,Shards,24,1.79e59,G01,G02,106,651,38,35
G02,Enhanced Mining mk1,153,Shards,24,7.02e59,G01,G02,106,651,38,35
G02,Enhanced Mining mk1,154,Shards,24,2.77e60,G01,G02,106,651,38,35
G02,Enhanced Mining mk1,155,Shards,24,1.10e61,G01,G02,106,651,38,35
G02,Enhanced Mining mk1,156,Shards,24,4.38e61,G01,G02,106,651,38,35
G02,Enhanced Mining mk1,157,Shards,24,1.76e62,G01,G02,106,651,38,35
G02,Enhanced Mining mk1,158,Shards,24,7.08e62,G01,G02,106,651,38,35
G02,Enhanced Mining mk1,159,Shards,24,2.87e63,G01,G02,106,651,38,35
G02,Enhanced Mining mk1,160,Shards,24,1.17e64,G01,G02,106,651,38,35
G02,Enhanced Mining mk1,161,Shards,24,4.77e64,G01,G02,106,651,38,35
G02,Enhanced Mining mk1,162,Shards,24,1.96e65,G01,G02,106,651,38,35
G02,Enhanced Mining mk1,163,Shards,24,8.11e65,G01,G02,106,651,38,35
G02,Enhanced Mining mk1,164,Shards,24,3.37e66,G01,G02,106,651,38,35
G02,Enhanced Mining mk1,165,Shards,24,1.41e67,G01,G02,106,651,38,35
G02,Enhanced Mining mk1,166,Shards,24,5.90e67,G01,G02,106,651,38,35
G02,Enhanced Mining mk1,167,Shards,24,2.49e68,G01,G02,106,651,38,35
G02,Enhanced Mining mk1,168,Shards,24,1.05e69,G01,G02,106,651,38,35
G02,Enhanced Mining mk1,169,Shards,24,4.49e69,G01,G02,106,651,38,35
G02,Enhanced Mining mk1,170,Shards,24,1.92e70,G01,G02,106,651,38,35
G02,Enhanced Mining mk1,171,Shards,24,8.25e70,G01,G02,106,651,38,35
G02,Enhanced Mining mk1,172,Shards,24,3.56e71,G01,G02,106,651,38,35
G02,Enhanced Mining mk1,173,Shards,24,1.55e72,G01,G02,106,651,38,35
G02,Enhanced Mining mk1,174,Shards,24,6.75e72,G01,G02,106,651,38,35
G02,Enhanced Mining mk1,175,Shards,24,2.96e73,G01,G02,106,651,38,35
G02,Enhanced Mining mk1,176,Shards,24,1.30e74,G01,G02,106,651,38,35
G02,Enhanced Mining mk1,177,Shards,24,5.76e74,G01,G02,106,651,38,35
G02,Enhanced Mining mk1,178,Shards,24,2.56e75,G01,G02,106,651,38,35
G02,Enhanced Mining mk1,179,Shards,24,1.14e76,G01,G02,106,651,38,35
G02,Enhanced Mining mk1,180,Shards,24,5.13e76,G01,G02,106,651,38,35
G02,Enhanced Mining mk1,181,Shards,24,2.31e77,G01,G02,106,651,38,35
G02,Enhanced Mining mk1,182,Shards,24,1.05e78,G01,G02,106,651,38,35
G02,Enhanced Mining mk1,183,Shards,24,4.76e78,G01,G02,106,651,38,35
G02,Enhanced Mining mk1,184,Shards,24,2.17e79,G01,G02,106,651,38,35
G02,Enhanced Mining mk1,185,Shards,24,9.98e79,G01,G02,106,651,38,35
G02,Enhanced Mining mk1,186,Shards,24,4.60e80,G01,G02,106,651,38,35
G02,Enhanced Mining mk1,187,Shards,24,2.13e81,G01,G02,106,651,38,35
G02,Enhanced Mining mk1,188,Shards,24,9.92e81,G01,G02,106,651,38,35
G02,Enhanced Mining mk1,189,Shards,24,4.64e82,G01,G02,106,651,38,35
G02,Enhanced Mining mk1,190,Shards,24,2.18e83,G01,G02,106,651,38,35
G02,Enhanced Mining mk1,191,Shards,24,1.03e84,G01,G02,106,651,38,35
G02,Enhanced Mining mk1,192,Shards,24,4.87e84,G01,G02,106,651,38,35
G02,Enhanced Mining mk1,193,Shards,24,2.32e85,G01,G02,106,651,38,35
G02,Enhanced Mining mk1,194,Shards,24,1.11e86,G01,G02,106,651,38,35
G02,Enhanced Mining mk1,195,Shards,24,5.31e86,G01,G02,106,651,38,35
G02,Enhanced Mining mk1,196,Shards,24,2.56e87,G01,G02,106,651,38,35
G02,Enhanced Mining mk1,197,Shards,24,1.24e88,G01,G02,106,651,38,35
G02,Enhanced Mining mk1,198,Shards,24,6.03e88,G01,G02,106,651,38,35
G02,Enhanced Mining mk1,199,Shards,24,2.95e89,G01,G02,106,651,38,35
G02,Enhanced Mining mk1,200,Shards,24,1.44e90,G01,G02,106,651,38,35
G02,Enhanced Mining mk1,201,Shards,24,7.12e90,G01,G02,106,651,38,35
G02,Enhanced Mining mk1,202,Shards,24,3.52e91,G01,G02,106,651,38,35
G02,Enhanced Mining mk1,203,Shards,24,1.75e92,G01,G02,106,651,38,35
G02,Enhanced Mining mk1,204,Shards,24,8.73e92,G01,G02,106,651,38,35
G02,Enhanced Mining mk1,205,Shards,24,4.37e93,G01,G02,106,651,38,35
G02,Enhanced Mining mk1,206,Shards,24,2.20e94,G01,G02,106,651,38,35
G02,Enhanced Mining mk1,207,Shards,24,1.11e95,G01,G02,106,651,38,35
G02,Enhanced Mining mk1,208,Shards,24,5.64e95,G01,G02,106,651,38,35
G02,Enhanced Mining mk1,209,Shards,24,2.87e96,G01,G02,106,651,38,35
G02,Enhanced Mining mk1,210,Shards,24,1.47e97,G01,G02,106,651,38,35
G02,Enhanced Mining mk1,211,Shards,24,7.55e97,G01,G02,106,651,38,35
G02,Enhanced Mining mk1,212,Shards,24,3.89e98,G01,G02,106,651,38,35
G02,Enhanced Mining mk1,213,Shards,24,2.02e99,G01,G02,106,651,38,35
G02,Enhanced Mining mk1,214,Shards,24,1.05e100,G01,G02,106,651,38,35
G02,Enhanced Mining mk1,215,Shards,24,5.48e100,G01,G02,106,651,38,35
G02,Enhanced Mining mk1,216,Shards,24,2.87e101,G01,G02,106,651,38,35
G02,Enhanced Mining mk1,217,Shards,24,1.51e102,G01,G02,106,651,38,35
G02,Enhanced Mining mk1,218,Shards,24,7.99e102,G01,G02,106,651,38,35
G02,Enhanced Mining mk1,219,Shards,24,4.24e103,G01,G02,106,651,38,35
G02,Enhanced Mining mk1,220,Shards,24,2.26e104,G01,G02,106,651,38,35
G02,Enhanced Mining mk1,221,Shards,24,1.21e105,G01,G02,106,651,38,35
G02,Enhanced Mining mk1,222,Shards,24,6.48e105,G01,G02,106,651,38,35
G02,Enhanced Mining mk1,223,Shards,24,3.49e106,G01,G02,106,651,38,35
G02,Enhanced Mining mk1,224,Shards,24,1.89e107,G01,G02,106,651,38,35
G02,Enhanced Mining mk1,225,Shards,24,1.03e108,G01,G02,106,651,38,35
G02,Enhanced Mining mk1,226,Shards,24,5.60e108,G01,G02,106,651,38,35
G02,Enhanced Mining mk1,227,Shards,24,3.07e109,G01,G02,106,651,38,35
G02,Enhanced Mining mk1,228,Shards,24,1.69e110,G01,G02,106,651,38,35
G02,Enhanced Mining mk1,229,Shards,24,9.30e110,G01,G02,106,651,38,35
G02,Enhanced Mining mk1,230,Shards,24,5.15e111,G01,G02,106,651,38,35
G02,Enhanced Mining mk1,231,Shards,24,2.86e112,G01,G02,106,651,38,35
G02,Enhanced Mining mk1,232,Shards,24,1.60e113,G01,G02,106,651,38,35
G02,Enhanced Mining mk1,233,Shards,24,8.96e113,G01,G02,106,651,38,35
G02,Enhanced Mining mk1,234,Shards,24,5.04e114,G01,G02,106,651,38,35
G02,Enhanced Mining mk1,235,Shards,24,2.84e115,G01,G02,106,651,38,35
G02,Enhanced Mining mk1,236,Shards,24,1.61e116,G01,G02,106,651,38,35
G02,Enhanced Mining mk1,237,Shards,24,9.16e116,G01,G02,106,651,38,35
G02,Enhanced Mining mk1,238,Shards,24,5.23e117,G01,G02,106,651,38,35
G02,Enhanced Mining mk1,239,Shards,24,3.00e118,G01,G02,106,651,38,35
G02,Enhanced Mining mk1,240,Shards,24,1.72e119,G01,G02,106,651,38,35
G02,Enhanced Mining mk1,241,Shards,24,9.95e119,G01,G02,106,651,38,35
G02,Enhanced Mining mk1,242,Shards,24,5.76e120,G01,G02,106,651,38,35
G02,Enhanced Mining mk1,243,Shards,24,3.35e121,G01,G02,106,651,38,35
G02,Enhanced Mining mk1,244,Shards,24,1.96e122,G01,G02,106,651,38,35
G02,Enhanced Mining mk1,245,Shards,24,1.15e123,G01,G02,106,651,38,35
G02,Enhanced Mining mk1,246,Shards,24,6.73e123,G01,G02,106,651,38,35
G02,Enhanced Mining mk1,247,Shards,24,3.97e124,G01,G02,106,651,38,35
G02,Enhanced Mining mk1,248,Shards,24,2.35e125,G01,G02,106,651,38,35
G02,Enhanced Mining mk1,249,Shards,24,1.40e126,G01,G02,106,651,38,35
G02,Enhanced Mining mk1,250,Shards,24,8.34e126,G01,G02,106,651,38,35
G02,Enhanced Mining mk1,251,Shards,24,4.99e127,G01,G02,106,651,38,35
G02,Enhanced Mining mk1,252,Shards,24,3.00e128,G01,G02,106,651,38,35
G02,Enhanced Mining mk1,253,Shards,24,1.81e129,G01,G02,106,651,38,35
G02,Enhanced Mining mk1,254,Shards,24,1.09e130,G01,G02,106,651,38,35
G02,Enhanced Mining mk1,255,Shards,24,6.64e130,G01,G02,106,651,38,35
G02,Enhanced Mining mk1,256,Shards,24,4.04e131,G01,G02,106,651,38,35
G02,Enhanced Mining mk1,257,Shards,24,2.47e132,G01,G02,106,651,38,35
G02,Enhanced Mining mk1,258,Shards,24,1.52e133,G01,G02,106,651,38,35
G02,Enhanced Mining mk1,259,Shards,24,9.33e133,G01,G02,106,651,38,35
G02,Enhanced Mining mk1,260,Shards,24,5.77e134,G01,G02,106,651,38,35
G02,Enhanced Mining mk1,261,Shards,24,3.57e135,G01,G02,106,651,38,35
G02,Enhanced Mining mk1,262,Shards,24,2.22e136,G01,G02,106,651,38,35
G02,Enhanced Mining mk1,263,Shards,24,1.39e137,G01,G02,106,651,38,35
G02,Enhanced Mining mk1,264,Shards,24,8.69e137,G01,G02,106,651,38,35
G02,Enhanced Mining mk1,265,Shards,24,5.46e138,G01,G02,106,651,38,35
G02,Enhanced Mining mk1,266,Shards,24,3.44e139,G01,G02,106,651,38,35
G02,Enhanced Mining mk1,267,Shards,24,2.18e140,G01,G02,106,651,38,35
G02,Enhanced Mining mk1,268,Shards,24,1.38e141,G01,G02,106,651,38,35
G02,Enhanced Mining mk1,269,Shards,24,8.81e141,G01,G02,106,651,38,35
G02,Enhanced Mining mk1,270,Shards,24,5.63e142,G01,G02,106,651,38,35
G02,Enhanced Mining mk1,271,Shards,24,3.61e143,G01,G02,106,651,38,35
G02,Enhanced Mining mk1,272,Shards,24,2.32e144,G01,G02,106,651,38,35
G02,Enhanced Mining mk1,273,Shards,24,1.50e145,G01,G02,106,651,38,35
G02,Enhanced Mining mk1,274,Shards,24,9.71e145,G01,G02,106,651,38,35
G02,Enhanced Mining mk1,275,Shards,24,6.31e146,G01,G02,106,651,38,35
G02,Enhanced Mining mk1,276,Shards,24,4.11e147,G01,G02,106,651,38,35
G02,Enhanced Mining mk1,277,Shards,24,2.69e148,G01,G02,106,651,38,35
G02,Enhanced Mining mk1,278,Shards,24,1.77e149,G01,G02,106,651,38,35
G02,Enhanced Mining mk1,279,Shards,24,1.16e150,G01,G02,106,651,38,35
G02,Enhanced Mining mk1,280,Shards,24,7.68e150,G01,G02,106,651,38,35
G02,Enhanced Mining mk1,281,Shards,24,5.09e151,G01,G02,106,651,38,35
G02,Enhanced Mining mk1,282,Shards,24,3.38e152,G01,G02,106,651,38,35
G02,Enhanced Mining mk1,283,Shards,24,2.26e153,G01,G02,106,651,38,35
G02,Enhanced Mining mk1,284,Shards,24,1.51e154,G01,G02,106,651,38,35
G02,Enhanced Mining mk1,285,Shards,24,1.01e155,G01,G02,106,651,38,35
G02,Enhanced Mining mk1,286,Shards,24,6.83e155,G01,G02,106,651,38,35
G02,Enhanced Mining mk1,287,Shards,24,4.61e156,G01,G02,106,651,38,35
G02,Enhanced Mining mk1,288,Shards,24,3.12e157,G01,G02,106,651,38,35
G02,Enhanced Mining mk1,289,Shards,24,2.12e158,G01,G02,106,651,38,35
G02,Enhanced Mining mk1,290,Shards,24,1.45e159,G01,G02,106,651,38,35
G02,Enhanced Mining mk1,291,Shards,24,9.91e159,G01,G02,106,651,38,35
G02,Enhanced Mining mk1,292,Shards,24,6.80e160,G01,G02,106,651,38,35
G02,Enhanced Mining mk1,293,Shards,24,4.68e161,G01,G02,106,651,38,35
G02,Enhanced Mining mk1,294,Shards,24,3.23e162,G01,G02,106,651,38,35
G02,Enhanced Mining mk1,295,Shards,24,2.24e163,G01,G02,106,651,38,35
G02,Enhanced Mining mk1,296,Shards,24,1.56e164,G01,G02,106,651,38,35
G02,Enhanced Mining mk1,297,Shards,24,1.09e165,G01,G02,106,651,38,35
G02,Enhanced Mining mk1,298,Shards,24,7.59e165,G01,G02,106,651,38,35
G02,Enhanced Mining mk1,299,Shards,24,5.32e166,G01,G02,106,651,38,35
G02,Enhanced Mining mk1,300,Shards,24,3.74e167,G01,G02,106,651,38,35
G02,Enhanced Mining mk1,301,Shards,24,2.64e168,G01,G02,106,651,38,35
G02,Enhanced Mining mk1,302,Shards,24,1.87e169,G01,G02,106,651,38,35
G02,Enhanced Mining mk1,303,Shards,24,1.33e170,G01,G02,106,651,38,35
G02,Enhanced Mining mk1,304,Shards,24,9.45e170,G01,G02,106,651,38,35
G02,Enhanced Mining mk1,305,Shards,24,6.75e171,G01,G02,106,651,38,35
G02,Enhanced Mining mk1,306,Shards,24,4.84e172,G01,G02,106,651,38,35
G02,Enhanced Mining mk1,307,Shards,24,3.47e173,G01,G02,106,651,38,35
G02,Enhanced Mining mk1,308,Shards,24,2.50e174,G01,G02,106,651,38,35
G02,Enhanced Mining mk1,309,Shards,24,1.81e175,G01,G02,106,651,38,35
G02,Enhanced Mining mk1,310,Shards,24,1.31e176,G01,G02,106,651,38,35
G02,Enhanced Mining mk1,311,Shards,24,9.54e176,G01,G02,106,651,38,35
G02,Enhanced Mining mk1,312,Shards,24,6.96e177,G01,G02,106,651,38,35
G02,Enhanced Mining mk1,313,Shards,24,5.09e178,G01,G02,106,651,38,35
G02,Enhanced Mining mk1,314,Shards,24,3.74e179,G01,G02,106,651,38,35
G02,Enhanced Mining mk1,315,Shards,24,2.75e180,G01,G02,106,651,38,35
G02,Enhanced Mining mk1,316,Shards,24,2.03e181,G01,G02,106,651,38,35
G02,Enhanced Mining mk1,317,Shards,24,1.50e182,G01,G02,106,651,38,35
G02,Enhanced Mining mk1,318,Shards,24,1.11e183,G01,G02,106,651,38,35
G02,Enhanced Mining mk1,319,Shards,24,8.29e183,G01,G02,106,651,38,35
G02,Enhanced Mining mk1,320,Shards,24,6.19e184,G01,G02,106,651,38,35
G02,Enhanced Mining mk1,321,Shards,24,4.64e185,G01,G02,106,651,38,35
G02,Enhanced Mining mk1,322,Shards,24,3.48e186,G01,G02,106,651,38,35
G02,Enhanced Mining mk1,323,Shards,24,2.62e187,G01,G02,106,651,38,35
G02,Enhanced Mining mk1,324,Shards,24,1.98e188,G01,G02,106,651,38,35
G02,Enhanced Mining mk1,325,Shards,24,1.50e189,G01,G02,106,651,38,35
G02,Enhanced Mining mk1,326,Shards,24,1.14e190,G01,G02,106,651,38,35
G02,Enhanced Mining mk1,327,Shards,24,8.67e190,G01,G02,106,651,38,35
G02,Enhanced Mining mk1,328,Shards,24,6.63e191,G01,G02,106,651,38,35
G02,Enhanced Mining mk1,329,Shards,24,5.08e192,G01,G02,106,651,38,35
G02,Enhanced Mining mk1,330,Shards,24,3.90e193,G01,G02,106,651,38,35
G02,Enhanced Mining mk1,331,Shards,24,3.00e194,G01,G02,106,651,38,35
G02,Enhanced Mining mk1,332,Shards,24,2.32e195,G01,G02,106,651,38,35
G02,Enhanced Mining mk1,333,Shards,24,1.80e196,G01,G02,106,651,38,35
G02,Enhanced Mining mk1,334,Shards,24,1.40e197,G01,G02,106,651,38,35
G02,Enhanced Mining mk1,335,Shards,24,1.09e198,G01,G02,106,651,38,35
G02,Enhanced Mining mk1,336,Shards,24,8.49e198,G01,G02,106,651,38,35
G02,Enhanced Mining mk1,337,Shards,24,6.65e199,G01,G02,106,651,38,35
G02,Enhanced Mining mk1,338,Shards,24,5.23e200,G01,G02,106,651,38,35
G02,Enhanced Mining mk1,339,Shards,24,4.12e201,G01,G02,106,651,38,35
G02,Enhanced Mining mk1,340,Shards,24,3.25e202,G01,G02,106,651,38,35
G02,Enhanced Mining mk1,341,Shards,24,2.57e203,G01,G02,106,651,38,35
G02,Enhanced Mining mk1,342,Shards,24,2.04e204,G01,G02,106,651,38,35
G02,Enhanced Mining mk1,343,Shards,24,1.63e205,G01,G02,106,651,38,35
G02,Enhanced Mining mk1,344,Shards,24,1.30e206,G01,G02,106,651,38,35
G02,Enhanced Mining mk1,345,Shards,24,1.04e207,G01,G02,106,651,38,35
G02,Enhanced Mining mk1,346,Shards,24,8.35e207,G01,G02,106,651,38,35
G02,Enhanced Mining mk1,347,Shards,24,6.72e208,G01,G02,106,651,38,35
G02,Enhanced Mining mk1,348,Shards,24,5.43e209,G01,G02,106,651,38,35
G02,Enhanced Mining mk1,349,Shards,24,4.39e210,G01,G02,106,651,38,35
G02,Enhanced Mining mk1,350,Shards,24,3.56e211,G01,G02,106,651,38,35
G02,Enhanced Mining mk1,351,Shards,24,2.90e212,G01,G02,106,651,38,35
G02,Enhanced Mining mk1,352,Shards,24,2.36e213,G01,G02,106,651,38,35
G02,Enhanced Mining mk1,353,Shards,24,1.93e214,G01,G02,106,651,38,35
G02,Enhanced Mining mk1,354,Shards,24,1.59e215,G01,G02,106,651,38,35
G02,Enhanced Mining mk1,355,Shards,24,1.30e216,G01,G02,106,651,38,35
G02,Enhanced Mining mk1,356,Shards,24,1.08e217,G01,G02,106,651,38,35
G02,Enhanced Mining mk1,357,Shards,24,8.89e217,G01,G02,106,651,38,35
G02,Enhanced Mining mk1,358,Shards,24,7.37e218,G01,G02,106,651,38,35
G02,Enhanced Mining mk1,359,Shards,24,6.12e219,G01,G02,106,651,38,35
G02,Enhanced Mining mk1,360,Shards,24,5.10e220,G01,G02,106,651,38,35
G02,Enhanced Mining mk1,361,Shards,24,4.26e221,G01,G02,106,651,38,35
G02,Enhanced Mining mk1,362,Shards,24,3.57e222,G01,G02,106,651,38,35
G02,Enhanced Mining mk1,363,Shards,24,2.99e223,G01,G02,106,651,38,35
G02,Enhanced Mining mk1,364,Shards,24,2.52e224,G01,G02,106,651,38,35
G02,Enhanced Mining mk1,365,Shards,24,2.13e225,G01,G02,106,651,38,35
G02,Enhanced Mining mk1,366,Shards,24,1.80e226,G01,G02,106,651,38,35
G02,Enhanced Mining mk1,367,Shards,24,1.53e227,G01,G02,106,651,38,35
G02,Enhanced Mining mk1,368,Shards,24,1.30e228,G01,G02,106,651,38,35
G02,Enhanced Mining mk1,369,Shards,24,1.11e229,G01,G02,106,651,38,35
G02,Enhanced Mining mk1,370,Shards,24,9.46e229,G01,G02,106,651,38,35
G02,Enhanced Mining mk1,371,Shards,24,8.11e230,G01,G02,106,651,38,35
G02,Enhanced Mining mk1,372,Shards,24,6.97e231,G01,G02,106,651,38,35
G02,Enhanced Mining mk1,373,Shards,24,6.00e232,G01,G02,106,651,38,35
G02,Enhanced Mining mk1,374,Shards,24,5.18e233,G01,G02,106,651,38,35
G02,Enhanced Mining mk1,375,Shards,24,4.49e234,G01,G02,106,651,38,35
G02,Enhanced Mining mk1,376,Shards,24,3.89e235,G01,G02,106,651,38,35
G02,Enhanced Mining mk1,377,Shards,24,3.39e236,G01,G02,106,651,38,35
G02,Enhanced Mining mk1,378,Shards,24,2.95e237,G01,G02,106,651,38,35
G02,Enhanced Mining mk1,379,Shards,24,2.58e238,G01,G02,106,651,38,35
G02,Enhanced Mining mk1,380,Shards,24,2.26e239,G01,G02,106,651,38,35
G02,Enhanced Mining mk1,381,Shards,24,1.99e240,G01,G02,106,651,38,35
G02,Enhanced Mining mk1,382,Shards,24,1.75e241,G01,G02,106,651,38,35
G02,Enhanced Mining mk1,383,Shards,24,1.55e242,G01,G02,106,651,38,35
G02,Enhanced Mining mk1,384,Shards,24,1.37e243,G01,G02,106,651,38,35
G02,Enhanced Mining mk1,385,Shards,24,1.22e244,G01,G02,106,651,38,35
G02,Enhanced Mining mk1,386,Shards,24,1.08e245,G01,G02,106,651,38,35
G02,Enhanced Mining mk1,387,Shards,24,9.64e245,G01,G02,106,651,38,35
G02,Enhanced Mining mk1,388,Shards,24,8.62e246,G01,G02,106,651,38,35
G02,Enhanced Mining mk1,389,Shards,24,7.72e247,G01,G02,106,651,38,35
G02,Enhanced Mining mk1,390,Shards,24,6.93e248,G01,G02,106,651,38,35
G02,Enhanced Mining mk1,391,Shards,24,6.24e249,G01,G02,106,651,38,35
G02,Enhanced Mining mk1,392,Shards,24,5.64e250,G01,G02,106,651,38,35
G02,Enhanced Mining mk1,393,Shards,24,5.10e251,G01,G02,106,651,38,35
G02,Enhanced Mining mk1,394,Shards,24,4.62e252,G01,G02,106,651,38,35
G02,Enhanced Mining mk1,395,Shards,24,4.20e253,G01,G02,106,651,38,35
G02,Enhanced Mining mk1,396,Shards,24,3.83e254,G01,G02,106,651,38,35
G02,Enhanced Mining mk1,397,Shards,24,3.50e255,G01,G02,106,651,38,35
G02,Enhanced Mining mk1,398,Shards,24,3.20e256,G01,G02,106,651,38,35
G02,Enhanced Mining mk1,399,Shards,24,2.94e257,G01,G02,106,651,38,35
G02,Enhanced Mining mk1,400,Shards,24,2.71e258,G01,G02,106,651,38,35
G02,Enhanced Mining mk1,401,Shards,24,2.49e259,G01,G02,106,651,38,35
G02,Enhanced Mining mk1,402,Shards,24,2.31e260,G01,G02,106,651,38,35
G02,Enhanced Mining mk1,403,Shards,24,2.14e261,G01,G02,106,651,38,35
G02,Enhanced Mining mk1,404,Shards,24,1.98e262,G01,G02,106,651,38,35
G02,Enhanced Mining mk1,405,Shards,24,1.85e263,G01,G02,106,651,38,35
G02,Enhanced Mining mk1,406,Shards,24,1.72e264,G01,G02,106,651,38,35
G02,Enhanced Mining mk1,407,Shards,24,1.61e265,G01,G02,106,651,38,35
G02,Enhanced Mining mk1,408,Shards,24,1.51e266,G01,G02,106,651,38,35
G02,Enhanced Mining mk1,409,Shards,24,1.42e267,G01,G02,106,651,38,35
G02,Enhanced Mining mk1,410,Shards,24,1.34e268,G01,G02,106,651,38,35
G02,Enhanced Mining mk1,411,Shards,24,1.26e269,G01,G02,106,651,38,35
G02,Enhanced Mining mk1,412,Shards,24,1.19e270,G01,G02,106,651,38,35
G02,Enhanced Mining mk1,413,Shards,24,1.13e271,G01,G02,106,651,38,35
G02,Enhanced Mining mk1,414,Shards,24,1.08e272,G01,G02,106,651,38,35
G02,Enhanced Mining mk1,415,Shards,24,1.03e273,G01,G02,106,651,38,35
G02,Enhanced Mining mk1,416,Shards,24,9.79e273,G01,G02,106,651,38,35
G02,Enhanced Mining mk1,417,Shards,24,9.37e274,G01,G02,106,651,38,35
G02,Enhanced Mining mk1,418,Shards,24,8.99e275,G01,G02,106,651,38,35
G02,Enhanced Mining mk1,419,Shards,24,8.64e276,G01,G02,106,651,38,35
G02,Enhanced Mining mk1,420,Shards,24,8.32e277,G01,G02,106,651,38,35
G02,Enhanced Mining mk1,421,Shards,24,8.04e278,G01,G02,106,651,38,35
G02,Enhanced Mining mk1,422,Shards,24,7.78e279,G01,G02,106,651,38,35
G02,Enhanced Mining mk1,423,Shards,24,7.55e280,G01,G02,106,651,38,35
G02,Enhanced Mining mk1,424,Shards,24,7.34e281,G01,G02,106,651,38,35
G02,Enhanced Mining mk1,425,Shards,24,7.15e282,G01,G02,106,651,38,35
G02,Enhanced Mining mk1,426,Shards,24,6.98e283,G01,G02,106,651,38,35
G02,Enhanced Mining mk1,427,Shards,24,6.84e284,G01,G02,106,651,38,35
G02,Enhanced Mining mk1,428,Shards,24,6.71e285,G01,G02,106,651,38,35
G02,Enhanced Mining mk1,429,Shards,24,6.59e286,G01,G02,106,651,38,35
G02,Enhanced Mining mk1,430,Shards,24,6.50e287,G01,G02,106,651,38,35
G02,Enhanced Mining mk1,431,Shards,24,6.42e288,G01,G02,106,651,38,35
G02,Enhanced Mining mk1,432,Shards,24,6.35e289,G01,G02,106,651,38,35
G02,Enhanced Mining mk1,433,Shards,24,6.30e290,G01,G02,106,651,38,35
G02,Enhanced Mining mk1,434,Shards,24,6.26e291,G01,G02,106,651,38,35
G02,Enhanced Mining mk1,435,Shards,24,6.24e292,G01,G02,106,651,38,35
G02,Enhanced Mining mk1,436,Shards,24,6.23e293,G01,G02,106,651,38,35
G02,Enhanced Mining mk1,437,Shards,24,6.23e294,G01,G02,106,651,38,35
G02,Enhanced Mining mk1,438,Shards,24,6.25e295,G01,G02,106,651,38,35
G02,Enhanced Mining mk1,439,Shards,24,6.28e296,G01,G02,106,651,38,35
G02,Enhanced Mining mk1,440,Shards,24,6.33e297,G01,G02,106,651,38,35
G02,Enhanced Mining mk1,441,Shards,24,6.39e298,G01,G02,106,651,38,35
G02,Enhanced Mining mk1,442,Shards,24,6.46e299,G01,G02,106,651,38,35
G02,Enhanced Mining mk1,443,Shards,24,6.55e300,G01,G02,106,651,38,35
G02,Enhanced Mining mk1,444,Shards,24,6.65e301,G01,G02,106,651,38,35
G02,Enhanced Mining mk1,445,Shards,24,6.77e302,G01,G02,106,651,38,35
G02,Enhanced Mining mk1,446,Shards,24,6.91e303,G01,G02,106,651,38,35
G02,Enhanced Mining mk1,447,Shards,24,7.07e304,G01,G02,106,651,38,35
G02,Enhanced Mining mk1,448,Shards,24,7.24e305,G01,G02,106,651,38,35
G02,Enhanced Mining mk1,449,Shards,24,7.43e306,G01,G02,106,651,38,35
G02,Enhanced Mining mk1,450,Shards,24,7.65e307,G01,G02,106,651,38,35
G02,Enhanced Mining mk1,451,Shards,24,7.89e308,G01,G02,106,651,38,35
G02,Enhanced Mining mk1,452,Shards,24,8.15e309,G01,G02,106,651,38,35
G02,Enhanced Mining mk1,453,Shards,24,8.44e310,G01,G02,106,651,38,35
G02,Enhanced Mining mk1,454,Shards,24,8.76e311,G01,G02,106,651,38,35
G02,Enhanced Mining mk1,455,Shards,24,9.11e312,G01,G02,106,651,38,35
G02,Enhanced Mining mk1,456,Shards,24,9.49e313,G01,G02,106,651,38,35
G02,Enhanced Mining mk1,457,Shards,24,9.92e314,G01,G02,106,651,38,35
G02,Enhanced Mining mk1,458,Shards,24,1.04e316,G01,G02,106,651,38,35
G02,Enhanced Mining mk1,459,Shards,24,1.09e317,G01,G02,106,651,38,35
G02,Enhanced Mining mk1,460,Shards,24,1.14e318,G01,G02,106,651,38,35
G02,Enhanced Mining mk1,461,Shards,24,1.20e319,G01,G02,106,651,38,35
G02,Enhanced Mining mk1,462,Shards,24,1.27e320,G01,G02,106,651,38,35
G02,Enhanced Mining mk1,463,Shards,24,1.34e321,G01,G02,106,651,38,35
G02,Enhanced Mining mk1,464,Shards,24,1.42e322,G01,G02,106,651,38,35
G02,Enhanced Mining mk1,465,Shards,24,1.51e323,G01,G02,106,651,38,35
G02,Enhanced Mining mk1,466,Shards,24,1.61e324,G01,G02,106,651,38,35
G02,Enhanced Mining mk1,467,Shards,24,1.72e325,G01,G02,106,651,38,35
G02,Enhanced Mining mk1,468,Shards,24,1.83e326,G01,G02,106,651,38,35
G02,Enhanced Mining mk1,469,Shards,24,1.96e327,G01,G02,106,651,38,35
G02,Enhanced Mining mk1,470,Shards,24,2.10e328,G01,G02,106,651,38,35
G02,Enhanced Mining mk1,471,Shards,24,2.26e329,G01,G02,106,651,38,35
G02,Enhanced Mining mk1,472,Shards,24,2.44e330,G01,G02,106,651,38,35
G02,Enhanced Mining mk1,473,Shards,24,2.63e331,G01,G02,106,651,38,35
G02,Enhanced Mining mk1,474,Shards,24,2.84e332,G01,G02,106,651,38,35
G02,Enhanced Mining mk1,475,Shards,24,3.08e333,G01,G02,106,651,38,35
G02,Enhanced Mining mk1,476,Shards,24,3.35e334,G01,G02,106,651,38,35
G02,Enhanced Mining mk1,477,Shards,24,3.64e335,G01,G02,106,651,38,35
G02,Enhanced Mining mk1,478,Shards,24,3.97e336,G01,G02,106,651,38,35
G02,Enhanced Mining mk1,479,Shards,24,4.34e337,G01,G02,106,651,38,35
G02,Enhanced Mining mk1,480,Shards,24,4.75e338,G01,G02,106,651,38,35
G02,Enhanced Mining mk1,481,Shards,24,5.21e339,G01,G02,106,651,38,35
G02,Enhanced Mining mk1,482,Shards,24,5.72e340,G01,G02,106,651,38,35
G02,Enhanced Mining mk1,483,Shards,24,6.30e341,G01,G02,106,651,38,35
G02,Enhanced Mining mk1,484,Shards,24,6.95e342,G01,G02,106,651,38,35
G02,Enhanced Mining mk1,485,Shards,24,7.69e343,G01,G02,106,651,38,35
G02,Enhanced Mining mk1,486,Shards,24,8.52e344,G01,G02,106,651,38,35
G02,Enhanced Mining mk1,487,Shards,24,9.45e345,G01,G02,106,651,38,35
G02,Enhanced Mining mk1,488,Shards,24,1.05e347,G01,G02,106,651,38,35
G02,Enhanced Mining mk1,489,Shards,24,1.17e348,G01,G02,106,651,38,35
G02,Enhanced Mining mk1,490,Shards,24,1.31e349,G01,G02,106,651,38,35
G02,Enhanced Mining mk1,491,Shards,24,1.46e350,G01,G02,106,651,38,35
G02,Enhanced Mining mk1,492,Shards,24,1.64e351,G01,G02,106,651,38,35
G02,Enhanced Mining mk1,493,Shards,24,1.84e352,G01,G02,106,651,38,35
G02,Enhanced Mining mk1,494,Shards,24,2.07e353,G01,G02,106,651,38,35
G02,Enhanced Mining mk1,495,Shards,24,2.34e354,G01,G02,106,651,38,35
G02,Enhanced Mining mk1,496,Shards,24,2.64e355,G01,G02,106,651,38,35
G02,Enhanced Mining mk1,497,Shards,24,2.99e356,G01,G02,106,651,38,35
G02,Enhanced Mining mk1,498,Shards,24,3.39e357,G01,G02,106,651,38,35
G02,Enhanced Mining mk1,499,Shards,24,3.85e358,G01,G02,106,651,38,35
G02,Enhanced Mining mk1,500,Shards,24,4.38e359,G01,G02,106,651,38,35
G02,Enhanced Mining mk1,501,Shards,24,5.00e360,G01,G02,106,651,38,35
G02,Enhanced Mining mk1,502,Shards,24,5.71e361,G01,G02,106,651,38,35
G02,Enhanced Mining mk1,503,Shards,24,6.54e362,G01,G02,106,651,38,35
G02,Enhanced Mining mk1,504,Shards,24,7.50e363,G01,G02,106,651,38,35
G02,Enhanced Mining mk1,505,Shards,24,8.63e364,G01,G02,106,651,38,35
G02,Enhanced Mining mk1,506,Shards,24,9.93e365,G01,G02,106,651,38,35
G02,Enhanced Mining mk1,507,Shards,24,1.15e367,G01,G02,106,651,38,35
G02,Enhanced Mining mk1,508,Shards,24,1.32e368,G01,G02,106,651,38,35
G02,Enhanced Mining mk1,509,Shards,24,1.53e369,G01,G02,106,651,38,35
G02,Enhanced Mining mk1,510,Shards,24,1.78e370,G01,G02,106,651,38,35
G02,Enhanced Mining mk1,511,Shards,24,2.07e371,G01,G02,106,651,38,35
G02,Enhanced Mining mk1,512,Shards,24,2.41e372,G01,G02,106,651,38,35
G02,Enhanced Mining mk1,513,Shards,24,2.81e373,G01,G02,106,651,38,35
G02,Enhanced Mining mk1,514,Shards,24,3.29e374,G01,G02,106,651,38,35
G02,Enhanced Mining mk1,515,Shards,24,3.85e375,G01,G02,106,651,38,35
G02,Enhanced Mining mk1,516,Shards,24,4.52e376,G01,G02,106,651,38,35
G02,Enhanced Mining mk1,517,Shards,24,5.31e377,G01,G02,106,651,38,35
G02,Enhanced Mining mk1,518,Shards,24,6.26e378,G01,G02,106,651,38,35
G02,Enhanced Mining mk1,519,Shards,24,7.39e379,G01,G02,106,651,38,35
G02,Enhanced Mining mk1,520,Shards,24,8.73e380,G01,G02,106,651,38,35
G02,Enhanced Mining mk1,521,Shards,24,1.03e382,G01,G02,106,651,38,35
G02,Enhanced Mining mk1,522,Shards,24,1.23e383,G01,G02,106,651,38,35
G02,Enhanced Mining mk1,523,Shards,24,1.46e384,G01,G02,106,651,38,35
G02,Enhanced Mining mk1,524,Shards,24,1.74e385,G01,G02,106,651,38,35
G02,Enhanced Mining mk1,525,Shards,24,2.07e386,G01,G02,106,651,38,35
G02,Enhanced Mining mk1,526,Shards,24,2.48e387,G01,G02,106,651,38,35
G02,Enhanced Mining mk1,527,Shards,24,2.97e388,G01,G02,106,651,38,35
G02,Enhanced Mining mk1,528,Shards,24,3.56e389,G01,G02,106,651,38,35
G02,Enhanced Mining mk1,529,Shards,24,4.28e390,G01,G02,106,651,38,35
G02,Enhanced Mining mk1,530,Shards,24,5.16e391,G01,G02,106,651,38,35
G02,Enhanced Mining mk1,531,Shards,24,6.22e392,G01,G02,106,651,38,35
G02,Enhanced Mining mk1,532,Shards,24,7.52e393,G01,G02,106,651,38,35
G02,Enhanced Mining mk1,533,Shards,24,9.10e394,G01,G02,106,651,38,35
G02,Enhanced Mining mk1,534,Shards,24,1.10e396,G01,G02,106,651,38,35
G02,Enhanced Mining mk1,535,Shards,24,1.34e397,G01,G02,106,651,38,35
G02,Enhanced Mining mk1,536,Shards,24,1.63e398,G01,G02,106,651,38,35
G02,Enhanced Mining mk1,537,Shards,24,1.99e399,G01,G02,106,651,38,35
G27,Ahead of the Curve,1,Shards,25,1.00e80,G02,,,,,
C3o,mk3 Enhancement,1,Cells,26,3.00,C2o,C3o,234,653,35,37
C3o,mk3 Enhancement,2,Cells,26,4.00,C2o,C3o,234,653,35,37
C3o,mk3 Enhancement,3,Cells,26,6.00,C2o,C3o,234,653,35,37
C3o,mk3 Enhancement,4,Cells,26,9.00,C2o,C3o,234,653,35,37
C3o,mk3 Enhancement,5,Cells,26,12.0,C2o,C3o,234,653,35,37
C3o,mk3 Enhancement,6,Cells,26,17.0,C2o,C3o,234,653,35,37
C3o,mk3 Enhancement,7,Cells,26,24.0,C2o,C3o,234,653,35,37
C3o,mk3 Enhancement,8,Cells,26,35.0,C2o,C3o,234,653,35,37
C3o,mk3 Enhancement,9,Cells,26,50.0,C2o,C3o,234,653,35,37
C3o,mk3 Enhancement,10,Cells,26,72.0,C2o,C3o,234,653,35,37
C3o,mk3 Enhancement,11,Cells,26,107,C2o,C3o,234,653,35,37
C3o,mk3 Enhancement,12,Cells,26,159,C2o,C3o,234,653,35,37
C3o,mk3 Enhancement,13,Cells,26,240,C2o,C3o,234,653,35,37
C3o,mk3 Enhancement,14,Cells,26,368,C2o,C3o,234,653,35,37
C3o,mk3 Enhancement,15,Cells,26,573,C2o,C3o,234,653,35,37
C3o,mk3 Enhancement,16,Cells,26,905,C2o,C3o,234,653,35,37
C3o,mk3 Enhancement,17,Cells,26,1.45k,C2o,C3o,234,653,35,37
C3o,mk3 Enhancement,18,Cells,26,2.37k,C2o,C3o,234,653,35,37
C3o,mk3 Enhancement,19,Cells,26,3.92k,C2o,C3o,234,653,35,37
C3o,mk3 Enhancement,20,Cells,26,6.59k,C2o,C3o,234,653,35,37
C3o,mk3 Enhancement,21,Cells,26,11.2k,C2o,C3o,234,653,35,37
C3o,mk3 Enhancement,22,Cells,26,19.5k,C2o,C3o,234,653,35,37
C3o,mk3 Enhancement,23,Cells,26,34.3k,C2o,C3o,234,653,35,37
C3o,mk3 Enhancement,24,Cells,26,61.3k,C2o,C3o,234,653,35,37
C3o,mk3 Enhancement,25,Cells,26,111k,C2o,C3o,234,653,35,37
C3o,mk3 Enhancement,26,Cells,26,205k,C2o,C3o,234,653,35,37
C3o,mk3 Enhancement,27,Cells,26,383k,C2o,C3o,234,653,35,37
C3o,mk3 Enhancement,28,Cells,26,727k,C2o,C3o,234,653,35,37
C3o,mk3 Enhancement,29,Cells,26,1.40m,C2o,C3o,234,653,35,37
C3o,mk3 Enhancement,30,Cells,26,2.73m,C2o,C3o,234,653,35,37
C3o,mk3 Enhancement,31,Cells,26,5.41m,C2o,C3o,234,653,35,37
C3o,mk3 Enhancement,32,Cells,26,10.9m,C2o,C3o,234,653,35,37
C3o,mk3 Enhancement,33,Cells,26,22.2m,C2o,C3o,234,653,35,37
C3o,mk3 Enhancement,34,Cells,26,45.8m,C2o,C3o,234,653,35,37
C3o,mk3 Enhancement,35,Cells,26,96.1m,C2o,C3o,234,653,35,37
C3o,mk3 Enhancement,36,Cells,26,204m,C2o,C3o,234,653,35,37
C3o,mk3 Enhancement,37,Cells,26,440m,C2o,C3o,234,653,35,37
C3o,mk3 Enhancement,38,Cells,26,960m,C2o,C3o,234,653,35,37
C3o,mk3 Enhancement,39,Cells,26,2.12b,C2o,C3o,234,653,35,37
C3o,mk3 Enhancement,40,Cells,26,4.76b,C2o,C3o,234,653,35,37
C3o,mk3 Enhancement,41,Cells,26,10.8b,C2o,C3o,234,653,35,37
C3o,mk3 Enhancement,42,Cells,26,24.9b,C2o,C3o,234,653,35,37
C3o,mk3 Enhancement,43,Cells,26,58.0b,C2o,C3o,234,653,35,37
C3o,mk3 Enhancement,44,Cells,26,137b,C2o,C3o,234,653,35,37
C3o,mk3 Enhancement,45,Cells,26,327b,C2o,C3o,234,653,35,37
C3o,mk3 Enhancement,46,Cells,26,791b,C2o,C3o,234,653,35,37
C3o,mk3 Enhancement,47,Cells,26,1.94t,C2o,C3o,234,653,35,37
C3o,mk3 Enhancement,48,Cells,26,4.80t,C2o,C3o,234,653,35,37
C3o,mk3 Enhancement,49,Cells,26,12.1t,C2o,C3o,234,653,35,37
C3o,mk3 Enhancement,50,Cells,26,30.6t,C2o,C3o,234,653,35,37
C3o,mk3 Enhancement,51,Cells,26,78.7t,C2o,C3o,234,653,35,37
C3o,mk3 Enhancement,52,Cells,26,205t,C2o,C3o,234,653,35,37
C3o,mk3 Enhancement,53,Cells,26,539t,C2o,C3o,234,653,35,37
C3o,mk3 Enhancement,54,Cells,26,1.43qa,C2o,C3o,234,653,35,37
C3o,mk3 Enhancement,55,Cells,26,3.86qa,C2o,C3o,234,653,35,37
C3o,mk3 Enhancement,56,Cells,26,10.5qa,C2o,C3o,234,653,35,37
C3o,mk3 Enhancement,57,Cells,26,29.0qa,C2o,C3o,234,653,35,37
C3o,mk3 Enhancement,58,Cells,26,80.6qa,C2o,C3o,234,653,35,37
C3o,mk3 Enhancement,59,Cells,26,227qa,C2o,C3o,234,653,35,37
C3o,mk3 Enhancement,60,Cells,26,646qa,C2o,C3o,234,653,35,37
C3o,mk3 Enhancement,61,Cells,26,1.86qu,C2o,C3o,234,653,35,37
C3o,mk3 Enhancement,62,Cells,26,5.40qu,C2o,C3o,234,653,35,37
C3o,mk3 Enhancement,63,Cells,26,15.9qu,C2o,C3o,234,653,35,37
C3o,mk3 Enhancement,64,Cells,26,47.2qu,C2o,C3o,234,653,35,37
C3o,mk3 Enhancement,65,Cells,26,142qu,C2o,C3o,234,653,35,37
C3o,mk3 Enhancement,66,Cells,26,429qu,C2o,C3o,234,653,35,37
C3o,mk3 Enhancement,67,Cells,26,1.31sx,C2o,C3o,234,653,35,37
C3o,mk3 Enhancement,68,Cells,26,4.07sx,C2o,C3o,234,653,35,37
C3o,mk3 Enhancement,69,Cells,26,12.7sx,C2o,C3o,234,653,35,37
C3o,mk3 Enhancement,70,Cells,26,40.2sx,C2o,C3o,234,653,35,37
C3o,mk3 Enhancement,71,Cells,26,128sx,C2o,C3o,234,653,35,37
C3o,mk3 Enhancement,72,Cells,26,412sx,C2o,C3o,234,653,35,37
C3o,mk3 Enhancement,73,Cells,26,1.34sp,C2o,C3o,234,653,35,37
C3o,mk3 Enhancement,74,Cells,26,4.40sp,C2o,C3o,234,653,35,37
C3o,mk3 Enhancement,75,Cells,26,14.6sp,C2o,C3o,234,653,35,37
C3o,mk3 Enhancement,76,Cells,26,48.8sp,C2o,C3o,234,653,35,37
C3o,mk3 Enhancement,77,Cells,26,165sp,C2o,C3o,234,653,35,37
C3o,mk3 Enhancement,78,Cells,26,563sp,C2o,C3o,234,653,35,37
C3o,mk3 Enhancement,79,Cells,26,1.94o,C2o,C3o,234,653,35,37
C3o,mk3 Enhancement,80,Cells,26,6.73o,C2o,C3o,234,653,35,37
C3o,mk3 Enhancement,81,Cells,26,23.6o,C2o,C3o,234,653,35,37
C3o,mk3 Enhancement,82,Cells,26,83.4o,C2o,C3o,234,653,35,37
C3o,mk3 Enhancement,83,Cells,26,298o,C2o,C3o,234,653,35,37
C3o,mk3 Enhancement,84,Cells,26,1.07n,C2o,C3o,234,653,35,37
C3o,mk3 Enhancement,85,Cells,26,3.90n,C2o,C3o,234,653,35,37
C3o,mk3 Enhancement,86,Cells,26,14.3n,C2o,C3o,234,653,35,37
C3o,mk3 Enhancement,87,Cells,26,52.8n,C2o,C3o,234,653,35,37
C3o,mk3 Enhancement,88,Cells,26,197n,C2o,C3o,234,653,35,37
C3o,mk3 Enhancement,89,Cells,26,741n,C2o,C3o,234,653,35,37
C3o,mk3 Enhancement,90,Cells,26,2.81d,C2o,C3o,234,653,35,37
C3o,mk3 Enhancement,91,Cells,26,10.7d,C2o,C3o,234,653,35,37
C3o,mk3 Enhancement,92,Cells,26,41.5d,C2o,C3o,234,653,35,37
C3o,mk3 Enhancement,93,Cells,26,161d,C2o,C3o,234,653,35,37
C3o,mk3 Enhancement,94,Cells,26,633d,C2o,C3o,234,653,35,37
C3o,mk3 Enhancement,95,Cells,26,2.50e36,C2o,C3o,234,653,35,37
C3o,mk3 Enhancement,96,Cells,26,9.98e36,C2o,C3o,234,653,35,37
C3o,mk3 Enhancement,97,Cells,26,4.01e37,C2o,C3o,234,653,35,37
C3o,mk3 Enhancement,98,Cells,26,1.63e38,C2o,C3o,234,653,35,37
C3o,mk3 Enhancement,99,Cells,26,6.64e38,C2o,C3o,234,653,35,37
C3o,mk3 Enhancement,100,Cells,26,2.73e39,C2o,C3o,234,653,35,37
C3o,mk3 Enhancement,101,Cells,26,1.13e40,C2o,C3o,234,653,35,37
C3o,mk3 Enhancement,102,Cells,26,4.74e40,C2o,C3o,234,653,35,37
C3o,mk3 Enhancement,103,Cells,26,2.00e41,C2o,C3o,234,653,35,37
C3o,mk3 Enhancement,104,Cells,26,8.49e41,C2o,C3o,234,653,35,37
C3o,mk3 Enhancement,105,Cells,26,3.63e42,C2o,C3o,234,653,35,37
C3o,mk3 Enhancement,106,Cells,26,1.57e43,C2o,C3o,234,653,35,37
C3o,mk3 Enhancement,107,Cells,26,6.80e43,C2o,C3o,234,653,35,37
C3o,mk3 Enhancement,108,Cells,26,2.98e44,C2o,C3o,234,653,35,37
C3o,mk3 Enhancement,109,Cells,26,1.31e45,C2o,C3o,234,653,35,37
C3o,mk3 Enhancement,110,Cells,26,5.84e45,C2o,C3o,234,653,35,37
C3o,mk3 Enhancement,111,Cells,26,2.61e46,C2o,C3o,234,653,35,37
C3o,mk3 Enhancement,112,Cells,26,1.18e47,C2o,C3o,234,653,35,37
C3o,mk3 Enhancement,113,Cells,26,5.35e47,C2o,C3o,234,653,35,37
C3o,mk3 Enhancement,114,Cells,26,2.45e48,C2o,C3o,234,653,35,37
C3o,mk3 Enhancement,115,Cells,26,1.13e49,C2o,C3o,234,653,35,37
C3o,mk3 Enhancement,116,Cells,26,5.23e49,C2o,C3o,234,653,35,37
C3o,mk3 Enhancement,117,Cells,26,2.44e50,C2o,C3o,234,653,35,37
C3o,mk3 Enhancement,118,Cells,26,1.15e51,C2o,C3o,234,653,35,37
C3o,mk3 Enhancement,119,Cells,26,5.45e51,C2o,C3o,234,653,35,37
C3o,mk3 Enhancement,120,Cells,26,2.60e52,C2o,C3o,234,653,35,37
C3o,mk3 Enhancement,121,Cells,26,1.25e53,C2o,C3o,234,653,35,37
C3o,mk3 Enhancement,122,Cells,26,6.04e53,C2o,C3o,234,653,35,37
C3o,mk3 Enhancement,123,Cells,26,2.94e54,C2o,C3o,234,653,35,37
C3o,mk3 Enhancement,124,Cells,26,1.44e55,C2o,C3o,234,653,35,37
C3o,mk3 Enhancement,125,Cells,26,7.12e55,C2o,C3o,234,653,35,37
C3o,mk3 Enhancement,126,Cells,26,3.54e56,C2o,C3o,234,653,35,37
C3o,mk3 Enhancement,127,Cells,26,1.77e57,C2o,C3o,234,653,35,37
C3o,mk3 Enhancement,128,Cells,26,8.91e57,C2o,C3o,234,653,35,37
C3o,mk3 Enhancement,129,Cells,26,4.52e58,C2o,C3o,234,653,35,37
C3o,mk3 Enhancement,130,Cells,26,2.30e59,C2o,C3o,234,653,35,37
C3o,mk3 Enhancement,131,Cells,26,1.18e60,C2o,C3o,234,653,35,37
C3o,mk3 Enhancement,132,Cells,26,6.12e60,C2o,C3o,234,653,35,37
C3o,mk3 Enhancement,133,Cells,26,3.18e61,C2o,C3o,234,653,35,37
C3o,mk3 Enhancement,134,Cells,26,1.67e62,C2o,C3o,234,653,35,37
C3o,mk3 Enhancement,135,Cells,26,8.77e62,C2o,C3o,234,653,35,37
C3o,mk3 Enhancement,136,Cells,26,4.65e63,C2o,C3o,234,653,35,37
C3o,mk3 Enhancement,137,Cells,26,2.48e64,C2o,C3o,234,653,35,37
C3o,mk3 Enhancement,138,Cells,26,1.33e65,C2o,C3o,234,653,35,37
C3o,mk3 Enhancement,139,Cells,26,7.19e65,C2o,C3o,234,653,35,37
C3o,mk3 Enhancement,140,Cells,26,3.91e66,C2o,C3o,234,653,35,37
C3o,mk3 Enhancement,141,Cells,26,2.14e67,C2o,C3o,234,653,35,37
C3o,mk3 Enhancement,142,Cells,26,1.18e68,C2o,C3o,234,653,35,37
C3o,mk3 Enhancement,143,Cells,26,6.50e68,C2o,C3o,234,653,35,37
C3o,mk3 Enhancement,144,Cells,26,3.62e69,C2o,C3o,234,653,35,37
C3o,mk3 Enhancement,145,Cells,26,2.03e70,C2o,C3o,234,653,35,37
C3o,mk3 Enhancement,146,Cells,26,1.14e71,C2o,C3o,234,653,35,37
C3o,mk3 Enhancement,147,Cells,26,6.48e71,C2o,C3o,234,653,35,37
C3o,mk3 Enhancement,148,Cells,26,3.69e72,C2o,C3o,234,653,35,37
C3o,mk3 Enhancement,149,Cells,26,2.12e73,C2o,C3o,234,653,35,37
C3o,mk3 Enhancement,150,Cells,26,1.22e74,C2o,C3o,234,653,35,37
C3o,mk3 Enhancement,151,Cells,26,7.09e74,C2o,C3o,234,653,35,37
C3o,mk3 Enhancement,152,Cells,26,4.14e75,C2o,C3o,234,653,35,37
C3o,mk3 Enhancement,153,Cells,26,2.43e76,C2o,C3o,234,653,35,37
C3o,mk3 Enhancement,154,Cells,26,1.43e77,C2o,C3o,234,653,35,37
C3o,mk3 Enhancement,155,Cells,26,8.50e77,C2o,C3o,234,653,35,37
C3o,mk3 Enhancement,156,Cells,26,5.08e78,C2o,C3o,234,653,35,37
C3o,mk3 Enhancement,157,Cells,26,3.05e79,C2o,C3o,234,653,35,37
C3o,mk3 Enhancement,158,Cells,26,1.84e80,C2o,C3o,234,653,35,37
C3o,mk3 Enhancement,159,Cells,26,1.12e81,C2o,C3o,234,653,35,37
C3o,mk3 Enhancement,160,Cells,26,6.81e81,C2o,C3o,234,653,35,37
C3o,mk3 Enhancement,161,Cells,26,4.18e82,C2o,C3o,234,653,35,37
C3o,mk3 Enhancement,162,Cells,26,2.58e83,C2o,C3o,234,653,35,37
C3o,mk3 Enhancement,163,Cells,26,1.60e84,C2o,C3o,234,653,35,37
C3o,mk3 Enhancement,164,Cells,26,9.99e84,C2o,C3o,234,653,35,37
C3o,mk3 Enhancement,165,Cells,26,6.26e85,C2o,C3o,234,653,35,37
C3o,mk3 Enhancement,166,Cells,26,3.95e86,C2o,C3o,234,653,35,37
C3o,mk3 Enhancement,167,Cells,26,2.50e87,C2o,C3o,234,653,35,37
C3o,mk3 Enhancement,168,Cells,26,1.60e88,C2o,C3o,234,653,35,37
C3o,mk3 Enhancement,169,Cells,26,1.02e89,C2o,C3o,234,653,35,37
C3o,mk3 Enhancement,170,Cells,26,6.58e89,C2o,C3o,234,653,35,37
C3o,mk3 Enhancement,171,Cells,26,4.26e90,C2o,C3o,234,653,35,37
C3o,mk3 Enhancement,172,Cells,26,2.77e91,C2o,C3o,234,653,35,37
C3o,mk3 Enhancement,173,Cells,26,1.81e92,C2o,C3o,234,653,35,37
C3o,mk3 Enhancement,174,Cells,26,1.19e93,C2o,C3o,234,653,35,37
C3o,mk3 Enhancement,175,Cells,26,7.89e93,C2o,C3o,234,653,35,37
C3o,mk3 Enhancement,176,Cells,26,5.24e94,C2o,C3o,234,653,35,37
C3o,mk3 Enhancement,177,Cells,26,3.50e95,C2o,C3o,234,653,35,37
C3o,mk3 Enhancement,178,Cells,26,2.35e96,C2o,C3o,234,653,35,37
C3o,mk3 Enhancement,179,Cells,26,1.58e97,C2o,C3o,234,653,35,37
C3o,mk3 Enhancement,180,Cells,26,1.07e98,C2o,C3o,234,653,35,37
C3o,mk3 Enhancement,181,Cells,26,7.31e98,C2o,C3o,234,653,35,37
C3o,mk3 Enhancement,182,Cells,26,5.00e99,C2o,C3o,234,653,35,37
C3o,mk3 Enhancement,183,Cells,26,3.44e100,C2o,C3o,234,653,35,37
C3o,mk3 Enhancement,184,Cells,26,2.38e101,C2o,C3o,234,653,35,37
C3o,mk3 Enhancement,185,Cells,26,1.65e102,C2o,C3o,234,653,35,37
C3o,mk3 Enhancement,186,Cells,26,1.15e103,C2o,C3o,234,653,35,37
C3o,mk3 Enhancement,187,Cells,26,8.10e103,C2o,C3o,234,653,35,37
C3o,mk3 Enhancement,188,Cells,26,5.71e104,C2o,C3o,234,653,35,37
C3o,mk3 Enhancement,189,Cells,26,4.04e105,C2o,C3o,234,653,35,37
C3o,mk3 Enhancement,190,Cells,26,2.88e106,C2o,C3o,234,653,35,37
C3o,mk3 Enhancement,191,Cells,26,2.06e107,C2o,C3o,234,653,35,37
C3o,mk3 Enhancement,192,Cells,26,1.48e108,C2o,C3o,234,653,35,37
C3o,mk3 Enhancement,193,Cells,26,1.07e109,C2o,C3o,234,653,35,37
C3o,mk3 Enhancement,194,Cells,26,7.74e109,C2o,C3o,234,653,35,37
C3o,mk3 Enhancement,195,Cells,26,5.64e110,C2o,C3o,234,653,35,37
C3o,mk3 Enhancement,196,Cells,26,4.13e111,C2o,C3o,234,653,35,37
C3o,mk3 Enhancement,197,Cells,26,3.04e112,C2o,C3o,234,653,35,37
C3o,mk3 Enhancement,198,Cells,26,2.24e113,C2o,C3o,234,653,35,37
C3o,mk3 Enhancement,199,Cells,26,1.67e114,C2o,C3o,234,653,35,37
C3o,mk3 Enhancement,200,Cells,26,1.24e115,C2o,C3o,234,653,35,37
C3c,mk3 Production Cost,1,Cells,27,50.0,C3o,C3c,234,693,33,37
C3c,mk3 Production Cost,2,Cells,27,1.15k,C3o,C3c,234,693,33,37
C3c,mk3 Production Cost,3,Cells,27,25.3k,C3o,C3c,234,693,33,37
C3c,mk3 Production Cost,4,Cells,27,610k,C3o,C3c,234,693,33,37
C3c,mk3 Production Cost,5,Cells,27,16.4m,C3o,C3c,234,693,33,37
C3c,mk3 Production Cost,6,Cells,27,492m,C3o,C3c,234,693,33,37
C3c,mk3 Production Cost,7,Cells,27,16.5b,C3o,C3c,234,693,33,37
C3c,mk3 Production Cost,8,Cells,27,609b,C3o,C3c,234,693,33,37
C3c,mk3 Production Cost,9,Cells,27,24.7t,C3o,C3c,234,693,33,37
C3c,mk3 Production Cost,10,Cells,27,1.09qa,C3o,C3c,234,693,33,37
C2o,mk2 Enhancement,1,Cells,28,2.00,C1o,C2o,276,653,35,32
C2o,mk2 Enhancement,2,Cells,28,2.00,C1o,C2o,276,653,35,32
C2o,mk2 Enhancement,3,Cells,28,3.00,C1o,C2o,276,653,35,32
C2o,mk2 Enhancement,4,Cells,28,5.00,C1o,C2o,276,653,35,32
C2o,mk2 Enhancement,5,Cells,28,6.00,C1o,C2o,276,653,35,32
C2o,mk2 Enhancement,6,Cells,28,9.00,C1o,C2o,276,653,35,32
C2o,mk2 Enhancement,7,Cells,28,12.0,C1o,C2o,276,653,35,32
C2o,mk2 Enhancement,8,Cells,28,16.0,C1o,C2o,276,653,35,32
C2o,mk2 Enhancement,9,Cells,28,23.0,C1o,C2o,276,653,35,32
C2o,mk2 Enhancement,10,Cells,28,31.0,C1o,C2o,276,653,35,32
C2o,mk2 Enhancement,11,Cells,28,44.0,C1o,C2o,276,653,35,32
C2o,mk2 Enhancement,12,Cells,28,62.0,C1o,C2o,276,653,35,32
C2o,mk2 Enhancement,13,Cells,28,89.0,C1o,C2o,276,653,35,32
C2o,mk2 Enhancement,14,Cells,28,129,C1o,C2o,276,653,35,32
C2o,mk2 Enhancement,15,Cells,28,188,C1o,C2o,276,653,35,32
C2o,mk2 Enhancement,16,Cells,28,278,C1o,C2o,276,653,35,32
C2o,mk2 Enhancement,17,Cells,28,416,C1o,C2o,276,653,35,32
C2o,mk2 Enhancement,18,Cells,28,630,C1o,C2o,276,653,35,32
C2o,mk2 Enhancement,19,Cells,28,966,C1o,C2o,276,653,35,32
C2o,mk2 Enhancement,20,Cells,28,1.50k,C1o,C2o,276,653,35,32
C2o,mk2 Enhancement,21,Cells,28,2.36k,C1o,C2o,276,653,35,32
C2o,mk2 Enhancement,22,Cells,28,3.75k,C1o,C2o,276,653,35,32
C2o,mk2 Enhancement,23,Cells,28,6.04k,C1o,C2o,276,653,35,32
C2o,mk2 Enhancement,24,Cells,28,9.85k,C1o,C2o,276,653,35,32
C2o,mk2 Enhancement,25,Cells,28,16.3k,C1o,C2o,276,653,35,32
C2o,mk2 Enhancement,26,Cells,28,27.2k,C1o,C2o,276,653,35,32
C2o,mk2 Enhancement,27,Cells,28,46.0k,C1o,C2o,276,653,35,32
C2o,mk2 Enhancement,28,Cells,28,78.8k,C1o,C2o,276,653,35,32
C2o,mk2 Enhancement,29,Cells,28,137k,C1o,C2o,276,653,35,32
C2o,mk2 Enhancement,30,Cells,28,240k,C1o,C2o,276,653,35,32
C2o,mk2 Enhancement,31,Cells,28,426k,C1o,C2o,276,653,35,32
C2o,mk2 Enhancement,32,Cells,28,766k,C1o,C2o,276,653,35,32
C2o,mk2 Enhancement,33,Cells,28,1.39m,C1o,C2o,276,653,35,32
C2o,mk2 Enhancement,34,Cells,28,2.56m,C1o,C2o,276,653,35,32
C2o,mk2 Enhancement,35,Cells,28,4.77m,C1o,C2o,276,653,35,32
C2o,mk2 Enhancement,36,Cells,28,8.98m,C1o,C2o,276,653,35,32
C2o,mk2 Enhancement,37,Cells,28,17.1m,C1o,C2o,276,653,35,32
C2o,mk2 Enhancement,38,Cells,28,33.0m,C1o,C2o,276,653,35,32
C2o,mk2 Enhancement,39,Cells,28,64.2m,C1o,C2o,276,653,35,32
C2o,mk2 Enhancement,40,Cells,28,127m,C1o,C2o,276,653,35,32
C2o,mk2 Enhancement,41,Cells,28,252m,C1o,C2o,276,653,35,32
C2o,mk2 Enhancement,42,Cells,28,508m,C1o,C2o,276,653,35,32
C2o,mk2 Enhancement,43,Cells,28,1.03b,C1o,C2o,276,653,35,32
C2o,mk2 Enhancement,44,Cells,28,2.13b,C1o,C2o,276,653,35,32
C2o,mk2 Enhancement,45,Cells,28,4.43b,C1o,C2o,276,653,35,32
C2o,mk2 Enhancement,46,Cells,28,9.33b,C1o,C2o,276,653,35,32
C2o,mk2 Enhancement,47,Cells,28,19.8b,C1o,C2o,276,653,35,32
C2o,mk2 Enhancement,48,Cells,28,42.6b,C1o,C2o,276,653,35,32
C2o,mk2 Enhancement,49,Cells,28,92.5b,C1o,C2o,276,653,35,32
C2o,mk2 Enhancement,50,Cells,28,203b,C1o,C2o,276,653,35,32
C2o,mk2 Enhancement,51,Cells,28,450b,C1o,C2o,276,653,35,32
C2o,mk2 Enhancement,52,Cells,28,1.01t,C1o,C2o,276,653,35,32
C2o,mk2 Enhancement,53,Cells,28,2.28t,C1o,C2o,276,653,35,32
C2o,mk2 Enhancement,54,Cells,28,5.21t,C1o,C2o,276,653,35,32
C2o,mk2 Enhancement,55,Cells,28,12.0t,C1o,C2o,276,653,35,32
C2o,mk2 Enhancement,56,Cells,28,28.0t,C1o,C2o,276,653,35,32
C2o,mk2 Enhancement,57,Cells,28,65.9t,C1o,C2o,276,653,35,32
C2o,mk2 Enhancement,58,Cells,28,157t,C1o,C2o,276,653,35,32
C2o,mk2 Enhancement,59,Cells,28,376t,C1o,C2o,276,653,35,32
C2o,mk2 Enhancement,60,Cells,28,911t,C1o,C2o,276,653,35,32
C2o,mk2 Enhancement,61,Cells,28,2.23qa,C1o,C2o,276,653,35,32
C2o,mk2 Enhancement,62,Cells,28,5.50qa,C1o,C2o,276,653,35,32
C2o,mk2 Enhancement,63,Cells,28,13.7qa,C1o,C2o,276,653,35,32
C2o,mk2 Enhancement,64,Cells,28,34.5qa,C1o,C2o,276,653,35,32
C2o,mk2 Enhancement,65,Cells,28,87.6qa,C1o,C2o,276,653,35,32
C2o,mk2 Enhancement,66,Cells,28,225qa,C1o,C2o,276,653,35,32
C2o,mk2 Enhancement,67,Cells,28,581qa,C1o,C2o,276,653,35,32
C2o,mk2 Enhancement,68,Cells,28,1.52qu,C1o,C2o,276,653,35,32
C2o,mk2 Enhancement,69,Cells,28,3.99qu,C1o,C2o,276,653,35,32
C2o,mk2 Enhancement,70,Cells,28,10.6qu,C1o,C2o,276,653,35,32
C2o,mk2 Enhancement,71,Cells,28,28.4qu,C1o,C2o,276,653,35,32
C2o,mk2 Enhancement,72,Cells,28,76.8qu,C1o,C2o,276,653,35,32
C2o,mk2 Enhancement,73,Cells,28,209qu,C1o,C2o,276,653,35,32
C2o,mk2 Enhancement,74,Cells,28,576qu,C1o,C2o,276,653,35,32
C2o,mk2 Enhancement,75,Cells,28,1.60sx,C1o,C2o,276,653,35,32
C2o,mk2 Enhancement,76,Cells,28,4.47sx,C1o,C2o,276,653,35,32
C2o,mk2 Enhancement,77,Cells,28,12.6sx,C1o,C2o,276,653,35,32
C2o,mk2 Enhancement,78,Cells,28,35.9sx,C1o,C2o,276,653,35,32
C2o,mk2 Enhancement,79,Cells,28,103sx,C1o,C2o,276,653,35,32
C2o,mk2 Enhancement,80,Cells,28,298sx,C1o,C2o,276,653,35,32
C2o,mk2 Enhancement,81,Cells,28,871sx,C1o,C2o,276,653,35,32
C2o,mk2 Enhancement,82,Cells,28,2.56sp,C1o,C2o,276,653,35,32
C2o,mk2 Enhancement,83,Cells,28,7.59sp,C1o,C2o,276,653,35,32
C2o,mk2 Enhancement,84,Cells,28,22.7sp,C1o,C2o,276,653,35,32
C2o,mk2 Enhancement,85,Cells,28,68.4sp,C1o,C2o,276,653,35,32
C2o,mk2 Enhancement,86,Cells,28,208sp,C1o,C2o,276,653,35,32
C2o,mk2 Enhancement,87,Cells,28,636sp,C1o,C2o,276,653,35,32
C2o,mk2 Enhancement,88,Cells,28,1.96o,C1o,C2o,276,653,35,32
C2o,mk2 Enhancement,89,Cells,28,6.10o,C1o,C2o,276,653,35,32
C2o,mk2 Enhancement,90,Cells,28,19.1o,C1o,C2o,276,653,35,32
C2o,mk2 Enhancement,91,Cells,28,60.4o,C1o,C2o,276,653,35,32
C2o,mk2 Enhancement,92,Cells,28,192o,C1o,C2o,276,653,35,32
C2o,mk2 Enhancement,93,Cells,28,616o,C1o,C2o,276,653,35,32
C2o,mk2 Enhancement,94,Cells,28,1.99n,C1o,C2o,276,653,35,32
C2o,mk2 Enhancement,95,Cells,28,6.48n,C1o,C2o,276,653,35,32
C2o,mk2 Enhancement,96,Cells,28,21.3n,C1o,C2o,276,653,35,32
C2o,mk2 Enhancement,97,Cells,28,70.2n,C1o,C2o,276,653,35,32
C2o,mk2 Enhancement,98,Cells,28,234n,C1o,C2o,276,653,35,32
C2o,mk2 Enhancement,99,Cells,28,784n,C1o,C2o,276,653,35,32
C2o,mk2 Enhancement,100,Cells,28,2.65d,C1o,C2o,276,653,35,32
C2o,mk2 Enhancement,101,Cells,28,9.00d,C1o,C2o,276,653,35,32
C2o,mk2 Enhancement,102,Cells,28,30.8d,C1o,C2o,276,653,35,32
C2o,mk2 Enhancement,103,Cells,28,106d,C1o,C2o,276,653,35,32
C2o,mk2 Enhancement,104,Cells,28,370d,C1o,C2o,276,653,35,32
C2o,mk2 Enhancement,105,Cells,28,1.29e36,C1o,C2o,276,653,35,32
C2o,mk2 Enhancement,106,Cells,28,4.56e36,C1o,C2o,276,653,35,32
C2o,mk2 Enhancement,107,Cells,28,1.62e37,C1o,C2o,276,653,35,32
C2o,mk2 Enhancement,108,Cells,28,5.78e37,C1o,C2o,276,653,35,32
C2o,mk2 Enhancement,109,Cells,28,2.08e38,C1o,C2o,276,653,35,32
C2o,mk2 Enhancement,110,Cells,28,7.53e38,C1o,C2o,276,653,35,32
C2o,mk2 Enhancement,111,Cells,28,2.75e39,C1o,C2o,276,653,35,32
C2o,mk2 Enhancement,112,Cells,28,1.01e40,C1o,C2o,276,653,35,32
C2o,mk2 Enhancement,113,Cells,28,3.73e40,C1o,C2o,276,653,35,32
C2o,mk2 Enhancement,114,Cells,28,1.39e41,C1o,C2o,276,653,35,32
C2o,mk2 Enhancement,115,Cells,28,5.20e41,C1o,C2o,276,653,35,32
C2o,mk2 Enhancement,116,Cells,28,1.96e42,C1o,C2o,276,653,35,32
C2o,mk2 Enhancement,117,Cells,28,7.43e42,C1o,C2o,276,653,35,32
C2o,mk2 Enhancement,118,Cells,28,2.84e43,C1o,C2o,276,653,35,32
C2o,mk2 Enhancement,119,Cells,28,1.09e44,C1o,C2o,276,653,35,32
C2o,mk2 Enhancement,120,Cells,28,4.22e44,C1o,C2o,276,653,35,32
C2o,mk2 Enhancement,121,Cells,28,1.65e45,C1o,C2o,276,653,35,32
C2o,mk2 Enhancement,122,Cells,28,6.45e45,C1o,C2o,276,653,35,32
C2o,mk2 Enhancement,123,Cells,28,2.54e46,C1o,C2o,276,653,35,32
C2o,mk2 Enhancement,124,Cells,28,1.01e47,C1o,C2o,276,653,35,32
C2o,mk2 Enhancement,125,Cells,28,4.03e47,C1o,C2o,276,653,35,32
C2o,mk2 Enhancement,126,Cells,28,1.62e48,C1o,C2o,276,653,35,32
C2o,mk2 Enhancement,127,Cells,28,6.55e48,C1o,C2o,276,653,35,32
C2o,mk2 Enhancement,128,Cells,28,2.67e49,C1o,C2o,276,653,35,32
C2o,mk2 Enhancement,129,Cells,28,1.09e50,C1o,C2o,276,653,35,32
C2o,mk2 Enhancement,130,Cells,28,4.49e50,C1o,C2o,276,653,35,32
C2o,mk2 Enhancement,131,Cells,28,1.86e51,C1o,C2o,276,653,35,32
C2o,mk2 Enhancement,132,Cells,28,7.76e51,C1o,C2o,276,653,35,32
C2o,mk2 Enhancement,133,Cells,28,3.26e52,C1o,C2o,276,653,35,32
C2o,mk2 Enhancement,134,Cells,28,1.37e53,C1o,C2o,276,653,35,32
C2o,mk2 Enhancement,135,Cells,28,5.83e53,C1o,C2o,276,653,35,32
C2o,mk2 Enhancement,136,Cells,28,2.49e54,C1o,C2o,276,653,35,32
C2o,mk2 Enhancement,137,Cells,28,1.07e55,C1o,C2o,276,653,35,32
C2o,mk2 Enhancement,138,Cells,28,4.62e55,C1o,C2o,276,653,35,32
C2o,mk2 Enhancement,139,Cells,28,2.01e56,C1o,C2o,276,653,35,32
C2o,mk2 Enhancement,140,Cells,28,8.76e56,C1o,C2o,276,653,35,32
C2o,mk2 Enhancement,141,Cells,28,3.85e57,C1o,C2o,276,653,35,32
C2o,mk2 Enhancement,142,Cells,28,1.70e58,C1o,C2o,276,653,35,32
C2o,mk2 Enhancement,143,Cells,28,7.56e58,C1o,C2o,276,653,35,32
C2o,mk2 Enhancement,144,Cells,28,3.38e59,C1o,C2o,276,653,35,32
C2o,mk2 Enhancement,145,Cells,28,1.52e60,C1o,C2o,276,653,35,32
C2o,mk2 Enhancement,146,Cells,28,6.87e60,C1o,C2o,276,653,35,32
C2o,mk2 Enhancement,147,Cells,28,3.12e61,C1o,C2o,276,653,35,32
C2o,mk2 Enhancement,148,Cells,28,1.43e62,C1o,C2o,276,653,35,32
C2o,mk2 Enhancement,149,Cells,28,6.56e62,C1o,C2o,276,653,35,32
C2o,mk2 Enhancement,150,Cells,28,3.03e63,C1o,C2o,276,653,35,32
C2o,mk2 Enhancement,151,Cells,28,1.41e64,C1o,C2o,276,653,35,32
C2o,mk2 Enhancement,152,Cells,28,6.59e64,C1o,C2o,276,653,35,32
C2o,mk2 Enhancement,153,Cells,28,3.09e65,C1o,C2o,276,653,35,32
C2o,mk2 Enhancement,154,Cells,28,1.46e66,C1o,C2o,276,653,35,32
C2o,mk2 Enhancement,155,Cells,28,6.94e66,C1o,C2o,276,653,35,32
C2o,mk2 Enhancement,156,Cells,28,3.31e67,C1o,C2o,276,653,35,32
C2o,mk2 Enhancement,157,Cells,28,1.59e68,C1o,C2o,276,653,35,32
C2o,mk2 Enhancement,158,Cells,28,7.67e68,C1o,C2o,276,653,35,32
C2o,mk2 Enhancement,159,Cells,28,3.72e69,C1o,C2o,276,653,35,32
C2o,mk2 Enhancement,160,Cells,28,1.81e70,C1o,C2o,276,653,35,32
C2o,mk2 Enhancement,161,Cells,28,8.88e70,C1o,C2o,276,653,35,32
C2o,mk2 Enhancement,162,Cells,28,4.38e71,C1o,C2o,276,653,35,32
C2o,mk2 Enhancement,163,Cells,28,2.17e72,C1o,C2o,276,653,35,32
C2o,mk2 Enhancement,164,Cells,28,1.08e73,C1o,C2o,276,653,35,32
C2o,mk2 Enhancement,165,Cells,28,5.40e73,C1o,C2o,276,653,35,32
C2o,mk2 Enhancement,166,Cells,28,2.71e74,C1o,C2o,276,653,35,32
C2o,mk2 Enhancement,167,Cells,28,1.37e75,C1o,C2o,276,653,35,32
C2o,mk2 Enhancement,168,Cells,28,6.96e75,C1o,C2o,276,653,35,32
C2o,mk2 Enhancement,169,Cells,28,3.55e76,C1o,C2o,276,653,35,32
C2o,mk2 Enhancement,170,Cells,28,1.82e77,C1o,C2o,276,653,35,32
C2o,mk2 Enhancement,171,Cells,28,9.40e77,C1o,C2o,276,653,35,32
C2o,mk2 Enhancement,172,Cells,28,4.87e78,C1o,C2o,276,653,35,32
C2o,mk2 Enhancement,173,Cells,28,2.54e79,C1o,C2o,276,653,35,32
C2o,mk2 Enhancement,174,Cells,28,1.33e80,C1o,C2o,276,653,35,32
C2o,mk2 Enhancement,175,Cells,28,6.97e80,C1o,C2o,276,653,35,32
C2o,mk2 Enhancement,176,Cells,28,3.68e81,C1o,C2o,276,653,35,32
C2o,mk2 Enhancement,177,Cells,28,1.96e82,C1o,C2o,276,653,35,32
C2o,mk2 Enhancement,178,Cells,28,1.04e83,C1o,C2o,276,653,35,32
C2o,mk2 Enhancement,179,Cells,28,5.59e83,C1o,C2o,276,653,35,32
C2o,mk2 Enhancement,180,Cells,28,3.01e84,C1o,C2o,276,653,35,32
C2o,mk2 Enhancement,181,Cells,28,1.63e85,C1o,C2o,276,653,35,32
C2o,mk2 Enhancement,182,Cells,28,8.86e85,C1o,C2o,276,653,35,32
C2o,mk2 Enhancement,183,Cells,28,4.84e86,C1o,C2o,276,653,35,32
C2o,mk2 Enhancement,184,Cells,28,2.66e87,C1o,C2o,276,653,35,32
C2o,mk2 Enhancement,185,Cells,28,1.46e88,C1o,C2o,276,653,35,32
C2o,mk2 Enhancement,186,Cells,28,8.11e88,C1o,C2o,276,653,35,32
C2o,mk2 Enhancement,187,Cells,28,4.52e89,C1o,C2o,276,653,35,32
C2o,mk2 Enhancement,188,Cells,28,2.52e90,C1o,C2o,276,653,35,32
C2o,mk2 Enhancement,189,Cells,28,1.42e91,C1o,C2o,276,653,35,32
C2o,mk2 Enhancement,190,Cells,28,8.00e91,C1o,C2o,276,653,35,32
C2o,mk2 Enhancement,191,Cells,28,4.53e92,C1o,C2o,276,653,35,32
C2o,mk2 Enhancement,192,Cells,28,2.58e93,C1o,C2o,276,653,35,32
C2o,mk2 Enhancement,193,Cells,28,1.48e94,C1o,C2o,276,653,35,32
C2o,mk2 Enhancement,194,Cells,28,8.48e94,C1o,C2o,276,653,35,32
C2o,mk2 Enhancement,195,Cells,28,4.90e95,C1o,C2o,276,653,35,32
C2o,mk2 Enhancement,196,Cells,28,2.84e96,C1o,C2o,276,653,35,32
C2o,mk2 Enhancement,197,Cells,28,1.65e97,C1o,C2o,276,653,35,32
C2o,mk2 Enhancement,198,Cells,28,9.66e97,C1o,C2o,276,653,35,32
C2o,mk2 Enhancement,199,Cells,28,5.68e98,C1o,C2o,276,653,35,32
C2o,mk2 Enhancement,200,Cells,28,3.35e99,C1o,C2o,276,653,35,32
C2c,mk2 Production Cost,1,Cells,29,30.0,C2o,C2c,276,693,33,32
C2c,mk2 Production Cost,2,Cells,29,352,C2o,C2c,276,693,33,32
C2c,mk2 Production Cost,3,Cells,29,5.10k,C2o,C2c,276,693,33,32
C2c,mk2 Production Cost,4,Cells,29,88.9k,C2o,C2c,276,693,33,32
C2c,mk2 Production Cost,5,Cells,29,1.82m,C2o,C2c,276,693,33,32
C2c,mk2 Production Cost,6,Cells,29,43.0m,C2o,C2c,276,693,33,32
C2c,mk2 Production Cost,7,Cells,29,1.15b,C2o,C2c,276,693,33,32
C2c,mk2 Production Cost,8,Cells,29,34.7b,C2o,C2c,276,693,33,32
C2c,mk2 Production Cost,9,Cells,29,1.16t,C2o,C2c,276,693,33,32
C2c,mk2 Production Cost,10,Cells,29,42.5t,C2o,C2c,276,693,33,32
E09,Auxesia Cost Mod,1,Unknown,30,3.00t,E08,E09,124,526,33,33
E09,Auxesia Cost Mod,2,Unknown,30,11.5t,E08,E09,124,526,33,33
E09,Auxesia Cost Mod,3,Unknown,30,37.5t,E08,E09,124,526,33,33
E09,Auxesia Cost Mod,4,Unknown,30,121t,E08,E09,124,526,33,33
E09,Auxesia Cost Mod,5,Unknown,30,405t,E08,E09,124,526,33,33
E09,Auxesia Cost Mod,6,Unknown,30,1.43qa,E08,E09,124,526,33,33
E09,Auxesia Cost Mod,7,Unknown,30,5.38qa,E08,E09,124,526,33,33
E09,Auxesia Cost Mod,8,Unknown,30,21.5qa,E08,E09,124,526,33,33
E09,Auxesia Cost Mod,9,Unknown,30,90.9qa,E08,E09,124,526,33,33
E09,Auxesia Cost Mod,10,Unknown,30,409qa,E08,E09,124,526,33,33
E09,Auxesia Cost Mod,11,Unknown,30,1.95qu,E08,E09,124,526,33,33
E09,Auxesia Cost Mod,12,Unknown,30,9.82qu,E08,E09,124,526,33,33
E09,Auxesia Cost Mod,13,Unknown,30,52.2qu,E08,E09,124,526,33,33
E09,Auxesia Cost Mod,14,Unknown,30,292qu,E08,E09,124,526,33,33
E09,Auxesia Cost Mod,15,Unknown,30,1.72sx,E08,E09,124,526,33,33
E09,Auxesia Cost Mod,16,Unknown,30,10.6sx,E08,E09,124,526,33,33
E09,Auxesia Cost Mod,17,Unknown,30,68.6sx,E08,E09,124,526,33,33
E09,Auxesia Cost Mod,18,Unknown,30,463sx,E08,E09,124,526,33,33
E09,Auxesia Cost Mod,19,Unknown,30,3.27sp,E08,E09,124,526,33,33
E09,Auxesia Cost Mod,20,Unknown,30,24.0sp,E08,E09,124,526,33,33
E09,Auxesia Cost Mod,21,Unknown,30,184sp,E08,E09,124,526,33,33
E09,Auxesia Cost Mod,22,Unknown,30,1.46o,E08,E09,124,526,33,33
E09,Auxesia Cost Mod,23,Unknown,30,12.1o,E08,E09,124,526,33,33
E09,Auxesia Cost Mod,24,Unknown,30,103o,E08,E09,124,526,33,33
E09,Auxesia Cost Mod,25,Unknown,30,914o,E08,E09,124,526,33,33
E09,Auxesia Cost Mod,26,Unknown,30,8.38n,E08,E09,124,526,33,33
E09,Auxesia Cost Mod,27,Unknown,30,79.4n,E08,E09,124,526,33,33
E09,Auxesia Cost Mod,28,Unknown,30,776n,E08,E09,124,526,33,33
E09,Auxesia Cost Mod,29,Unknown,30,7.83d,E08,E09,124,526,33,33
E09,Auxesia Cost Mod,30,Unknown,30,81.4d,E08,E09,124,526,33,33
E09,Auxesia Cost Mod,31,Unknown,30,872d,E08,E09,124,526,33,33
E09,Auxesia Cost Mod,32,Unknown,30,9.60e36,E08,E09,124,526,33,33
E09,Auxesia Cost Mod,33,Unknown,30,1.09e38,E08,E09,124,526,33,33
E09,Auxesia Cost Mod,34,Unknown,30,1.27e39,E08,E09,124,526,33,33
E09,Auxesia Cost Mod,35,Unknown,30,1.51e40,E08,E09,124,526,33,33
E09,Auxesia Cost Mod,36,Unknown,30,1.86e41,E08,E09,124,526,33,33
E09,Auxesia Cost Mod,37,Unknown,30,2.34e42,E08,E09,124,526,33,33
E09,Auxesia Cost Mod,38,Unknown,30,3.01e43,E08,E09,124,526,33,33
E09,Auxesia Cost Mod,39,Unknown,30,3.98e44,E08,E09,124,526,33,33
E09,Auxesia Cost Mod,40,Unknown,30,5.38e45,E08,E09,124,526,33,33
E09,Auxesia Cost Mod,41,Unknown,30,7.44e46,E08,E09,124,526,33,33
E09,Auxesia Cost Mod,42,Unknown,30,1.05e48,E08,E09,124,526,33,33
E09,Auxesia Cost Mod,43,Unknown,30,1.52e49,E08,E09,124,526,33,33
E09,Auxesia Cost Mod,44,Unknown,30,2.25e50,E08,E09,124,526,33,33
E09,Auxesia Cost Mod,45,Unknown,30,3.40e51,E08,E09,124,526,33,33
E09,Auxesia Cost Mod,46,Unknown,30,5.25e52,E08,E09,124,526,33,33
E09,Auxesia Cost Mod,47,Unknown,30,8.26e53,E08,E09,124,526,33,33
E09,Auxesia Cost Mod,48,Unknown,30,1.33e55,E08,E09,124,526,33,33
E09,Auxesia Cost Mod,49,Unknown,30,2.17e56,E08,E09,124,526,33,33
E09,Auxesia Cost Mod,50,Unknown,30,3.62e57,E08,E09,124,526,33,33
E09,Auxesia Cost Mod,51,Unknown,30,6.16e58,E08,E09,124,526,33,33
E09,Auxesia Cost Mod,52,Unknown,30,1.07e60,E08,E09,124,526,33,33
E09,Auxesia Cost Mod,53,Unknown,30,1.88e61,E08,E09,124,526,33,33
E09,Auxesia Cost Mod,54,Unknown,30,3.38e62,E08,E09,124,526,33,33
E09,Auxesia Cost Mod,55,Unknown,30,6.18e63,E08,E09,124,526,33,33
E09,Auxesia Cost Mod,56,Unknown,30,1.15e65,E08,E09,124,526,33,33
E09,Auxesia Cost Mod,57,Unknown,30,2.18e66,E08,E09,124,526,33,33
E09,Auxesia Cost Mod,58,Unknown,30,4.19e67,E08,E09,124,526,33,33
E09,Auxesia Cost Mod,59,Unknown,30,8.19e68,E08,E09,124,526,33,33
E09,Auxesia Cost Mod,60,Unknown,30,1.63e70,E08,E09,124,526,33,33
E09,Auxesia Cost Mod,61,Unknown,30,3.29e71,E08,E09,124,526,33,33
E09,Auxesia Cost Mod,62,Unknown,30,6.75e72,E08,E09,124,526,33,33
E09,Auxesia Cost Mod,63,Unknown,30,1.41e74,E08,E09,124,526,33,33
E09,Auxesia Cost Mod,64,Unknown,30,2.98e75,E08,E09,124,526,33,33
E09,Auxesia Cost Mod,65,Unknown,30,6.39e76,E08,E09,124,526,33,33
E09,Auxesia Cost Mod,66,Unknown,30,1.39e78,E08,E09,124,526,33,33
E09,Auxesia Cost Mod,67,Unknown,30,3.08e79,E08,E09,124,526,33,33
E09,Auxesia Cost Mod,68,Unknown,30,6.92e80,E08,E09,124,526,33,33
E09,Auxesia Cost Mod,69,Unknown,30,1.58e82,E08,E09,124,526,33,33
E09,Auxesia Cost Mod,70,Unknown,30,3.64e83,E08,E09,124,526,33,33
E09,Auxesia Cost Mod,71,Unknown,30,8.52e84,E08,E09,124,526,33,33
E09,Auxesia Cost Mod,72,Unknown,30,2.02e86,E08,E09,124,526,33,33
E09,Auxesia Cost Mod,73,Unknown,30,4.86e87,E08,E09,124,526,33,33
E09,Auxesia Cost Mod,74,Unknown,30,1.19e89,E08,E09,124,526,33,33
E09,Auxesia Cost Mod,75,Unknown,30,2.93e90,E08,E09,124,526,33,33
E09,Auxesia Cost Mod,76,Unknown,30,7.32e91,E08,E09,124,526,33,33
E09,Auxesia Cost Mod,77,Unknown,30,1.86e93,E08,E09,124,526,33,33
E09,Auxesia Cost Mod,78,Unknown,30,4.76e94,E08,E09,124,526,33,33
E09,Auxesia Cost Mod,79,Unknown,30,1.24e96,E08,E09,124,526,33,33
E09,Auxesia Cost Mod,80,Unknown,30,3.26e97,E08,E09,124,526,33,33
E09,Auxesia Cost Mod,81,Unknown,30,8.67e98,E08,E09,124,526,33,33
E09,Auxesia Cost Mod,82,Unknown,30,2.34e100,E08,E09,124,526,33,33
E09,Auxesia Cost Mod,83,Unknown,30,6.37e101,E08,E09,124,526,33,33
E09,Auxesia Cost Mod,84,Unknown,30,1.76e103,E08,E09,124,526,33,33
E09,Auxesia Cost Mod,85,Unknown,30,4.91e104,E08,E09,124,526,33,33
E09,Auxesia Cost Mod,86,Unknown,30,1.39e106,E08,E09,124,526,33,33
E09,Auxesia Cost Mod,87,Unknown,30,3.96e107,E08,E09,124,526,33,33
E09,Auxesia Cost Mod,88,Unknown,30,1.14e109,E08,E09,124,526,33,33
E09,Auxesia Cost Mod,89,Unknown,30,3.34e110,E08,E09,124,526,33,33
E09,Auxesia Cost Mod,90,Unknown,30,9.87e111,E08,E09,124,526,33,33
E09,Auxesia Cost Mod,91,Unknown,30,2.95e113,E08,E09,124,526,33,33
E09,Auxesia Cost Mod,92,Unknown,30,8.90e114,E08,E09,124,526,33,33
E09,Auxesia Cost Mod,93,Unknown,30,2.71e116,E08,E09,124,526,33,33
E09,Auxesia Cost Mod,94,Unknown,30,8.37e117,E08,E09,124,526,33,33
E09,Auxesia Cost Mod,95,Unknown,30,2.61e119,E08,E09,124,526,33,33
E09,Auxesia Cost Mod,96,Unknown,30,8.20e120,E08,E09,124,526,33,33
E09,Auxesia Cost Mod,97,Unknown,30,2.61e122,E08,E09,124,526,33,33
E09,Auxesia Cost Mod,98,Unknown,30,8.38e123,E08,E09,124,526,33,33
E09,Auxesia Cost Mod,99,Unknown,30,2.72e125,E08,E09,124,526,33,33
E09,Auxesia Cost Mod,100,Unknown,30,8.91e126,E08,E09,124,526,33,33
E09,Auxesia Cost Mod,101,Unknown,30,2.95e128,E08,E09,124,526,33,33
E09,Auxesia Cost Mod,102,Unknown,30,9.85e129,E08,E09,124,526,33,33
E09,Auxesia Cost Mod,103,Unknown,30,3.32e131,E08,E09,124,526,33,33
E09,Auxesia Cost Mod,104,Unknown,30,1.13e133,E08,E09,124,526,33,33
E09,Auxesia Cost Mod,105,Unknown,30,3.89e134,E08,E09,124,526,33,33
E09,Auxesia Cost Mod,106,Unknown,30,1.35e136,E08,E09,124,526,33,33
E09,Auxesia Cost Mod,107,Unknown,30,4.73e137,E08,E09,124,526,33,33
E09,Auxesia Cost Mod,108,Unknown,30,1.67e139,E08,E09,124,526,33,33
E09,Auxesia Cost Mod,109,Unknown,30,5.97e140,E08,E09,124,526,33,33
E09,Auxesia Cost Mod,110,Unknown,30,2.15e142,E08,E09,124,526,33,33
E09,Auxesia Cost Mod,111,Unknown,30,7.81e143,E08,E09,124,526,33,33
E09,Auxesia Cost Mod,112,Unknown,30,2.86e145,E08,E09,124,526,33,33
E09,Auxesia Cost Mod,113,Unknown,30,1.06e147,E08,E09,124,526,33,33
E09,Auxesia Cost Mod,114,Unknown,30,3.95e148,E08,E09,124,526,33,33
E09,Auxesia Cost Mod,115,Unknown,30,1.48e150,E08,E09,124,526,33,33
E09,Auxesia Cost Mod,116,Unknown,30,5.64e151,E08,E09,124,526,33,33
E09,Auxesia Cost Mod,117,Unknown,30,2.16e153,E08,E09,124,526,33,33
E09,Auxesia Cost Mod,118,Unknown,30,8.32e154,E08,E09,124,526,33,33
E09,Auxesia Cost Mod,119,Unknown,30,3.24e156,E08,E09,124,526,33,33
E09,Auxesia Cost Mod,120,Unknown,30,1.27e158,E08,E09,124,526,33,33
E09,Auxesia Cost Mod,121,Unknown,30,5.03e159,E08,E09,124,526,33,33
E09,Auxesia Cost Mod,122,Unknown,30,2.01e161,E08,E09,124,526,33,33
E09,Auxesia Cost Mod,123,Unknown,30,8.07e162,E08,E09,124,526,33,33
E09,Auxesia Cost Mod,124,Unknown,30,3.27e164,E08,E09,124,526,33,33
E09,Auxesia Cost Mod,125,Unknown,30,1.34e166,E08,E09,124,526,33,33
E09,Auxesia Cost Mod,126,Unknown,30,5.51e167,E08,E09,124,526,33,33
E09,Auxesia Cost Mod,127,Unknown,30,2.29e169,E08,E09,124,526,33,33
E09,Auxesia Cost Mod,128,Unknown,30,9.57e170,E08,E09,124,526,33,33
E09,Auxesia Cost Mod,129,Unknown,30,4.04e172,E08,E09,124,526,33,33
E09,Auxesia Cost Mod,130,Unknown,30,1.71e174,E08,E09,124,526,33,33
E09,Auxesia Cost Mod,131,Unknown,30,7.34e175,E08,E09,124,526,33,33
E09,Auxesia Cost Mod,132,Unknown,30,3.17e177,E08,E09,124,526,33,33
E09,Auxesia Cost Mod,133,Unknown,30,1.38e179,E08,E09,124,526,33,33
E09,Auxesia Cost Mod,134,Unknown,30,6.03e180,E08,E09,124,526,33,33
E09,Auxesia Cost Mod,135,Unknown,30,2.66e182,E08,E09,124,526,33,33
E09,Auxesia Cost Mod,136,Unknown,30,1.18e184,E08,E09,124,526,33,33
E09,Auxesia Cost Mod,137,Unknown,30,5.29e185,E08,E09,124,526,33,33
E09,Auxesia Cost Mod,138,Unknown,30,2.38e187,E08,E09,124,526,33,33
E09,Auxesia Cost Mod,139,Unknown,30,1.08e189,E08,E09,124,526,33,33
E09,Auxesia Cost Mod,140,Unknown,30,4.95e190,E08,E09,124,526,33,33
E09,Auxesia Cost Mod,141,Unknown,30,2.28e192,E08,E09,124,526,33,33
E09,Auxesia Cost Mod,142,Unknown,30,1.06e194,E08,E09,124,526,33,33
E09,Auxesia Cost Mod,143,Unknown,30,4.94e195,E08,E09,124,526,33,33
E09,Auxesia Cost Mod,144,Unknown,30,2.32e197,E08,E09,124,526,33,33
E09,Auxesia Cost Mod,145,Unknown,30,1.10e199,E08,E09,124,526,33,33
E09,Auxesia Cost Mod,146,Unknown,30,5.25e200,E08,E09,124,526,33,33
E09,Auxesia Cost Mod,147,Unknown,30,2.52e202,E08,E09,124,526,33,33
E09,Auxesia Cost Mod,148,Unknown,30,1.22e204,E08,E09,124,526,33,33
E09,Auxesia Cost Mod,149,Unknown,30,5.93e205,E08,E09,124,526,33,33
E09,Auxesia Cost Mod,150,Unknown,30,2.90e207,E08,E09,124,526,33,33
E09,Auxesia Cost Mod,151,Unknown,30,1.43e209,E08,E09,124,526,33,33
E09,Auxesia Cost Mod,152,Unknown,30,7.11e210,E08,E09,124,526,33,33
E09,Auxesia Cost Mod,153,Unknown,30,3.55e212,E08,E09,124,526,33,33
E09,Auxesia Cost Mod,154,Unknown,30,1.79e214,E08,E09,124,526,33,33
E09,Auxesia Cost Mod,155,Unknown,30,9.03e215,E08,E09,124,526,33,33
E09,Auxesia Cost Mod,156,Unknown,30,4.60e217,E08,E09,124,526,33,33
E09,Auxesia Cost Mod,157,Unknown,30,2.36e219,E08,E09,124,526,33,33
E09,Auxesia Cost Mod,158,Unknown,30,1.22e221,E08,E09,124,526,33,33
E09,Auxesia Cost Mod,159,Unknown,30,6.32e222,E08,E09,124,526,33,33
E09,Auxesia Cost Mod,160,Unknown,30,3.30e224,E08,E09,124,526,33,33
E09,Auxesia Cost Mod,161,Unknown,30,1.73e226,E08,E09,124,526,33,33
E09,Auxesia Cost Mod,162,Unknown,30,9.17e227,E08,E09,124,526,33,33
E09,Auxesia Cost Mod,163,Unknown,30,4.88e229,E08,E09,124,526,33,33
E09,Auxesia Cost Mod,164,Unknown,30,2.61e231,E08,E09,124,526,33,33
E09,Auxesia Cost Mod,165,Unknown,30,1.41e233,E08,E09,124,526,33,33
E09,Auxesia Cost Mod,166,Unknown,30,7.62e234,E08,E09,124,526,33,33
E09,Auxesia Cost Mod,167,Unknown,30,4.15e236,E08,E09,124,526,33,33
E09,Auxesia Cost Mod,168,Unknown,30,2.28e238,E08,E09,124,526,33,33
E09,Auxesia Cost Mod,169,Unknown,30,1.26e240,E08,E09,124,526,33,33
E09,Auxesia Cost Mod,170,Unknown,30,6.97e241,E08,E09,124,526,33,33
E09,Auxesia Cost Mod,171,Unknown,30,3.89e243,E08,E09,124,526,33,33
E09,Auxesia Cost Mod,172,Unknown,30,2.18e245,E08,E09,124,526,33,33
E09,Auxesia Cost Mod,173,Unknown,30,1.23e247,E08,E09,124,526,33,33
E09,Auxesia Cost Mod,174,Unknown,30,7.00e248,E08,E09,124,526,33,33
E09,Auxesia Cost Mod,175,Unknown,30,4.00e250,E08,E09,124,526,33,33
E09,Auxesia Cost Mod,176,Unknown,30,2.30e252,E08,E09,124,526,33,33
E09,Auxesia Cost Mod,177,Unknown,30,1.33e254,E08,E09,124,526,33,33
E09,Auxesia Cost Mod,178,Unknown,30,7.71e255,E08,E09,124,526,33,33
E09,Auxesia Cost Mod,179,Unknown,30,4.50e257,E08,E09,124,526,33,33
E09,Auxesia Cost Mod,180,Unknown,30,2.64e259,E08,E09,124,526,33,33
E09,Auxesia Cost Mod,181,Unknown,30,1.56e261,E08,E09,124,526,33,33
E09,Auxesia Cost Mod,182,Unknown,30,9.28e262,E08,E09,124,526,33,33
E09,Auxesia Cost Mod,183,Unknown,30,5.54e264,E08,E09,124,526,33,33
E09,Auxesia Cost Mod,184,Unknown,30,3.33e266,E08,E09,124,526,33,33
E09,Auxesia Cost Mod,185,Unknown,30,2.01e268,E08,E09,124,526,33,33
E09,Auxesia Cost Mod,186,Unknown,30,1.22e270,E08,E09,124,526,33,33
E09,Auxesia Cost Mod,187,Unknown,30,7.43e271,E08,E09,124,526,33,33
E09,Auxesia Cost Mod,188,Unknown,30,4.56e273,E08,E09,124,526,33,33
E09,Auxesia Cost Mod,189,Unknown,30,2.81e275,E08,E09,124,526,33,33
E09,Auxesia Cost Mod,190,Unknown,30,1.74e277,E08,E09,124,526,33,33
E09,Auxesia Cost Mod,191,Unknown,30,1.09e279,E08,E09,124,526,33,33
E09,Auxesia Cost Mod,192,Unknown,30,6.80e280,E08,E09,124,526,33,33
E09,Auxesia Cost Mod,193,Unknown,30,4.28e282,E08,E09,124,526,33,33
E09,Auxesia Cost Mod,194,Unknown,30,2.71e284,E08,E09,124,526,33,33
E09,Auxesia Cost Mod,195,Unknown,30,1.72e286,E08,E09,124,526,33,33
E09,Auxesia Cost Mod,196,Unknown,30,1.10e288,E08,E09,124,526,33,33
E09,Auxesia Cost Mod,197,Unknown,30,7.09e289,E08,E09,124,526,33,33
E09,Auxesia Cost Mod,198,Unknown,30,4.58e291,E08,E09,124,526,33,33
E09,Auxesia Cost Mod,199,Unknown,30,2.97e293,E08,E09,124,526,33,33
E09,Auxesia Cost Mod,200,Unknown,30,1.94e295,E08,E09,124,526,33,33
E08,Auxesia Motivation,1,Cells,31,2.00t,E07,E08,162,526,33,33
E08,Auxesia Motivation,2,Cells,31,11.4t,E07,E08,162,526,33,33
E08,Auxesia Motivation,3,Cells,31,88.4t,E07,E08,162,526,33,33
E08,Auxesia Motivation,4,Cells,31,878t,E07,E08,162,526,33,33
E08,Auxesia Motivation,5,Cells,31,10.7qa,E07,E08,162,526,33,33
E08,Auxesia Motivation,6,Cells,31,155qa,E07,E08,162,526,33,33
E08,Auxesia Motivation,7,Cells,31,2.62qu,E07,E08,162,526,33,33
E08,Auxesia Motivation,8,Cells,31,50.2qu,E07,E08,162,526,33,33
E08,Auxesia Motivation,9,Cells,31,1.08sx,E07,E08,162,526,33,33
E08,Auxesia Motivation,10,Cells,31,25.9sx,E07,E08,162,526,33,33
E08,Auxesia Motivation,11,Cells,31,683sx,E07,E08,162,526,33,33
E08,Auxesia Motivation,12,Cells,31,19.6sp,E07,E08,162,526,33,33
E08,Auxesia Motivation,13,Cells,31,612sp,E07,E08,162,526,33,33
E08,Auxesia Motivation,14,Cells,31,20.5o,E07,E08,162,526,33,33
E08,Auxesia Motivation,15,Cells,31,739o,E07,E08,162,526,33,33
E08,Auxesia Motivation,16,Cells,31,28.4n,E07,E08,162,526,33,33
E08,Auxesia Motivation,17,Cells,31,1.16d,E07,E08,162,526,33,33
E08,Auxesia Motivation,18,Cells,31,50.1d,E07,E08,162,526,33,33
E08,Auxesia Motivation,19,Cells,31,2.29e36,E07,E08,162,526,33,33
E08,Auxesia Motivation,20,Cells,31,1.10e38,E07,E08,162,526,33,33
E07,Auxesia Benefits,1,Cells,32,20.0b,E06,E07,200,526,33,33
E07,Auxesia Benefits,2,Cells,32,3.20t,E06,E07,200,526,33,33
E07,Auxesia Benefits,3,Cells,32,864t,E06,E07,200,526,33,33
E07,Auxesia Benefits,4,Cells,32,328qa,E06,E07,200,526,33,33
E07,Auxesia Benefits,5,Cells,32,160qu,E06,E07,200,526,33,33
E07,Auxesia Benefits,6,Cells,32,95.6sx,E06,E07,200,526,33,33
E07,Auxesia Benefits,7,Cells,32,67.5sp,E06,E07,200,526,33,33
E07,Auxesia Benefits,8,Cells,32,55.0o,E06,E07,200,526,33,33
E07,Auxesia Benefits,9,Cells,32,50.8n,E06,E07,200,526,33,33
E07,Auxesia Benefits,10,Cells,32,52.4d,E06,E07,200,526,33,33
EB2,Auxesia Bulk Auto,1,Unknown,33,300qu,EA2,EB2,352,526,33,33
EB2,Auxesia Bulk Auto,2,Unknown,33,360sp,EA2,EB2,352,526,33,33
EB2,Auxesia Bulk Auto,3,Unknown,33,729n,EA2,EB2,352,526,33,33
EB2,Auxesia Bulk Auto,4,Unknown,33,2.07e39,EA2,EB2,352,526,33,33
EB2,Auxesia Bulk Auto,5,Unknown,33,7.59e45,EA2,EB2,352,526,33,33
EA2,Auxesia Automation,1,Unknown,34,80.0t,E06,EA2,314,526,33,33
E06,Auxesia RP Mod,1,RP,35,25.0,E01,E06,275,526,33,34
E06,Auxesia RP Mod,2,RP,35,138,E01,E06,275,526,33,34
E06,Auxesia RP Mod,3,RP,35,1.57k,E01,E06,275,526,33,34
E06,Auxesia RP Mod,4,RP,35,26.6k,E01,E06,275,526,33,34
E06,Auxesia RP Mod,5,RP,35,600k,E01,E06,275,526,33,34
E06,Auxesia RP Mod,6,RP,35,16.8m,E01,E06,275,526,33,34
E06,Auxesia RP Mod,7,RP,35,562m,E01,E06,275,526,33,34
E06,Auxesia RP Mod,8,RP,35,21.8b,E01,E06,275,526,33,34
E06,Auxesia RP Mod,9,RP,35,967b,E01,E06,275,526,33,34
E06,Auxesia RP Mod,10,RP,35,48.0t,E01,E06,275,526,33,34
E06,Auxesia RP Mod,11,RP,35,2.64qa,E01,E06,275,526,33,34
E06,Auxesia RP Mod,12,RP,35,159qa,E01,E06,275,526,33,34
E06,Auxesia RP Mod,13,RP,35,10.5qu,E01,E06,275,526,33,34
E06,Auxesia RP Mod,14,RP,35,743qu,E01,E06,275,526,33,34
E06,Auxesia RP Mod,15,RP,35,56.7sx,E01,E06,275,526,33,34
E06,Auxesia RP Mod,16,RP,35,4.63sp,E01,E06,275,526,33,34
E06,Auxesia RP Mod,17,RP,35,403sp,E01,E06,275,526,33,34
E06,Auxesia RP Mod,18,RP,35,37.2o,E01,E06,275,526,33,34
E06,Auxesia RP Mod,19,RP,35,3.63n,E01,E06,275,526,33,34
E06,Auxesia RP Mod,20,RP,35,374n,E01,E06,275,526,33,34
E06,Auxesia RP Mod,21,RP,35,40.5d,E01,E06,275,526,33,34
E06,Auxesia RP Mod,22,RP,35,4.61e36,E01,E06,275,526,33,34
E06,Auxesia RP Mod,23,RP,35,5.48e38,E01,E06,275,526,33,34
E06,Auxesia RP Mod,24,RP,35,6.81e40,E01,E06,275,526,33,34
E06,Auxesia RP Mod,25,RP,35,8.82e42,E01,E06,275,526,33,34
E06,Auxesia RP Mod,26,RP,35,1.19e45,E01,E06,275,526,33,34
E06,Auxesia RP Mod,27,RP,35,1.67e47,E01,E06,275,526,33,34
E06,Auxesia RP Mod,28,RP,35,2.43e49,E01,E06,275,526,33,34
E06,Auxesia RP Mod,29,RP,35,3.66e51,E01,E06,275,526,33,34
E06,Auxesia RP Mod,30,RP,35,5.71e53,E01,E06,275,526,33,34
E06,Auxesia RP Mod,31,RP,35,9.22e55,E01,E06,275,526,33,34
E06,Auxesia RP Mod,32,RP,35,1.54e58,E01,E06,275,526,33,34
E06,Auxesia RP Mod,33,RP,35,2.64e60,E01,E06,275,526,33,34
E06,Auxesia RP Mod,34,RP,35,4.69e62,E01,E06,275,526,33,34
E06,Auxesia RP Mod,35,RP,35,8.56e64,E01,E06,275,526,33,34
E06,Auxesia RP Mod,36,RP,35,1.61e67,E01,E06,275,526,33,34
E06,Auxesia RP Mod,37,RP,35,3.11e69,E01,E06,275,526,33,34
E06,Auxesia RP Mod,38,RP,35,6.18e71,E01,E06,275,526,33,34
E06,Auxesia RP Mod,39,RP,35,1.26e74,E01,E06,275,526,33,34
E06,Auxesia RP Mod,40,RP,35,2.63e76,E01,E06,275,526,33,34
E06,Auxesia RP Mod,41,RP,35,5.65e78,E01,E06,275,526,33,34
E06,Auxesia RP Mod,42,RP,35,1.24e81,E01,E06,275,526,33,34
E06,Auxesia RP Mod,43,RP,35,2.79e83,E01,E06,275,526,33,34
E06,Auxesia RP Mod,44,RP,35,6.44e85,E01,E06,275,526,33,34
E06,Auxesia RP Mod,45,RP,35,1.52e88,E01,E06,275,526,33,34
E06,Auxesia RP Mod,46,RP,35,3.66e90,E01,E06,275,526,33,34
E06,Auxesia RP Mod,47,RP,35,9.01e92,E01,E06,275,526,33,34
E06,Auxesia RP Mod,48,RP,35,2.27e95,E01,E06,275,526,33,34
E06,Auxesia RP Mod,49,RP,35,5.82e97,E01,E06,275,526,33,34
E06,Auxesia RP Mod,50,RP,35,1.53e100,E01,E06,275,526,33,34
EB7,Zeus Bulk Auto,1,Unknown,36,7.00e220,EA7,EB7,352,336,33,33
EB7,Zeus Bulk Auto,2,Unknown,36,7.00e245,EA7,EB7,352,336,33,33
EB7,Zeus Bulk Auto,3,Unknown,36,7.00e270,EA7,EB7,352,336,33,33
EB7,Zeus Bulk Auto,4,Unknown,36,7.00e295,EA7,EB7,352,336,33,33
EB7,Zeus Bulk Auto,5,Unknown,36,7.00e320,EA7,EB7,352,336,33,33
EA7,Zeus Automation,1,Unknown,37,7.00e180,E26,EA7,314,336,33,33
E26,Zeus RP Mod,1,RP,38,7.00e95,E22,E26,275,336,33,34
E26,Zeus RP Mod,2,RP,38,7.00e105,E22,E26,275,336,33,34
E26,Zeus RP Mod,3,RP,38,7.00e115,E22,E26,275,336,33,34
E26,Zeus RP Mod,4,RP,38,7.00e125,E22,E26,275,336,33,34
E26,Zeus RP Mod,5,RP,38,7.00e135,E22,E26,275,336,33,34
E26,Zeus RP Mod,6,RP,38,7.00e145,E22,E26,275,336,33,34
E26,Zeus RP Mod,7,RP,38,7.00e155,E22,E26,275,336,33,34
E26,Zeus RP Mod,8,RP,38,7.00e165,E22,E26,275,336,33,34
E26,Zeus RP Mod,9,RP,38,7.00e175,E22,E26,275,336,33,34
E26,Zeus RP Mod,10,RP,38,7.00e185,E22,E26,275,336,33,34
E26,Zeus RP Mod,11,RP,38,7.00e195,E22,E26,275,336,33,34
E26,Zeus RP Mod,12,RP,38,7.00e205,E22,E26,275,336,33,34
E26,Zeus RP Mod,13,RP,38,7.00e215,E22,E26,275,336,33,34
E26,Zeus RP Mod,14,RP,38,7.00e225,E22,E26,275,336,33,34
E26,Zeus RP Mod,15,RP,38,7.00e235,E22,E26,275,336,33,34
E26,Zeus RP Mod,16,RP,38,7.00e245,E22,E26,275,336,33,34
E26,Zeus RP Mod,17,RP,38,7.00e255,E22,E26,275,336,33,34
E26,Zeus RP Mod,18,RP,38,7.00e265,E22,E26,275,336,33,34
E26,Zeus RP Mod,19,RP,38,7.00e275,E22,E26,275,336,33,34
E26,Zeus RP Mod,20,RP,38,7.00e285,E22,E26,275,336,33,34
E26,Zeus RP Mod,21,RP,38,7.00e295,E22,E26,275,336,33,34
E26,Zeus RP Mod,22,RP,38,7.00e305,E22,E26,275,336,33,34
E26,Zeus RP Mod,23,RP,38,7.00e315,E22,E26,275,336,33,34
E26,Zeus RP Mod,24,RP,38,7.00e325,E22,E26,275,336,33,34
E26,Zeus RP Mod,25,RP,38,7.00e335,E22,E26,275,336,33,34
E27,Zeus Benefits,1,Materials,39,4.00e98,E26,E27,200,336,33,33
E27,Zeus Benefits,2,Materials,39,4.00e110,E26,E27,200,336,33,33
E27,Zeus Benefits,3,Materials,39,4.00e122,E26,E27,200,336,33,33
E27,Zeus Benefits,4,Materials,39,4.00e134,E26,E27,200,336,33,33
E27,Zeus Benefits,5,Materials,39,4.00e146,E26,E27,200,336,33,33
E27,Zeus Benefits,6,Materials,39,4.00e158,E26,E27,200,336,33,33
E27,Zeus Benefits,7,Materials,39,4.00e170,E26,E27,200,336,33,33
E27,Zeus Benefits,8,Materials,39,4.00e182,E26,E27,200,336,33,33
E27,Zeus Benefits,9,Materials,39,4.00e194,E26,E27,200,336,33,33
E27,Zeus Benefits,10,Materials,39,4.00e206,E26,E27,200,336,33,33
E28,Zeus Motivation,1,AP,40,7.00e107,E27,E28,162,336,33,33
E28,Zeus Motivation,2,AP,40,7.00e122,E27,E28,162,336,33,33
E28,Zeus Motivation,3,AP,40,7.00e137,E27,E28,162,336,33,33
E28,Zeus Motivation,4,AP,40,7.00e152,E27,E28,162,336,33,33
E28,Zeus Motivation,5,AP,40,7.00e167,E27,E28,162,336,33,33
E28,Zeus Motivation,6,AP,40,7.00e182,E27,E28,162,336,33,33
E28,Zeus Motivation,7,AP,40,7.00e197,E27,E28,162,336,33,33
E28,Zeus Motivation,8,AP,40,7.00e212,E27,E28,162,336,33,33
E28,Zeus Motivation,9,AP,40,7.00e227,E27,E28,162,336,33,33
E28,Zeus Motivation,10,AP,40,7.00e242,E27,E28,162,336,33,33
E29,Zeus Cost Mod,1,Unknown,41,2.00e110,E28,E29,124,336,33,33
E29,Zeus Cost Mod,2,Unknown,41,2.00e114,E28,E29,124,336,33,33
E29,Zeus Cost Mod,3,Unknown,41,2.00e118,E28,E29,124,336,33,33
E29,Zeus Cost Mod,4,Unknown,41,2.00e122,E28,E29,124,336,33,33
E29,Zeus Cost Mod,5,Unknown,41,2.00e126,E28,E29,124,336,33,33
E29,Zeus Cost Mod,6,Unknown,41,2.00e130,E28,E29,124,336,33,33
E29,Zeus Cost Mod,7,Unknown,41,2.00e134,E28,E29,124,336,33,33
E29,Zeus Cost Mod,8,Unknown,41,2.00e138,E28,E29,124,336,33,33
E29,Zeus Cost Mod,9,Unknown,41,2.00e142,E28,E29,124,336,33,33
E29,Zeus Cost Mod,10,Unknown,41,2.00e146,E28,E29,124,336,33,33
E29,Zeus Cost Mod,11,Unknown,41,2.00e150,E28,E29,124,336,33,33
E29,Zeus Cost Mod,12,Unknown,41,2.00e154,E28,E29,124,336,33,33
E29,Zeus Cost Mod,13,Unknown,41,2.00e158,E28,E29,124,336,33,33
E29,Zeus Cost Mod,14,Unknown,41,2.00e162,E28,E29,124,336,33,33
E29,Zeus Cost Mod,15,Unknown,41,2.00e166,E28,E29,124,336,33,33
E29,Zeus Cost Mod,16,Unknown,41,2.00e170,E28,E29,124,336,33,33
E29,Zeus Cost Mod,17,Unknown,41,2.00e174,E28,E29,124,336,33,33
E29,Zeus Cost Mod,18,Unknown,41,2.00e178,E28,E29,124,336,33,33
E29,Zeus Cost Mod,19,Unknown,41,2.00e182,E28,E29,124,336,33,33
E29,Zeus Cost Mod,20,Unknown,41,2.00e186,E28,E29,124,336,33,33
E29,Zeus Cost Mod,21,Unknown,41,2.00e190,E28,E29,124,336,33,33
E29,Zeus Cost Mod,22,Unknown,41,2.00e194,E28,E29,124,336,33,33
E29,Zeus Cost Mod,23,Unknown,41,2.00e198,E28,E29,124,336,33,33
E29,Zeus Cost Mod,24,Unknown,41,2.00e202,E28,E29,124,336,33,33
E29,Zeus Cost Mod,25,Unknown,41,2.00e206,E28,E29,124,336,33,33
E29,Zeus Cost Mod,26,Unknown,41,2.00e210,E28,E29,124,336,33,33
E29,Zeus Cost Mod,27,Unknown,41,2.00e214,E28,E29,124,336,33,33
E29,Zeus Cost Mod,28,Unknown,41,2.00e218,E28,E29,124,336,33,33
E29,Zeus Cost Mod,29,Unknown,41,2.00e222,E28,E29,124,336,33,33
E29,Zeus Cost Mod,30,Unknown,41,2.00e226,E28,E29,124,336,33,33
E29,Zeus Cost Mod,31,Unknown,41,2.00e230,E28,E29,124,336,33,33
E29,Zeus Cost Mod,32,Unknown,41,2.00e234,E28,E29,124,336,33,33
E29,Zeus Cost Mod,33,Unknown,41,2.00e238,E28,E29,124,336,33,33
E29,Zeus Cost Mod,34,Unknown,41,2.00e242,E28,E29,124,336,33,33
E29,Zeus Cost Mod,35,Unknown,41,2.00e246,E28,E29,124,336,33,33
E29,Zeus Cost Mod,36,Unknown,41,2.00e250,E28,E29,124,336,33,33
E29,Zeus Cost Mod,37,Unknown,41,2.00e254,E28,E29,124,336,33,33
E29,Zeus Cost Mod,38,Unknown,41,2.00e258,E28,E29,124,336,33,33
E29,Zeus Cost Mod,39,Unknown,41,2.00e262,E28,E29,124,336,33,33
E29,Zeus Cost Mod,40,Unknown,41,2.00e266,E28,E29,124,336,33,33
E29,Zeus Cost Mod,41,Unknown,41,2.00e270,E28,E29,124,336,33,33
E29,Zeus Cost Mod,42,Unknown,41,2.00e274,E28,E29,124,336,33,33
E29,Zeus Cost Mod,43,Unknown,41,2.00e278,E28,E29,124,336,33,33
E29,Zeus Cost Mod,44,Unknown,41,2.00e282,E28,E29,124,336,33,33
E29,Zeus Cost Mod,45,Unknown,41,2.00e286,E28,E29,124,336,33,33
E29,Zeus Cost Mod,46,Unknown,41,2.00e290,E28,E29,124,336,33,33
E29,Zeus Cost Mod,47,Unknown,41,2.00e294,E28,E29,124,336,33,33
E29,Zeus Cost Mod,48,Unknown,41,2.00e298,E28,E29,124,336,33,33
E29,Zeus Cost Mod,49,Unknown,41,2.00e302,E28,E29,124,336,33,33
E29,Zeus Cost Mod,50,Unknown,41,2.00e306,E28,E29,124,336,33,33
E29,Zeus Cost Mod,51,Unknown,41,2.00e310,E28,E29,124,336,33,33
E29,Zeus Cost Mod,52,Unknown,41,2.00e314,E28,E29,124,336,33,33
E29,Zeus Cost Mod,53,Unknown,41,2.00e318,E28,E29,124,336,33,33
E29,Zeus Cost Mod,54,Unknown,41,2.00e322,E28,E29,124,336,33,33
E29,Zeus Cost Mod,55,Unknown,41,2.00e326,E28,E29,124,336,33,33
E29,Zeus Cost Mod,56,Unknown,41,2.00e330,E28,E29,124,336,33,33
E29,Zeus Cost Mod,57,Unknown,41,2.00e334,E28,E29,124,336,33,33
E29,Zeus Cost Mod,58,Unknown,41,2.00e338,E28,E29,124,336,33,33
E29,Zeus Cost Mod,59,Unknown,41,2.00e342,E28,E29,124,336,33,33
E29,Zeus Cost Mod,60,Unknown,41,2.00e346,E28,E29,124,336,33,33
E29,Zeus Cost Mod,61,Unknown,41,2.00e350,E28,E29,124,336,33,33
E29,Zeus Cost Mod,62,Unknown,41,2.00e354,E28,E29,124,336,33,33
E29,Zeus Cost Mod,63,Unknown,41,2.00e358,E28,E29,124,336,33,33
E29,Zeus Cost Mod,64,Unknown,41,2.00e362,E28,E29,124,336,33,33
E29,Zeus Cost Mod,65,Unknown,41,2.00e366,E28,E29,124,336,33,33
E29,Zeus Cost Mod,66,Unknown,41,2.00e370,E28,E29,124,336,33,33
E29,Zeus Cost Mod,67,Unknown,41,2.00e374,E28,E29,124,336,33,33
E29,Zeus Cost Mod,68,Unknown,41,2.00e378,E28,E29,124,336,33,33
E29,Zeus Cost Mod,69,Unknown,41,2.00e382,E28,E29,124,336,33,33
E29,Zeus Cost Mod,70,Unknown,41,2.00e386,E28,E29,124,336,33,33
E29,Zeus Cost Mod,71,Unknown,41,2.00e390,E28,E29,124,336,33,33
E29,Zeus Cost Mod,72,Unknown,41,2.00e394,E28,E29,124,336,33,33
E29,Zeus Cost Mod,73,Unknown,41,2.00e398,E28,E29,124,336,33,33
EB6,Koios Bulk Auto,1,Unknown,42,3.00e100,EA6,EB6,352,374,33,33
EB6,Koios Bulk Auto,2,Unknown,42,1.80e125,EA6,EB6,352,374,33,33
EB6,Koios Bulk Auto,3,Unknown,42,2.43e150,EA6,EB6,352,374,33,33
EB6,Koios Bulk Auto,4,Unknown,42,5.18e175,EA6,EB6,352,374,33,33
EB6,Koios Bulk Auto,5,Unknown,42,1.52e201,EA6,EB6,352,374,33,33
EA6,Koios Automation,1,Unknown,43,3.00e54,E22,EA6,314,374,33,33
E22,Koios RP Mod,1,RP,44,60.0sp,E18,E22,275,374,33,34
E22,Koios RP Mod,2,RP,44,240o,E18,E22,275,374,33,34
E22,Koios RP Mod,3,RP,44,1.62d,E18,E22,275,374,33,34
E22,Koios RP Mod,4,RP,44,1.54e37,E18,E22,275,374,33,34
E22,Koios RP Mod,5,RP,44,1.87e41,E18,E22,275,374,33,34
E22,Koios RP Mod,6,RP,44,2.80e45,E18,E22,275,374,33,34
E22,Koios RP Mod,7,RP,44,4.94e49,E18,E22,275,374,33,34
E22,Koios RP Mod,8,RP,44,1.01e54,E18,E22,275,374,33,34
E22,Koios RP Mod,9,RP,44,2.32e58,E18,E22,275,374,33,34
E22,Koios RP Mod,10,RP,44,6.00e62,E18,E22,275,374,33,34
E22,Koios RP Mod,11,RP,44,1.71e67,E18,E22,275,374,33,34
E22,Koios RP Mod,12,RP,44,5.35e71,E18,E22,275,374,33,34
E22,Koios RP Mod,13,RP,44,1.82e76,E18,E22,275,374,33,34
E22,Koios RP Mod,14,RP,44,6.67e80,E18,E22,275,374,33,34
E22,Koios RP Mod,15,RP,44,2.63e85,E18,E22,275,374,33,34
E22,Koios RP Mod,16,RP,44,1.11e90,E18,E22,275,374,33,34
E22,Koios RP Mod,17,RP,44,4.96e94,E18,E22,275,374,33,34
E22,Koios RP Mod,18,RP,44,2.36e99,E18,E22,275,374,33,34
E22,Koios RP Mod,19,RP,44,1.19e104,E18,E22,275,374,33,34
E22,Koios RP Mod,20,RP,44,6.29e108,E18,E22,275,374,33,34
E22,Koios RP Mod,21,RP,44,3.51e113,E18,E22,275,374,33,34
E22,Koios RP Mod,22,RP,44,2.05e118,E18,E22,275,374,33,34
E22,Koios RP Mod,23,RP,44,1.25e123,E18,E22,275,374,33,34
E22,Koios RP Mod,24,RP,44,8.00e127,E18,E22,275,374,33,34
E22,Koios RP Mod,25,RP,44,5.33e132,E18,E22,275,374,33,34
E23,Koios Benefits,1,Research,45,6.00o,E22,E23,200,374,33,33
E23,Koios Benefits,2,Research,45,28.8n,E22,E23,200,374,33,33
E23,Koios Benefits,3,Research,45,233d,E22,E23,200,374,33,33
E23,Koios Benefits,4,Research,45,2.65e39,E22,E23,200,374,33,33
E23,Koios Benefits,5,Research,45,3.89e43,E22,E23,200,374,33,33
E23,Koios Benefits,6,Research,45,6.97e47,E22,E23,200,374,33,33
E23,Koios Benefits,7,Research,45,1.48e52,E22,E23,200,374,33,33
E23,Koios Benefits,8,Research,45,3.61e56,E22,E23,200,374,33,33
E23,Koios Benefits,9,Research,45,1.00e61,E22,E23,200,374,33,33
E23,Koios Benefits,10,Research,45,3.10e65,E22,E23,200,374,33,33
E24,Koios Motivation,1,Research,46,600o,E23,E24,162,374,33,33
E24,Koios Motivation,2,Research,46,1.80d,E23,E24,162,374,33,33
E24,Koios Motivation,3,Research,46,7.20e36,E23,E24,162,374,33,33
E24,Koios Motivation,4,Research,46,3.75e40,E23,E24,162,374,33,33
E24,Koios Motivation,5,Research,46,2.43e44,E23,E24,162,374,33,33
E24,Koios Motivation,6,Research,46,1.89e48,E23,E24,162,374,33,33
E24,Koios Motivation,7,Research,46,1.72e52,E23,E24,162,374,33,33
E24,Koios Motivation,8,Research,46,1.79e56,E23,E24,162,374,33,33
E24,Koios Motivation,9,Research,46,2.11e60,E23,E24,162,374,33,33
E24,Koios Motivation,10,Research,46,2.76e64,E23,E24,162,374,33,33
E24,Koios Motivation,11,Research,46,3.99e68,E23,E24,162,374,33,33
E24,Koios Motivation,12,Research,46,6.30e72,E23,E24,162,374,33,33
E24,Koios Motivation,13,Research,46,1.08e77,E23,E24,162,374,33,33
E24,Koios Motivation,14,Research,46,2.00e81,E23,E24,162,374,33,33
E24,Koios Motivation,15,Research,46,3.96e85,E23,E24,162,374,33,33
E24,Koios Motivation,16,Research,46,8.39e89,E23,E24,162,374,33,33
E24,Koios Motivation,17,Research,46,1.89e94,E23,E24,162,374,33,33
E24,Koios Motivation,18,Research,46,4.52e98,E23,E24,162,374,33,33
E24,Koios Motivation,19,Research,46,1.14e103,E23,E24,162,374,33,33
E24,Koios Motivation,20,Research,46,3.03e107,E23,E24,162,374,33,33
E25,Koios Cost Mod,1,Unknown,47,60.0n,E24,E25,124,374,33,33
E25,Koios Cost Mod,2,Unknown,47,152n,E24,E25,124,374,33,33
E25,Koios Cost Mod,3,Unknown,47,438n,E24,E25,124,374,33,33
E25,Koios Cost Mod,4,Unknown,47,1.42d,E24,E25,124,374,33,33
E25,Koios Cost Mod,5,Unknown,47,5.16d,E24,E25,124,374,33,33
E25,Koios Cost Mod,6,Unknown,47,20.7d,E24,E25,124,374,33,33
E25,Koios Cost Mod,7,Unknown,47,91.0d,E24,E25,124,374,33,33
E25,Koios Cost Mod,8,Unknown,47,437d,E24,E25,124,374,33,33
E25,Koios Cost Mod,9,Unknown,47,2.27e36,E24,E25,124,374,33,33
E25,Koios Cost Mod,10,Unknown,47,1.28e37,E24,E25,124,374,33,33
E25,Koios Cost Mod,11,Unknown,47,7.69e37,E24,E25,124,374,33,33
E25,Koios Cost Mod,12,Unknown,47,4.96e38,E24,E25,124,374,33,33
E25,Koios Cost Mod,13,Unknown,47,3.40e39,E24,E25,124,374,33,33
E25,Koios Cost Mod,14,Unknown,47,2.48e40,E24,E25,124,374,33,33
E25,Koios Cost Mod,15,Unknown,47,1.91e41,E24,E25,124,374,33,33
E25,Koios Cost Mod,16,Unknown,47,1.56e42,E24,E25,124,374,33,33
E25,Koios Cost Mod,17,Unknown,47,1.34e43,E24,E25,124,374,33,33
E25,Koios Cost Mod,18,Unknown,47,1.20e44,E24,E25,124,374,33,33
E25,Koios Cost Mod,19,Unknown,47,1.13e45,E24,E25,124,374,33,33
E25,Koios Cost Mod,20,Unknown,47,1.12e46,E24,E25,124,374,33,33
E25,Koios Cost Mod,21,Unknown,47,1.16e47,E24,E25,124,374,33,33
E25,Koios Cost Mod,22,Unknown,47,1.24e48,E24,E25,124,374,33,33
E25,Koios Cost Mod,23,Unknown,47,1.39e49,E24,E25,124,374,33,33
E25,Koios Cost Mod,24,Unknown,47,1.62e50,E24,E25,124,374,33,33
E25,Koios Cost Mod,25,Unknown,47,1.95e51,E24,E25,124,374,33,33
E25,Koios Cost Mod,26,Unknown,47,2.45e52,E24,E25,124,374,33,33
E25,Koios Cost Mod,27,Unknown,47,3.17e53,E24,E25,124,374,33,33
E25,Koios Cost Mod,28,Unknown,47,4.25e54,E24,E25,124,374,33,33
E25,Koios Cost Mod,29,Unknown,47,5.89e55,E24,E25,124,374,33,33
E25,Koios Cost Mod,30,Unknown,47,8.42e56,E24,E25,124,374,33,33
E25,Koios Cost Mod,31,Unknown,47,1.24e58,E24,E25,124,374,33,33
E25,Koios Cost Mod,32,Unknown,47,1.89e59,E24,E25,124,374,33,33
E25,Koios Cost Mod,33,Unknown,47,2.95e60,E24,E25,124,374,33,33
E25,Koios Cost Mod,34,Unknown,47,4.75e61,E24,E25,124,374,33,33
E25,Koios Cost Mod,35,Unknown,47,7.86e62,E24,E25,124,374,33,33
E25,Koios Cost Mod,36,Unknown,47,1.34e64,E24,E25,124,374,33,33
E25,Koios Cost Mod,37,Unknown,47,2.33e65,E24,E25,124,374,33,33
E25,Koios Cost Mod,38,Unknown,47,4.17e66,E24,E25,124,374,33,33
E25,Koios Cost Mod,39,Unknown,47,7.65e67,E24,E25,124,374,33,33
E25,Koios Cost Mod,40,Unknown,47,1.44e69,E24,E25,124,374,33,33
E25,Koios Cost Mod,41,Unknown,47,2.77e70,E24,E25,124,374,33,33
E25,Koios Cost Mod,42,Unknown,47,5.45e71,E24,E25,124,374,33,33
E25,Koios Cost Mod,43,Unknown,47,1.10e73,E24,E25,124,374,33,33
E25,Koios Cost Mod,44,Unknown,47,2.26e74,E24,E25,124,374,33,33
E25,Koios Cost Mod,45,Unknown,47,4.77e75,E24,E25,124,374,33,33
E25,Koios Cost Mod,46,Unknown,47,1.03e77,E24,E25,124,374,33,33
E25,Koios Cost Mod,47,Unknown,47,2.25e78,E24,E25,124,374,33,33
E25,Koios Cost Mod,48,Unknown,47,5.06e79,E24,E25,124,374,33,33
E25,Koios Cost Mod,49,Unknown,47,1.16e81,E24,E25,124,374,33,33
E25,Koios Cost Mod,50,Unknown,47,2.70e82,E24,E25,124,374,33,33
E25,Koios Cost Mod,51,Unknown,47,6.42e83,E24,E25,124,374,33,33
E25,Koios Cost Mod,52,Unknown,47,1.56e85,E24,E25,124,374,33,33
E25,Koios Cost Mod,53,Unknown,47,3.85e86,E24,E25,124,374,33,33
E25,Koios Cost Mod,54,Unknown,47,9.67e87,E24,E25,124,374,33,33
E25,Koios Cost Mod,55,Unknown,47,2.48e89,E24,E25,124,374,33,33
E25,Koios Cost Mod,56,Unknown,47,6.46e90,E24,E25,124,374,33,33
E25,Koios Cost Mod,57,Unknown,47,1.71e92,E24,E25,124,374,33,33
E25,Koios Cost Mod,58,Unknown,47,4.62e93,E24,E25,124,374,33,33
E25,Koios Cost Mod,59,Unknown,47,1.27e95,E24,E25,124,374,33,33
E25,Koios Cost Mod,60,Unknown,47,3.54e96,E24,E25,124,374,33,33
E25,Koios Cost Mod,61,Unknown,47,1.00e98,E24,E25,124,374,33,33
E25,Koios Cost Mod,62,Unknown,47,2.89e99,E24,E25,124,374,33,33
E25,Koios Cost Mod,63,Unknown,47,8.45e100,E24,E25,124,374,33,33
E25,Koios Cost Mod,64,Unknown,47,2.51e102,E24,E25,124,374,33,33
E25,Koios Cost Mod,65,Unknown,47,7.58e103,E24,E25,124,374,33,33
E25,Koios Cost Mod,66,Unknown,47,2.32e105,E24,E25,124,374,33,33
E25,Koios Cost Mod,67,Unknown,47,7.22e106,E24,E25,124,374,33,33
E25,Koios Cost Mod,68,Unknown,47,2.28e108,E24,E25,124,374,33,33
E25,Koios Cost Mod,69,Unknown,47,7.29e109,E24,E25,124,374,33,33
E25,Koios Cost Mod,70,Unknown,47,2.37e111,E24,E25,124,374,33,33
E25,Koios Cost Mod,71,Unknown,47,7.80e112,E24,E25,124,374,33,33
E25,Koios Cost Mod,72,Unknown,47,2.60e114,E24,E25,124,374,33,33
E25,Koios Cost Mod,73,Unknown,47,8.81e115,E24,E25,124,374,33,33
E25,Koios Cost Mod,74,Unknown,47,3.02e117,E24,E25,124,374,33,33
E25,Koios Cost Mod,75,Unknown,47,1.05e119,E24,E25,124,374,33,33
E25,Koios Cost Mod,76,Unknown,47,3.70e120,E24,E25,124,374,33,33
E25,Koios Cost Mod,77,Unknown,47,1.32e122,E24,E25,124,374,33,33
E25,Koios Cost Mod,78,Unknown,47,4.77e123,E24,E25,124,374,33,33
E25,Koios Cost Mod,79,Unknown,47,1.74e125,E24,E25,124,374,33,33
E25,Koios Cost Mod,80,Unknown,47,6.46e126,E24,E25,124,374,33,33
E25,Koios Cost Mod,81,Unknown,47,2.42e128,E24,E25,124,374,33,33
E25,Koios Cost Mod,82,Unknown,47,9.20e129,E24,E25,124,374,33,33
E25,Koios Cost Mod,83,Unknown,47,3.54e131,E24,E25,124,374,33,33
E25,Koios Cost Mod,84,Unknown,47,1.38e133,E24,E25,124,374,33,33
E25,Koios Cost Mod,85,Unknown,47,5.41e134,E24,E25,124,374,33,33
E25,Koios Cost Mod,86,Unknown,47,2.15e136,E24,E25,124,374,33,33
E25,Koios Cost Mod,87,Unknown,47,8.67e137,E24,E25,124,374,33,33
E25,Koios Cost Mod,88,Unknown,47,3.53e139,E24,E25,124,374,33,33
E25,Koios Cost Mod,89,Unknown,47,1.45e141,E24,E25,124,374,33,33
E25,Koios Cost Mod,90,Unknown,47,6.06e142,E24,E25,124,374,33,33
E25,Koios Cost Mod,91,Unknown,47,2.55e144,E24,E25,124,374,33,33
E25,Koios Cost Mod,92,Unknown,47,1.08e146,E24,E25,124,374,33,33
E25,Koios Cost Mod,93,Unknown,47,4.67e147,E24,E25,124,374,33,33
E25,Koios Cost Mod,94,Unknown,47,2.03e149,E24,E25,124,374,33,33
E25,Koios Cost Mod,95,Unknown,47,8.92e150,E24,E25,124,374,33,33
E25,Koios Cost Mod,96,Unknown,47,3.96e152,E24,E25,124,374,33,33
E25,Koios Cost Mod,97,Unknown,47,1.78e154,E24,E25,124,374,33,33
E25,Koios Cost Mod,98,Unknown,47,8.05e155,E24,E25,124,374,33,33
E25,Koios Cost Mod,99,Unknown,47,3.68e157,E24,E25,124,374,33,33
E25,Koios Cost Mod,100,Unknown,47,1.70e159,E24,E25,124,374,33,33
E25,Koios Cost Mod,101,Unknown,47,7.96e160,E24,E25,124,374,33,33
E25,Koios Cost Mod,102,Unknown,47,3.75e162,E24,E25,124,374,33,33
E25,Koios Cost Mod,103,Unknown,47,1.79e164,E24,E25,124,374,33,33
E25,Koios Cost Mod,104,Unknown,47,8.59e165,E24,E25,124,374,33,33
E25,Koios Cost Mod,105,Unknown,47,4.17e167,E24,E25,124,374,33,33
E25,Koios Cost Mod,106,Unknown,47,2.04e169,E24,E25,124,374,33,33
E25,Koios Cost Mod,107,Unknown,47,1.01e171,E24,E25,124,374,33,33
E25,Koios Cost Mod,108,Unknown,47,5.04e172,E24,E25,124,374,33,33
E25,Koios Cost Mod,109,Unknown,47,2.54e174,E24,E25,124,374,33,33
E25,Koios Cost Mod,110,Unknown,47,1.29e176,E24,E25,124,374,33,33
E25,Koios Cost Mod,111,Unknown,47,6.63e177,E24,E25,124,374,33,33
E25,Koios Cost Mod,112,Unknown,47,3.43e179,E24,E25,124,374,33,33
E25,Koios Cost Mod,113,Unknown,47,1.79e181,E24,E25,124,374,33,33
E25,Koios Cost Mod,114,Unknown,47,9.43e182,E24,E25,124,374,33,33
E25,Koios Cost Mod,115,Unknown,47,5.01e184,E24,E25,124,374,33,33
E25,Koios Cost Mod,116,Unknown,47,2.69e186,E24,E25,124,374,33,33
E25,Koios Cost Mod,117,Unknown,47,1.45e188,E24,E25,124,374,33,33
E25,Koios Cost Mod,118,Unknown,47,7.92e189,E24,E25,124,374,33,33
E25,Koios Cost Mod,119,Unknown,47,4.35e191,E24,E25,124,374,33,33
E25,Koios Cost Mod,120,Unknown,47,2.41e193,E24,E25,124,374,33,33
E25,Koios Cost Mod,121,Unknown,47,1.35e195,E24,E25,124,374,33,33
E25,Koios Cost Mod,122,Unknown,47,7.61e196,E24,E25,124,374,33,33
E25,Koios Cost Mod,123,Unknown,47,4.32e198,E24,E25,124,374,33,33
E25,Koios Cost Mod,124,Unknown,47,2.48e200,E24,E25,124,374,33,33
E25,Koios Cost Mod,125,Unknown,47,1.43e202,E24,E25,124,374,33,33
E25,Koios Cost Mod,126,Unknown,47,8.32e203,E24,E25,124,374,33,33
E25,Koios Cost Mod,127,Unknown,47,4.88e205,E24,E25,124,374,33,33
E25,Koios Cost Mod,128,Unknown,47,2.89e207,E24,E25,124,374,33,33
E25,Koios Cost Mod,129,Unknown,47,1.72e209,E24,E25,124,374,33,33
E25,Koios Cost Mod,130,Unknown,47,1.03e211,E24,E25,124,374,33,33
E25,Koios Cost Mod,131,Unknown,47,6.25e212,E24,E25,124,374,33,33
E25,Koios Cost Mod,132,Unknown,47,3.81e214,E24,E25,124,374,33,33
E25,Koios Cost Mod,133,Unknown,47,2.34e216,E24,E25,124,374,33,33
E25,Koios Cost Mod,134,Unknown,47,1.45e218,E24,E25,124,374,33,33
E25,Koios Cost Mod,135,Unknown,47,9.03e219,E24,E25,124,374,33,33
E25,Koios Cost Mod,136,Unknown,47,5.67e221,E24,E25,124,374,33,33
E25,Koios Cost Mod,137,Unknown,47,3.59e223,E24,E25,124,374,33,33
E25,Koios Cost Mod,138,Unknown,47,2.29e225,E24,E25,124,374,33,33
E25,Koios Cost Mod,139,Unknown,47,1.47e227,E24,E25,124,374,33,33
E25,Koios Cost Mod,140,Unknown,47,9.49e228,E24,E25,124,374,33,33
E25,Koios Cost Mod,141,Unknown,47,6.18e230,E24,E25,124,374,33,33
E25,Koios Cost Mod,142,Unknown,47,4.05e232,E24,E25,124,374,33,33
E25,Koios Cost Mod,143,Unknown,47,2.68e234,E24,E25,124,374,33,33
E25,Koios Cost Mod,144,Unknown,47,1.78e236,E24,E25,124,374,33,33
E25,Koios Cost Mod,145,Unknown,47,1.19e238,E24,E25,124,374,33,33
E25,Koios Cost Mod,146,Unknown,47,8.04e239,E24,E25,124,374,33,33
E25,Koios Cost Mod,147,Unknown,47,5.46e241,E24,E25,124,374,33,33
E25,Koios Cost Mod,148,Unknown,47,3.73e243,E24,E25,124,374,33,33
E25,Koios Cost Mod,149,Unknown,47,2.57e245,E24,E25,124,374,33,33
E25,Koios Cost Mod,150,Unknown,47,1.78e247,E24,E25,124,374,33,33
E25,Koios Cost Mod,151,Unknown,47,1.24e249,E24,E25,124,374,33,33
E25,Koios Cost Mod,152,Unknown,47,8.70e250,E24,E25,124,374,33,33
E25,Koios Cost Mod,153,Unknown,47,6.14e252,E24,E25,124,374,33,33
E25,Koios Cost Mod,154,Unknown,47,4.37e254,E24,E25,124,374,33,33
E25,Koios Cost Mod,155,Unknown,47,3.13e256,E24,E25,124,374,33,33
E25,Koios Cost Mod,156,Unknown,47,2.25e258,E24,E25,124,374,33,33
E25,Koios Cost Mod,157,Unknown,47,1.63e260,E24,E25,124,374,33,33
E25,Koios Cost Mod,158,Unknown,47,1.19e262,E24,E25,124,374,33,33
E25,Koios Cost Mod,159,Unknown,47,8.74e263,E24,E25,124,374,33,33
E25,Koios Cost Mod,160,Unknown,47,6.46e265,E24,E25,124,374,33,33
E25,Koios Cost Mod,161,Unknown,47,4.80e267,E24,E25,124,374,33,33
E25,Koios Cost Mod,162,Unknown,47,3.59e269,E24,E25,124,374,33,33
E25,Koios Cost Mod,163,Unknown,47,2.70e271,E24,E25,124,374,33,33
E25,Koios Cost Mod,164,Unknown,47,2.05e273,E24,E25,124,374,33,33
E25,Koios Cost Mod,165,Unknown,47,1.56e275,E24,E25,124,374,33,33
E25,Koios Cost Mod,166,Unknown,47,1.19e277,E24,E25,124,374,33,33
E25,Koios Cost Mod,167,Unknown,47,9.21e278,E24,E25,124,374,33,33
E25,Koios Cost Mod,168,Unknown,47,7.15e280,E24,E25,124,374,33,33
E25,Koios Cost Mod,169,Unknown,47,5.58e282,E24,E25,124,374,33,33
E25,Koios Cost Mod,170,Unknown,47,4.38e284,E24,E25,124,374,33,33
E25,Koios Cost Mod,171,Unknown,47,3.46e286,E24,E25,124,374,33,33
E25,Koios Cost Mod,172,Unknown,47,2.74e288,E24,E25,124,374,33,33
E25,Koios Cost Mod,173,Unknown,47,2.19e290,E24,E25,124,374,33,33
E25,Koios Cost Mod,174,Unknown,47,1.76e292,E24,E25,124,374,33,33
E25,Koios Cost Mod,175,Unknown,47,1.42e294,E24,E25,124,374,33,33
E25,Koios Cost Mod,176,Unknown,47,1.16e296,E24,E25,124,374,33,33
E25,Koios Cost Mod,177,Unknown,47,9.44e297,E24,E25,124,374,33,33
E25,Koios Cost Mod,178,Unknown,47,7.76e299,E24,E25,124,374,33,33
E25,Koios Cost Mod,179,Unknown,47,6.41e301,E24,E25,124,374,33,33
E25,Koios Cost Mod,180,Unknown,47,5.33e303,E24,E25,124,374,33,33
E25,Koios Cost Mod,181,Unknown,47,4.45e305,E24,E25,124,374,33,33
E25,Koios Cost Mod,182,Unknown,47,3.74e307,E24,E25,124,374,33,33
E25,Koios Cost Mod,183,Unknown,47,3.16e309,E24,E25,124,374,33,33
E25,Koios Cost Mod,184,Unknown,47,2.69e311,E24,E25,124,374,33,33
E25,Koios Cost Mod,185,Unknown,47,2.29e313,E24,E25,124,374,33,33
E25,Koios Cost Mod,186,Unknown,47,1.97e315,E24,E25,124,374,33,33
E25,Koios Cost Mod,187,Unknown,47,1.70e317,E24,E25,124,374,33,33
E25,Koios Cost Mod,188,Unknown,47,1.48e319,E24,E25,124,374,33,33
E25,Koios Cost Mod,189,Unknown,47,1.29e321,E24,E25,124,374,33,33
E25,Koios Cost Mod,190,Unknown,47,1.13e323,E24,E25,124,374,33,33
E25,Koios Cost Mod,191,Unknown,47,9.96e324,E24,E25,124,374,33,33
E25,Koios Cost Mod,192,Unknown,47,8.83e326,E24,E25,124,374,33,33
E25,Koios Cost Mod,193,Unknown,47,7.86e328,E24,E25,124,374,33,33
E25,Koios Cost Mod,194,Unknown,47,7.04e330,E24,E25,124,374,33,33
E25,Koios Cost Mod,195,Unknown,47,6.34e332,E24,E25,124,374,33,33
E25,Koios Cost Mod,196,Unknown,47,5.74e334,E24,E25,124,374,33,33
E25,Koios Cost Mod,197,Unknown,47,5.22e336,E24,E25,124,374,33,33
E25,Koios Cost Mod,198,Unknown,47,4.77e338,E24,E25,124,374,33,33
E25,Koios Cost Mod,199,Unknown,47,4.38e340,E24,E25,124,374,33,33
E25,Koios Cost Mod,200,Unknown,47,4.04e342,E24,E25,124,374,33,33
EB5,Demeter Bulk Auto,1,Unknown,48,3.00e70,EA5,EB5,352,412,33,33
EB5,Demeter Bulk Auto,2,Unknown,48,1.80e83,EA5,EB5,352,412,33,33
EB5,Demeter Bulk Auto,3,Unknown,48,2.43e96,EA5,EB5,352,412,33,33
EB5,Demeter Bulk Auto,4,Unknown,48,5.18e109,EA5,EB5,352,412,33,33
EB5,Demeter Bulk Auto,5,Unknown,48,1.52e123,EA5,EB5,352,412,33,33
EA5,Demeter Automation,1,Unknown,49,50.0n,E18,EA5,314,412,33,33
E18,Demeter RP Mod,1,RP,50,50.0t,E14,E18,275,412,33,34
E18,Demeter RP Mod,2,RP,50,1.10qa,E14,E18,275,412,33,34
E18,Demeter RP Mod,3,RP,50,47.0qa,E14,E18,275,412,33,34
E18,Demeter RP Mod,4,RP,50,3.03qu,E14,E18,275,412,33,34
E18,Demeter RP Mod,5,RP,50,262qu,E14,E18,275,412,33,34
E18,Demeter RP Mod,6,RP,50,28.5sx,E14,E18,275,412,33,34
E18,Demeter RP Mod,7,RP,50,3.73sp,E14,E18,275,412,33,34
E18,Demeter RP Mod,8,RP,50,571sp,E14,E18,275,412,33,34
E18,Demeter RP Mod,9,RP,50,100o,E14,E18,275,412,33,34
E18,Demeter RP Mod,10,RP,50,19.8n,E14,E18,275,412,33,34
E18,Demeter RP Mod,11,RP,50,4.34d,E14,E18,275,412,33,34
E18,Demeter RP Mod,12,RP,50,1.05e36,E14,E18,275,412,33,34
E18,Demeter RP Mod,13,RP,50,2.77e38,E14,E18,275,412,33,34
E18,Demeter RP Mod,14,RP,50,7.92e40,E14,E18,275,412,33,34
E18,Demeter RP Mod,15,RP,50,2.44e43,E14,E18,275,412,33,34
E18,Demeter RP Mod,16,RP,50,8.04e45,E14,E18,275,412,33,34
E18,Demeter RP Mod,17,RP,50,2.83e48,E14,E18,275,412,33,34
E18,Demeter RP Mod,18,RP,50,1.06e51,E14,E18,275,412,33,34
E18,Demeter RP Mod,19,RP,50,4.19e53,E14,E18,275,412,33,34
E18,Demeter RP Mod,20,RP,50,1.75e56,E14,E18,275,412,33,34
E18,Demeter RP Mod,21,RP,50,7.70e58,E14,E18,275,412,33,34
E18,Demeter RP Mod,22,RP,50,3.56e61,E14,E18,275,412,33,34
E18,Demeter RP Mod,23,RP,50,1.72e64,E14,E18,275,412,33,34
E18,Demeter RP Mod,24,RP,50,8.70e66,E14,E18,275,412,33,34
E18,Demeter RP Mod,25,RP,50,4.59e69,E14,E18,275,412,33,34
E18,Demeter RP Mod,26,RP,50,2.52e72,E14,E18,275,412,33,34
E18,Demeter RP Mod,27,RP,50,1.44e75,E14,E18,275,412,33,34
E18,Demeter RP Mod,28,RP,50,8.54e77,E14,E18,275,412,33,34
E18,Demeter RP Mod,29,RP,50,5.25e80,E14,E18,275,412,33,34
E18,Demeter RP Mod,30,RP,50,3.34e83,E14,E18,275,412,33,34
E18,Demeter RP Mod,31,RP,50,2.20e86,E14,E18,275,412,33,34
E18,Demeter RP Mod,32,RP,50,1.50e89,E14,E18,275,412,33,34
E18,Demeter RP Mod,33,RP,50,1.05e92,E14,E18,275,412,33,34
E18,Demeter RP Mod,34,RP,50,7.63e94,E14,E18,275,412,33,34
E18,Demeter RP Mod,35,RP,50,5.69e97,E14,E18,275,412,33,34
E18,Demeter RP Mod,36,RP,50,4.37e100,E14,E18,275,412,33,34
E18,Demeter RP Mod,37,RP,50,3.45e103,E14,E18,275,412,33,34
E18,Demeter RP Mod,38,RP,50,2.80e106,E14,E18,275,412,33,34
E18,Demeter RP Mod,39,RP,50,2.34e109,E14,E18,275,412,33,34
E18,Demeter RP Mod,40,RP,50,2.00e112,E14,E18,275,412,33,34
E18,Demeter RP Mod,41,RP,50,1.75e115,E14,E18,275,412,33,34
E18,Demeter RP Mod,42,RP,50,1.57e118,E14,E18,275,412,33,34
E18,Demeter RP Mod,43,RP,50,1.45e121,E14,E18,275,412,33,34
E18,Demeter RP Mod,44,RP,50,1.37e124,E14,E18,275,412,33,34
E18,Demeter RP Mod,45,RP,50,1.32e127,E14,E18,275,412,33,34
E18,Demeter RP Mod,46,RP,50,1.30e130,E14,E18,275,412,33,34
E18,Demeter RP Mod,47,RP,50,1.31e133,E14,E18,275,412,33,34
E18,Demeter RP Mod,48,RP,50,1.35e136,E14,E18,275,412,33,34
E18,Demeter RP Mod,49,RP,50,1.42e139,E14,E18,275,412,33,34
E18,Demeter RP Mod,50,RP,50,1.52e142,E14,E18,275,412,33,34
E19,Demeter Benefits,1,Shards,51,5.00qa,E18,E19,200,412,33,33
E19,Demeter Benefits,2,Shards,51,20.6qu,E18,E19,200,412,33,33
E19,Demeter Benefits,3,Shards,51,121sx,E18,E19,200,412,33,33
E19,Demeter Benefits,4,Shards,51,949sp,E18,E19,200,412,33,33
E19,Demeter Benefits,5,Shards,51,9.37n,E18,E19,200,412,33,33
E19,Demeter Benefits,6,Shards,51,112d,E18,E19,200,412,33,33
E19,Demeter Benefits,7,Shards,51,1.57e39,E18,E19,200,412,33,33
E19,Demeter Benefits,8,Shards,51,2.53e43,E18,E19,200,412,33,33
E19,Demeter Benefits,9,Shards,51,4.60e47,E18,E19,200,412,33,33
E19,Demeter Benefits,10,Shards,51,9.35e51,E18,E19,200,412,33,33
E20,Demeter Motivation,1,Cells,52,50.0qu,E19,E20,162,412,33,33
E20,Demeter Motivation,2,Cells,52,900qu,E19,E20,162,412,33,33
E20,Demeter Motivation,3,Cells,52,18.2sx,E19,E20,162,412,33,33
E20,Demeter Motivation,4,Cells,52,439sx,E19,E20,162,412,33,33
E20,Demeter Motivation,5,Cells,52,12.7sp,E19,E20,162,412,33,33
E20,Demeter Motivation,6,Cells,52,426sp,E19,E20,162,412,33,33
E20,Demeter Motivation,7,Cells,52,16.5o,E19,E20,162,412,33,33
E20,Demeter Motivation,8,Cells,52,720o,E19,E20,162,412,33,33
E20,Demeter Motivation,9,Cells,52,35.2n,E19,E20,162,412,33,33
E20,Demeter Motivation,10,Cells,52,1.91d,E19,E20,162,412,33,33
E20,Demeter Motivation,11,Cells,52,113d,E19,E20,162,412,33,33
E20,Demeter Motivation,12,Cells,52,7.32e36,E19,E20,162,412,33,33
E20,Demeter Motivation,13,Cells,52,5.12e38,E19,E20,162,412,33,33
E20,Demeter Motivation,14,Cells,52,3.85e40,E19,E20,162,412,33,33
E20,Demeter Motivation,15,Cells,52,3.10e42,E19,E20,162,412,33,33
E20,Demeter Motivation,16,Cells,52,2.67e44,E19,E20,162,412,33,33
E20,Demeter Motivation,17,Cells,52,2.43e46,E19,E20,162,412,33,33
E20,Demeter Motivation,18,Cells,52,2.35e48,E19,E20,162,412,33,33
E20,Demeter Motivation,19,Cells,52,2.40e50,E19,E20,162,412,33,33
E20,Demeter Motivation,20,Cells,52,2.58e52,E19,E20,162,412,33,33
E21,Demeter Cost Mod,1,Unknown,53,60.0qu,E20,E21,124,412,33,33
E21,Demeter Cost Mod,2,Unknown,53,234qu,E20,E21,124,412,33,33
E21,Demeter Cost Mod,3,Unknown,53,794qu,E20,E21,124,412,33,33
E21,Demeter Cost Mod,4,Unknown,53,2.73sx,E20,E21,124,412,33,33
E21,Demeter Cost Mod,5,Unknown,53,9.95sx,E20,E21,124,412,33,33
E21,Demeter Cost Mod,6,Unknown,53,38.8sx,E20,E21,124,412,33,33
E21,Demeter Cost Mod,7,Unknown,53,163sx,E20,E21,124,412,33,33
E21,Demeter Cost Mod,8,Unknown,53,733sx,E20,E21,124,412,33,33
E21,Demeter Cost Mod,9,Unknown,53,3.54sp,E20,E21,124,412,33,33
E21,Demeter Cost Mod,10,Unknown,53,18.3sp,E20,E21,124,412,33,33
E21,Demeter Cost Mod,11,Unknown,53,101sp,E20,E21,124,412,33,33
E21,Demeter Cost Mod,12,Unknown,53,593sp,E20,E21,124,412,33,33
E21,Demeter Cost Mod,13,Unknown,53,3.70o,E20,E21,124,412,33,33
E21,Demeter Cost Mod,14,Unknown,53,24.4o,E20,E21,124,412,33,33
E21,Demeter Cost Mod,15,Unknown,53,169o,E20,E21,124,412,33,33
E21,Demeter Cost Mod,16,Unknown,53,1.24n,E20,E21,124,412,33,33
E21,Demeter Cost Mod,17,Unknown,53,9.56n,E20,E21,124,412,33,33
E21,Demeter Cost Mod,18,Unknown,53,77.2n,E20,E21,124,412,33,33
E21,Demeter Cost Mod,19,Unknown,53,653n,E20,E21,124,412,33,33
E21,Demeter Cost Mod,20,Unknown,53,5.76d,E20,E21,124,412,33,33
E21,Demeter Cost Mod,21,Unknown,53,53.1d,E20,E21,124,412,33,33
E21,Demeter Cost Mod,22,Unknown,53,510d,E20,E21,124,412,33,33
E21,Demeter Cost Mod,23,Unknown,53,5.09e36,E20,E21,124,412,33,33
E21,Demeter Cost Mod,24,Unknown,53,5.27e37,E20,E21,124,412,33,33
E21,Demeter Cost Mod,25,Unknown,53,5.67e38,E20,E21,124,412,33,33
E21,Demeter Cost Mod,26,Unknown,53,6.32e39,E20,E21,124,412,33,33
E21,Demeter Cost Mod,27,Unknown,53,7.28e40,E20,E21,124,412,33,33
E21,Demeter Cost Mod,28,Unknown,53,8.68e41,E20,E21,124,412,33,33
E21,Demeter Cost Mod,29,Unknown,53,1.07e43,E20,E21,124,412,33,33
E21,Demeter Cost Mod,30,Unknown,53,1.36e44,E20,E21,124,412,33,33
E21,Demeter Cost Mod,31,Unknown,53,1.78e45,E20,E21,124,412,33,33
E21,Demeter Cost Mod,32,Unknown,53,2.40e46,E20,E21,124,412,33,33
E21,Demeter Cost Mod,33,Unknown,53,3.33e47,E20,E21,124,412,33,33
E21,Demeter Cost Mod,34,Unknown,53,4.75e48,E20,E21,124,412,33,33
E21,Demeter Cost Mod,35,Unknown,53,6.97e49,E20,E21,124,412,33,33
E21,Demeter Cost Mod,36,Unknown,53,1.05e51,E20,E21,124,412,33,33
E21,Demeter Cost Mod,37,Unknown,53,1.62e52,E20,E21,124,412,33,33
E21,Demeter Cost Mod,38,Unknown,53,2.57e53,E20,E21,124,412,33,33
E21,Demeter Cost Mod,39,Unknown,53,4.18e54,E20,E21,124,412,33,33
E21,Demeter Cost Mod,40,Unknown,53,6.97e55,E20,E21,124,412,33,33
E21,Demeter Cost Mod,41,Unknown,53,1.19e57,E20,E21,124,412,33,33
E21,Demeter Cost Mod,42,Unknown,53,2.07e58,E20,E21,124,412,33,33
E21,Demeter Cost Mod,43,Unknown,53,3.70e59,E20,E21,124,412,33,33
E21,Demeter Cost Mod,44,Unknown,53,6.75e60,E20,E21,124,412,33,33
E21,Demeter Cost Mod,45,Unknown,53,1.26e62,E20,E21,124,412,33,33
E21,Demeter Cost Mod,46,Unknown,53,2.40e63,E20,E21,124,412,33,33
E21,Demeter Cost Mod,47,Unknown,53,4.66e64,E20,E21,124,412,33,33
E21,Demeter Cost Mod,48,Unknown,53,9.24e65,E20,E21,124,412,33,33
E21,Demeter Cost Mod,49,Unknown,53,1.87e67,E20,E21,124,412,33,33
E21,Demeter Cost Mod,50,Unknown,53,3.86e68,E20,E21,124,412,33,33
E21,Demeter Cost Mod,51,Unknown,53,8.13e69,E20,E21,124,412,33,33
E21,Demeter Cost Mod,52,Unknown,53,1.74e71,E20,E21,124,412,33,33
E21,Demeter Cost Mod,53,Unknown,53,3.81e72,E20,E21,124,412,33,33
E21,Demeter Cost Mod,54,Unknown,53,8.47e73,E20,E21,124,412,33,33
E21,Demeter Cost Mod,55,Unknown,53,1.92e75,E20,E21,124,412,33,33
E21,Demeter Cost Mod,56,Unknown,53,4.42e76,E20,E21,124,412,33,33
E21,Demeter Cost Mod,57,Unknown,53,1.04e78,E20,E21,124,412,33,33
E21,Demeter Cost Mod,58,Unknown,53,2.47e79,E20,E21,124,412,33,33
E21,Demeter Cost Mod,59,Unknown,53,6.00e80,E20,E21,124,412,33,33
E21,Demeter Cost Mod,60,Unknown,53,1.48e82,E20,E21,124,412,33,33
E21,Demeter Cost Mod,61,Unknown,53,3.71e83,E20,E21,124,412,33,33
E21,Demeter Cost Mod,62,Unknown,53,9.44e84,E20,E21,124,412,33,33
E21,Demeter Cost Mod,63,Unknown,53,2.44e86,E20,E21,124,412,33,33
E21,Demeter Cost Mod,64,Unknown,53,6.41e87,E20,E21,124,412,33,33
E21,Demeter Cost Mod,65,Unknown,53,1.71e89,E20,E21,124,412,33,33
E21,Demeter Cost Mod,66,Unknown,53,4.63e90,E20,E21,124,412,33,33
E21,Demeter Cost Mod,67,Unknown,53,1.27e92,E20,E21,124,412,33,33
E21,Demeter Cost Mod,68,Unknown,53,3.55e93,E20,E21,124,412,33,33
E21,Demeter Cost Mod,69,Unknown,53,1.00e95,E20,E21,124,412,33,33
E21,Demeter Cost Mod,70,Unknown,53,2.88e96,E20,E21,124,412,33,33
E21,Demeter Cost Mod,71,Unknown,53,8.37e97,E20,E21,124,412,33,33
E21,Demeter Cost Mod,72,Unknown,53,2.47e99,E20,E21,124,412,33,33
E21,Demeter Cost Mod,73,Unknown,53,7.38e100,E20,E21,124,412,33,33
E21,Demeter Cost Mod,74,Unknown,53,2.24e102,E20,E21,124,412,33,33
E21,Demeter Cost Mod,75,Unknown,53,6.87e103,E20,E21,124,412,33,33
E21,Demeter Cost Mod,76,Unknown,53,2.14e105,E20,E21,124,412,33,33
E21,Demeter Cost Mod,77,Unknown,53,6.73e106,E20,E21,124,412,33,33
E21,Demeter Cost Mod,78,Unknown,53,2.15e108,E20,E21,124,412,33,33
E21,Demeter Cost Mod,79,Unknown,53,6.95e109,E20,E21,124,412,33,33
E21,Demeter Cost Mod,80,Unknown,53,2.27e111,E20,E21,124,412,33,33
E21,Demeter Cost Mod,81,Unknown,53,7.53e112,E20,E21,124,412,33,33
E21,Demeter Cost Mod,82,Unknown,53,2.53e114,E20,E21,124,412,33,33
E21,Demeter Cost Mod,83,Unknown,53,8.57e115,E20,E21,124,412,33,33
E21,Demeter Cost Mod,84,Unknown,53,2.94e117,E20,E21,124,412,33,33
E21,Demeter Cost Mod,85,Unknown,53,1.02e119,E20,E21,124,412,33,33
E21,Demeter Cost Mod,86,Unknown,53,3.60e120,E20,E21,124,412,33,33
E21,Demeter Cost Mod,87,Unknown,53,1.28e122,E20,E21,124,412,33,33
E21,Demeter Cost Mod,88,Unknown,53,4.60e123,E20,E21,124,412,33,33
E21,Demeter Cost Mod,89,Unknown,53,1.67e125,E20,E21,124,412,33,33
E21,Demeter Cost Mod,90,Unknown,53,6.15e126,E20,E21,124,412,33,33
E21,Demeter Cost Mod,91,Unknown,53,2.29e128,E20,E21,124,412,33,33
E21,Demeter Cost Mod,92,Unknown,53,8.60e129,E20,E21,124,412,33,33
E21,Demeter Cost Mod,93,Unknown,53,3.27e131,E20,E21,124,412,33,33
E21,Demeter Cost Mod,94,Unknown,53,1.25e133,E20,E21,124,412,33,33
E21,Demeter Cost Mod,95,Unknown,53,4.87e134,E20,E21,124,412,33,33
E21,Demeter Cost Mod,96,Unknown,53,1.91e136,E20,E21,124,412,33,33
E21,Demeter Cost Mod,97,Unknown,53,7.56e137,E20,E21,124,412,33,33
E21,Demeter Cost Mod,98,Unknown,53,3.02e139,E20,E21,124,412,33,33
E21,Demeter Cost Mod,99,Unknown,53,1.22e141,E20,E21,124,412,33,33
E21,Demeter Cost Mod,100,Unknown,53,4.99e142,E20,E21,124,412,33,33
E21,Demeter Cost Mod,101,Unknown,53,2.06e144,E20,E21,124,412,33,33
E21,Demeter Cost Mod,102,Unknown,53,8.57e145,E20,E21,124,412,33,33
E21,Demeter Cost Mod,103,Unknown,53,3.60e147,E20,E21,124,412,33,33
E21,Demeter Cost Mod,104,Unknown,53,1.53e149,E20,E21,124,412,33,33
E21,Demeter Cost Mod,105,Unknown,53,6.55e150,E20,E21,124,412,33,33
E21,Demeter Cost Mod,106,Unknown,53,2.84e152,E20,E21,124,412,33,33
E21,Demeter Cost Mod,107,Unknown,53,1.24e154,E20,E21,124,412,33,33
E21,Demeter Cost Mod,108,Unknown,53,5.46e155,E20,E21,124,412,33,33
E21,Demeter Cost Mod,109,Unknown,53,2.43e157,E20,E21,124,412,33,33
E21,Demeter Cost Mod,110,Unknown,53,1.09e159,E20,E21,124,412,33,33
E21,Demeter Cost Mod,111,Unknown,53,4.93e160,E20,E21,124,412,33,33
E21,Demeter Cost Mod,112,Unknown,53,2.25e162,E20,E21,124,412,33,33
E21,Demeter Cost Mod,113,Unknown,53,1.04e164,E20,E21,124,412,33,33
E21,Demeter Cost Mod,114,Unknown,53,4.83e165,E20,E21,124,412,33,33
E21,Demeter Cost Mod,115,Unknown,53,2.27e167,E20,E21,124,412,33,33
E21,Demeter Cost Mod,116,Unknown,53,1.07e169,E20,E21,124,412,33,33
E21,Demeter Cost Mod,117,Unknown,53,5.12e170,E20,E21,124,412,33,33
E21,Demeter Cost Mod,118,Unknown,53,2.46e172,E20,E21,124,412,33,33
E21,Demeter Cost Mod,119,Unknown,53,1.20e174,E20,E21,124,412,33,33
E21,Demeter Cost Mod,120,Unknown,53,5.85e175,E20,E21,124,412,33,33
E21,Demeter Cost Mod,121,Unknown,53,2.89e177,E20,E21,124,412,33,33
E21,Demeter Cost Mod,122,Unknown,53,1.44e179,E20,E21,124,412,33,33
E21,Demeter Cost Mod,123,Unknown,53,7.21e180,E20,E21,124,412,33,33
E21,Demeter Cost Mod,124,Unknown,53,3.65e182,E20,E21,124,412,33,33
E21,Demeter Cost Mod,125,Unknown,53,1.86e184,E20,E21,124,412,33,33
E21,Demeter Cost Mod,126,Unknown,53,9.55e185,E20,E21,124,412,33,33
E21,Demeter Cost Mod,127,Unknown,53,4.95e187,E20,E21,124,412,33,33
E21,Demeter Cost Mod,128,Unknown,53,2.58e189,E20,E21,124,412,33,33
E21,Demeter Cost Mod,129,Unknown,53,1.36e191,E20,E21,124,412,33,33
E21,Demeter Cost Mod,130,Unknown,53,7.20e192,E20,E21,124,412,33,33
E21,Demeter Cost Mod,131,Unknown,53,3.84e194,E20,E21,124,412,33,33
E21,Demeter Cost Mod,132,Unknown,53,2.07e196,E20,E21,124,412,33,33
E21,Demeter Cost Mod,133,Unknown,53,1.12e198,E20,E21,124,412,33,33
E21,Demeter Cost Mod,134,Unknown,53,6.13e199,E20,E21,124,412,33,33
E21,Demeter Cost Mod,135,Unknown,53,3.37e201,E20,E21,124,412,33,33
E21,Demeter Cost Mod,136,Unknown,53,1.87e203,E20,E21,124,412,33,33
E21,Demeter Cost Mod,137,Unknown,53,1.04e205,E20,E21,124,412,33,33
E21,Demeter Cost Mod,138,Unknown,53,5.88e206,E20,E21,124,412,33,33
E21,Demeter Cost Mod,139,Unknown,53,3.33e208,E20,E21,124,412,33,33
E21,Demeter Cost Mod,140,Unknown,53,1.90e210,E20,E21,124,412,33,33
E21,Demeter Cost Mod,141,Unknown,53,1.09e212,E20,E21,124,412,33,33
E21,Demeter Cost Mod,142,Unknown,53,6.32e213,E20,E21,124,412,33,33
E21,Demeter Cost Mod,143,Unknown,53,3.68e215,E20,E21,124,412,33,33
E21,Demeter Cost Mod,144,Unknown,53,2.16e217,E20,E21,124,412,33,33
E21,Demeter Cost Mod,145,Unknown,53,1.28e219,E20,E21,124,412,33,33
E21,Demeter Cost Mod,146,Unknown,53,7.61e220,E20,E21,124,412,33,33
E21,Demeter Cost Mod,147,Unknown,53,4.56e222,E20,E21,124,412,33,33
E21,Demeter Cost Mod,148,Unknown,53,2.75e224,E20,E21,124,412,33,33
E21,Demeter Cost Mod,149,Unknown,53,1.67e226,E20,E21,124,412,33,33
E21,Demeter Cost Mod,150,Unknown,53,1.02e228,E20,E21,124,412,33,33
E21,Demeter Cost Mod,151,Unknown,53,6.28e229,E20,E21,124,412,33,33
E21,Demeter Cost Mod,152,Unknown,53,3.89e231,E20,E21,124,412,33,33
E21,Demeter Cost Mod,153,Unknown,53,2.43e233,E20,E21,124,412,33,33
E21,Demeter Cost Mod,154,Unknown,53,1.52e235,E20,E21,124,412,33,33
E21,Demeter Cost Mod,155,Unknown,53,9.62e236,E20,E21,124,412,33,33
E21,Demeter Cost Mod,156,Unknown,53,6.12e238,E20,E21,124,412,33,33
E21,Demeter Cost Mod,157,Unknown,53,3.91e240,E20,E21,124,412,33,33
E21,Demeter Cost Mod,158,Unknown,53,2.52e242,E20,E21,124,412,33,33
E21,Demeter Cost Mod,159,Unknown,53,1.63e244,E20,E21,124,412,33,33
E21,Demeter Cost Mod,160,Unknown,53,1.06e246,E20,E21,124,412,33,33
E21,Demeter Cost Mod,161,Unknown,53,6.98e247,E20,E21,124,412,33,33
E21,Demeter Cost Mod,162,Unknown,53,4.61e249,E20,E21,124,412,33,33
E21,Demeter Cost Mod,163,Unknown,53,3.06e251,E20,E21,124,412,33,33
E21,Demeter Cost Mod,164,Unknown,53,2.05e253,E20,E21,124,412,33,33
E21,Demeter Cost Mod,165,Unknown,53,1.38e255,E20,E21,124,412,33,33
E21,Demeter Cost Mod,166,Unknown,53,9.31e256,E20,E21,124,412,33,33
E21,Demeter Cost Mod,167,Unknown,53,6.33e258,E20,E21,124,412,33,33
E21,Demeter Cost Mod,168,Unknown,53,4.34e260,E20,E21,124,412,33,33
E21,Demeter Cost Mod,169,Unknown,53,2.99e262,E20,E21,124,412,33,33
E21,Demeter Cost Mod,170,Unknown,53,2.07e264,E20,E21,124,412,33,33
E21,Demeter Cost Mod,171,Unknown,53,1.44e266,E20,E21,124,412,33,33
E21,Demeter Cost Mod,172,Unknown,53,1.01e268,E20,E21,124,412,33,33
E21,Demeter Cost Mod,173,Unknown,53,7.12e269,E20,E21,124,412,33,33
E21,Demeter Cost Mod,174,Unknown,53,5.05e271,E20,E21,124,412,33,33
E21,Demeter Cost Mod,175,Unknown,53,3.60e273,E20,E21,124,412,33,33
E21,Demeter Cost Mod,176,Unknown,53,2.58e275,E20,E21,124,412,33,33
E21,Demeter Cost Mod,177,Unknown,53,1.86e277,E20,E21,124,412,33,33
E21,Demeter Cost Mod,178,Unknown,53,1.35e279,E20,E21,124,412,33,33
E21,Demeter Cost Mod,179,Unknown,53,9.85e280,E20,E21,124,412,33,33
E21,Demeter Cost Mod,180,Unknown,53,7.22e282,E20,E21,124,412,33,33
E21,Demeter Cost Mod,181,Unknown,53,5.33e284,E20,E21,124,412,33,33
E21,Demeter Cost Mod,182,Unknown,53,3.95e286,E20,E21,124,412,33,33
E21,Demeter Cost Mod,183,Unknown,53,2.95e288,E20,E21,124,412,33,33
E21,Demeter Cost Mod,184,Unknown,53,2.21e290,E20,E21,124,412,33,33
E21,Demeter Cost Mod,185,Unknown,53,1.66e292,E20,E21,124,412,33,33
E21,Demeter Cost Mod,186,Unknown,53,1.26e294,E20,E21,124,412,33,33
E21,Demeter Cost Mod,187,Unknown,53,9.61e295,E20,E21,124,412,33,33
E21,Demeter Cost Mod,188,Unknown,53,7.36e297,E20,E21,124,412,33,33
E21,Demeter Cost Mod,189,Unknown,53,5.67e299,E20,E21,124,412,33,33
E21,Demeter Cost Mod,190,Unknown,53,4.39e301,E20,E21,124,412,33,33
E21,Demeter Cost Mod,191,Unknown,53,3.41e303,E20,E21,124,412,33,33
E21,Demeter Cost Mod,192,Unknown,53,2.67e305,E20,E21,124,412,33,33
E21,Demeter Cost Mod,193,Unknown,53,2.10e307,E20,E21,124,412,33,33
E21,Demeter Cost Mod,194,Unknown,53,1.66e309,E20,E21,124,412,33,33
E21,Demeter Cost Mod,195,Unknown,53,1.32e311,E20,E21,124,412,33,33
E21,Demeter Cost Mod,196,Unknown,53,1.05e313,E20,E21,124,412,33,33
E21,Demeter Cost Mod,197,Unknown,53,8.45e314,E20,E21,124,412,33,33
E21,Demeter Cost Mod,198,Unknown,53,6.82e316,E20,E21,124,412,33,33
E21,Demeter Cost Mod,199,Unknown,53,5.53e318,E20,E21,124,412,33,33
E21,Demeter Cost Mod,200,Unknown,53,4.50e320,E20,E21,124,412,33,33
EB4,Hephaestus Bulk Auto,1,Unknown,54,3.00e40,EA4,EB4,352,450,33,33
EB4,Hephaestus Bulk Auto,2,Unknown,54,1.81e50,EA4,EB4,352,450,33,33
EB4,Hephaestus Bulk Auto,3,Unknown,54,2.46e60,EA4,EB4,352,450,33,33
EB4,Hephaestus Bulk Auto,4,Unknown,54,5.29e70,EA4,EB4,352,450,33,33
EB4,Hephaestus Bulk Auto,5,Unknown,54,1.56e81,EA4,EB4,352,450,33,33
EA4,Hephaestus Automation,1,Unknown,55,200sx,E14,EA4,314,450,33,33
E14,Hephaestus RP Mod,1,RP,56,2.50m,E10,E14,275,450,33,34
E14,Hephaestus RP Mod,2,RP,56,49.0m,E10,E14,275,450,33,34
E14,Hephaestus RP Mod,3,RP,56,1.80b,E10,E14,275,450,33,34
E14,Hephaestus RP Mod,4,RP,56,96.7b,E10,E14,275,450,33,34
E14,Hephaestus RP Mod,5,RP,56,6.82t,E10,E14,275,450,33,34
E14,Hephaestus RP Mod,6,RP,56,594t,E10,E14,275,450,33,34
E14,Hephaestus RP Mod,7,RP,56,61.7qa,E10,E14,275,450,33,34
E14,Hephaestus RP Mod,8,RP,56,7.42qu,E10,E14,275,450,33,34
E14,Hephaestus RP Mod,9,RP,56,1.02sx,E10,E14,275,450,33,34
E14,Hephaestus RP Mod,10,RP,56,156sx,E10,E14,275,450,33,34
E14,Hephaestus RP Mod,11,RP,56,26.4sp,E10,E14,275,450,33,34
E14,Hephaestus RP Mod,12,RP,56,4.92o,E10,E14,275,450,33,34
E14,Hephaestus RP Mod,13,RP,56,996o,E10,E14,275,450,33,34
E14,Hephaestus RP Mod,14,RP,56,218n,E10,E14,275,450,33,34
E14,Hephaestus RP Mod,15,RP,56,51.3d,E10,E14,275,450,33,34
E14,Hephaestus RP Mod,16,RP,56,1.29e37,E10,E14,275,450,33,34
E14,Hephaestus RP Mod,17,RP,56,3.47e39,E10,E14,275,450,33,34
E14,Hephaestus RP Mod,18,RP,56,9.86e41,E10,E14,275,450,33,34
E14,Hephaestus RP Mod,19,RP,56,2.96e44,E10,E14,275,450,33,34
E14,Hephaestus RP Mod,20,RP,56,9.40e46,E10,E14,275,450,33,34
E14,Hephaestus RP Mod,21,RP,56,3.14e49,E10,E14,275,450,33,34
E14,Hephaestus RP Mod,22,RP,56,1.10e52,E10,E14,275,450,33,34
E14,Hephaestus RP Mod,23,RP,56,4.02e54,E10,E14,275,450,33,34
E14,Hephaestus RP Mod,24,RP,56,1.54e57,E10,E14,275,450,33,34
E14,Hephaestus RP Mod,25,RP,56,6.13e59,E10,E14,275,450,33,34
E14,Hephaestus RP Mod,26,RP,56,2.55e62,E10,E14,275,450,33,34
E14,Hephaestus RP Mod,27,RP,56,1.10e65,E10,E14,275,450,33,34
E14,Hephaestus RP Mod,28,RP,56,4.92e67,E10,E14,275,450,33,34
E14,Hephaestus RP Mod,29,RP,56,2.28e70,E10,E14,275,450,33,34
E14,Hephaestus RP Mod,30,RP,56,1.10e73,E10,E14,275,450,33,34
E14,Hephaestus RP Mod,31,RP,56,5.45e75,E10,E14,275,450,33,34
E14,Hephaestus RP Mod,32,RP,56,2.80e78,E10,E14,275,450,33,34
E14,Hephaestus RP Mod,33,RP,56,1.48e81,E10,E14,275,450,33,34
E14,Hephaestus RP Mod,34,RP,56,8.09e83,E10,E14,275,450,33,34
E14,Hephaestus RP Mod,35,RP,56,4.55e86,E10,E14,275,450,33,34
E14,Hephaestus RP Mod,36,RP,56,2.63e89,E10,E14,275,450,33,34
E14,Hephaestus RP Mod,37,RP,56,1.56e92,E10,E14,275,450,33,34
E14,Hephaestus RP Mod,38,RP,56,9.56e94,E10,E14,275,450,33,34
E14,Hephaestus RP Mod,39,RP,56,6.00e97,E10,E14,275,450,33,34
E14,Hephaestus RP Mod,40,RP,56,3.86e100,E10,E14,275,450,33,34
E14,Hephaestus RP Mod,41,RP,56,2.55e103,E10,E14,275,450,33,34
E14,Hephaestus RP Mod,42,RP,56,1.72e106,E10,E14,275,450,33,34
E14,Hephaestus RP Mod,43,RP,56,1.19e109,E10,E14,275,450,33,34
E14,Hephaestus RP Mod,44,RP,56,8.47e111,E10,E14,275,450,33,34
E14,Hephaestus RP Mod,45,RP,56,6.14e114,E10,E14,275,450,33,34
E14,Hephaestus RP Mod,46,RP,56,4.56e117,E10,E14,275,450,33,34
E14,Hephaestus RP Mod,47,RP,56,3.45e120,E10,E14,275,450,33,34
E14,Hephaestus RP Mod,48,RP,56,2.67e123,E10,E14,275,450,33,34
E14,Hephaestus RP Mod,49,RP,56,2.11e126,E10,E14,275,450,33,34
E14,Hephaestus RP Mod,50,RP,56,1.71e129,E10,E14,275,450,33,34
E15,Hephaestus Benefits,1,Cells,57,40.0t,E14,E15,200,450,33,33
E15,Hephaestus Benefits,2,Cells,57,64.0qa,E14,E15,200,450,33,33
E15,Hephaestus Benefits,3,Cells,57,221qu,E14,E15,200,450,33,33
E15,Hephaestus Benefits,4,Cells,57,1.17sp,E14,E15,200,450,33,33
E15,Hephaestus Benefits,5,Cells,57,8.39o,E14,E15,200,450,33,33
E15,Hephaestus Benefits,6,Cells,57,75.1n,E14,E15,200,450,33,33
E15,Hephaestus Benefits,7,Cells,57,808d,E14,E15,200,450,33,33
E15,Hephaestus Benefits,8,Cells,57,1.01e40,E14,E15,200,450,33,33
E15,Hephaestus Benefits,9,Cells,57,1.45e44,E14,E15,200,450,33,33
E15,Hephaestus Benefits,10,Cells,57,2.34e48,E14,E15,200,450,33,33
E16,Hephaestus Motivation,1,Cells,58,40.0qa,E15,E16,162,450,33,33
E16,Hephaestus Motivation,2,Cells,58,390qa,E15,E16,162,450,33,33
E16,Hephaestus Motivation,3,Cells,58,5.53qu,E15,E16,162,450,33,33
E16,Hephaestus Motivation,4,Cells,58,104qu,E15,E16,162,450,33,33
E16,Hephaestus Motivation,5,Cells,58,2.43sx,E15,E16,162,450,33,33
E16,Hephaestus Motivation,6,Cells,58,68.3sx,E15,E16,162,450,33,33
E16,Hephaestus Motivation,7,Cells,58,2.25sp,E15,E16,162,450,33,33
E16,Hephaestus Motivation,8,Cells,58,84.7sp,E15,E16,162,450,33,33
E16,Hephaestus Motivation,9,Cells,58,3.60o,E15,E16,162,450,33,33
E16,Hephaestus Motivation,10,Cells,58,170o,E15,E16,162,450,33,33
E16,Hephaestus Motivation,11,Cells,58,8.88n,E15,E16,162,450,33,33
E16,Hephaestus Motivation,12,Cells,58,506n,E15,E16,162,450,33,33
E16,Hephaestus Motivation,13,Cells,58,31.3d,E15,E16,162,450,33,33
E16,Hephaestus Motivation,14,Cells,58,2.08e36,E15,E16,162,450,33,33
E16,Hephaestus Motivation,15,Cells,58,1.49e38,E15,E16,162,450,33,33
E16,Hephaestus Motivation,16,Cells,58,1.14e40,E15,E16,162,450,33,33
E16,Hephaestus Motivation,17,Cells,58,9.25e41,E15,E16,162,450,33,33
E16,Hephaestus Motivation,18,Cells,58,7.97e43,E15,E16,162,450,33,33
E16,Hephaestus Motivation,19,Cells,58,7.25e45,E15,E16,162,450,33,33
E16,Hephaestus Motivation,20,Cells,58,6.95e47,E15,E16,162,450,33,33
E17,Hephaestus Cost Mod,1,Unknown,59,50.0qa,E16,E17,124,450,33,33
E17,Hephaestus Cost Mod,2,Unknown,59,194qa,E16,E17,124,450,33,33
E17,Hephaestus Cost Mod,3,Unknown,59,649qa,E16,E17,124,450,33,33
E17,Hephaestus Cost Mod,4,Unknown,59,2.19qu,E16,E17,124,450,33,33
E17,Hephaestus Cost Mod,5,Unknown,59,7.76qu,E16,E17,124,450,33,33
E17,Hephaestus Cost Mod,6,Unknown,59,29.3qu,E16,E17,124,450,33,33
E17,Hephaestus Cost Mod,7,Unknown,59,118qu,E16,E17,124,450,33,33
E17,Hephaestus Cost Mod,8,Unknown,59,513qu,E16,E17,124,450,33,33
E17,Hephaestus Cost Mod,9,Unknown,59,2.38sx,E16,E17,124,450,33,33
E17,Hephaestus Cost Mod,10,Unknown,59,11.8sx,E16,E17,124,450,33,33
E17,Hephaestus Cost Mod,11,Unknown,59,61.9sx,E16,E17,124,450,33,33
E17,Hephaestus Cost Mod,12,Unknown,59,346sx,E16,E17,124,450,33,33
E17,Hephaestus Cost Mod,13,Unknown,59,2.05sp,E16,E17,124,450,33,33
E17,Hephaestus Cost Mod,14,Unknown,59,12.8sp,E16,E17,124,450,33,33
E17,Hephaestus Cost Mod,15,Unknown,59,84.7sp,E16,E17,124,450,33,33
E17,Hephaestus Cost Mod,16,Unknown,59,588sp,E16,E17,124,450,33,33
E17,Hephaestus Cost Mod,17,Unknown,59,4.28o,E16,E17,124,450,33,33
E17,Hephaestus Cost Mod,18,Unknown,59,32.7o,E16,E17,124,450,33,33
E17,Hephaestus Cost Mod,19,Unknown,59,261o,E16,E17,124,450,33,33
E17,Hephaestus Cost Mod,20,Unknown,59,2.17n,E16,E17,124,450,33,33
E17,Hephaestus Cost Mod,21,Unknown,59,18.9n,E16,E17,124,450,33,33
E17,Hephaestus Cost Mod,22,Unknown,59,171n,E16,E17,124,450,33,33
E17,Hephaestus Cost Mod,23,Unknown,59,1.61d,E16,E17,124,450,33,33
E17,Hephaestus Cost Mod,24,Unknown,59,15.7d,E16,E17,124,450,33,33
E17,Hephaestus Cost Mod,25,Unknown,59,159d,E16,E17,124,450,33,33
E17,Hephaestus Cost Mod,26,Unknown,59,1.66e36,E16,E17,124,450,33,33
E17,Hephaestus Cost Mod,27,Unknown,59,1.80e37,E16,E17,124,450,33,33
E17,Hephaestus Cost Mod,28,Unknown,59,2.02e38,E16,E17,124,450,33,33
E17,Hephaestus Cost Mod,29,Unknown,59,2.34e39,E16,E17,124,450,33,33
E17,Hephaestus Cost Mod,30,Unknown,59,2.79e40,E16,E17,124,450,33,33
E17,Hephaestus Cost Mod,31,Unknown,59,3.43e41,E16,E17,124,450,33,33
E17,Hephaestus Cost Mod,32,Unknown,59,4.34e42,E16,E17,124,450,33,33
E17,Hephaestus Cost Mod,33,Unknown,59,5.65e43,E16,E17,124,450,33,33
E17,Hephaestus Cost Mod,34,Unknown,59,7.57e44,E16,E17,124,450,33,33
E17,Hephaestus Cost Mod,35,Unknown,59,1.04e46,E16,E17,124,450,33,33
E17,Hephaestus Cost Mod,36,Unknown,59,1.47e47,E16,E17,124,450,33,33
E17,Hephaestus Cost Mod,37,Unknown,59,2.13e48,E16,E17,124,450,33,33
E17,Hephaestus Cost Mod,38,Unknown,59,3.17e49,E16,E17,124,450,33,33
E17,Hephaestus Cost Mod,39,Unknown,59,4.83e50,E16,E17,124,450,33,33
E17,Hephaestus Cost Mod,40,Unknown,59,7.54e51,E16,E17,124,450,33,33
E17,Hephaestus Cost Mod,41,Unknown,59,1.21e53,E16,E17,124,450,33,33
E17,Hephaestus Cost Mod,42,Unknown,59,1.97e54,E16,E17,124,450,33,33
E17,Hephaestus Cost Mod,43,Unknown,59,3.29e55,E16,E17,124,450,33,33
E17,Hephaestus Cost Mod,44,Unknown,59,5.63e56,E16,E17,124,450,33,33
E17,Hephaestus Cost Mod,45,Unknown,59,9.83e57,E16,E17,124,450,33,33
E17,Hephaestus Cost Mod,46,Unknown,59,1.75e59,E16,E17,124,450,33,33
E17,Hephaestus Cost Mod,47,Unknown,59,3.19e60,E16,E17,124,450,33,33
E17,Hephaestus Cost Mod,48,Unknown,59,5.92e61,E16,E17,124,450,33,33
E17,Hephaestus Cost Mod,49,Unknown,59,1.12e63,E16,E17,124,450,33,33
E17,Hephaestus Cost Mod,50,Unknown,59,2.17e64,E16,E17,124,450,33,33
E17,Hephaestus Cost Mod,51,Unknown,59,4.27e65,E16,E17,124,450,33,33
E17,Hephaestus Cost Mod,52,Unknown,59,8.57e66,E16,E17,124,450,33,33
E17,Hephaestus Cost Mod,53,Unknown,59,1.75e68,E16,E17,124,450,33,33
E17,Hephaestus Cost Mod,54,Unknown,59,3.65e69,E16,E17,124,450,33,33
E17,Hephaestus Cost Mod,55,Unknown,59,7.73e70,E16,E17,124,450,33,33
E17,Hephaestus Cost Mod,56,Unknown,59,1.67e72,E16,E17,124,450,33,33
E17,Hephaestus Cost Mod,57,Unknown,59,3.66e73,E16,E17,124,450,33,33
E17,Hephaestus Cost Mod,58,Unknown,59,8.16e74,E16,E17,124,450,33,33
E17,Hephaestus Cost Mod,59,Unknown,59,1.85e76,E16,E17,124,450,33,33
E17,Hephaestus Cost Mod,60,Unknown,59,4.27e77,E16,E17,124,450,33,33
E17,Hephaestus Cost Mod,61,Unknown,59,1.00e79,E16,E17,124,450,33,33
E17,Hephaestus Cost Mod,62,Unknown,59,2.38e80,E16,E17,124,450,33,33
E17,Hephaestus Cost Mod,63,Unknown,59,5.76e81,E16,E17,124,450,33,33
E17,Hephaestus Cost Mod,64,Unknown,59,1.42e83,E16,E17,124,450,33,33
E17,Hephaestus Cost Mod,65,Unknown,59,3.53e84,E16,E17,124,450,33,33
E17,Hephaestus Cost Mod,66,Unknown,59,8.94e85,E16,E17,124,450,33,33
E17,Hephaestus Cost Mod,67,Unknown,59,2.30e87,E16,E17,124,450,33,33
E17,Hephaestus Cost Mod,68,Unknown,59,5.99e88,E16,E17,124,450,33,33
E17,Hephaestus Cost Mod,69,Unknown,59,1.58e90,E16,E17,124,450,33,33
E17,Hephaestus Cost Mod,70,Unknown,59,4.24e91,E16,E17,124,450,33,33
E17,Hephaestus Cost Mod,71,Unknown,59,1.15e93,E16,E17,124,450,33,33
E17,Hephaestus Cost Mod,72,Unknown,59,3.18e94,E16,E17,124,450,33,33
E17,Hephaestus Cost Mod,73,Unknown,59,8.89e95,E16,E17,124,450,33,33
E17,Hephaestus Cost Mod,74,Unknown,59,2.52e97,E16,E17,124,450,33,33
E17,Hephaestus Cost Mod,75,Unknown,59,7.23e98,E16,E17,124,450,33,33
E17,Hephaestus Cost Mod,76,Unknown,59,2.10e100,E16,E17,124,450,33,33
E17,Hephaestus Cost Mod,77,Unknown,59,6.19e101,E16,E17,124,450,33,33
E17,Hephaestus Cost Mod,78,Unknown,59,1.85e103,E16,E17,124,450,33,33
E17,Hephaestus Cost Mod,79,Unknown,59,5.58e104,E16,E17,124,450,33,33
E17,Hephaestus Cost Mod,80,Unknown,59,1.71e106,E16,E17,124,450,33,33
E17,Hephaestus Cost Mod,81,Unknown,59,5.28e107,E16,E17,124,450,33,33
E17,Hephaestus Cost Mod,82,Unknown,59,1.66e109,E16,E17,124,450,33,33
E17,Hephaestus Cost Mod,83,Unknown,59,5.25e110,E16,E17,124,450,33,33
E17,Hephaestus Cost Mod,84,Unknown,59,1.69e112,E16,E17,124,450,33,33
E17,Hephaestus Cost Mod,85,Unknown,59,5.47e113,E16,E17,124,450,33,33
E17,Hephaestus Cost Mod,86,Unknown,59,1.80e115,E16,E17,124,450,33,33
E17,Hephaestus Cost Mod,87,Unknown,59,5.97e116,E16,E17,124,450,33,33
E17,Hephaestus Cost Mod,88,Unknown,59,2.01e118,E16,E17,124,450,33,33
E17,Hephaestus Cost Mod,89,Unknown,59,6.82e119,E16,E17,124,450,33,33
E17,Hephaestus Cost Mod,90,Unknown,59,2.34e121,E16,E17,124,450,33,33
E17,Hephaestus Cost Mod,91,Unknown,59,8.14e122,E16,E17,124,450,33,33
E17,Hephaestus Cost Mod,92,Unknown,59,2.86e124,E16,E17,124,450,33,33
E17,Hephaestus Cost Mod,93,Unknown,59,1.01e126,E16,E17,124,450,33,33
E17,Hephaestus Cost Mod,94,Unknown,59,3.64e127,E16,E17,124,450,33,33
E17,Hephaestus Cost Mod,95,Unknown,59,1.32e129,E16,E17,124,450,33,33
E17,Hephaestus Cost Mod,96,Unknown,59,4.83e130,E16,E17,124,450,33,33
E17,Hephaestus Cost Mod,97,Unknown,59,1.79e132,E16,E17,124,450,33,33
E17,Hephaestus Cost Mod,98,Unknown,59,6.68e133,E16,E17,124,450,33,33
E17,Hephaestus Cost Mod,99,Unknown,59,2.52e135,E16,E17,124,450,33,33
E17,Hephaestus Cost Mod,100,Unknown,59,9.62e136,E16,E17,124,450,33,33
E17,Hephaestus Cost Mod,101,Unknown,59,3.71e138,E16,E17,124,450,33,33
E17,Hephaestus Cost Mod,102,Unknown,59,1.44e140,E16,E17,124,450,33,33
E17,Hephaestus Cost Mod,103,Unknown,59,5.66e141,E16,E17,124,450,33,33
E17,Hephaestus Cost Mod,104,Unknown,59,2.25e143,E16,E17,124,450,33,33
E17,Hephaestus Cost Mod,105,Unknown,59,8.99e144,E16,E17,124,450,33,33
E17,Hephaestus Cost Mod,106,Unknown,59,3.63e146,E16,E17,124,450,33,33
E17,Hephaestus Cost Mod,107,Unknown,59,1.48e148,E16,E17,124,450,33,33
E17,Hephaestus Cost Mod,108,Unknown,59,6.10e149,E16,E17,124,450,33,33
E17,Hephaestus Cost Mod,109,Unknown,59,2.53e151,E16,E17,124,450,33,33
E17,Hephaestus Cost Mod,110,Unknown,59,1.06e153,E16,E17,124,450,33,33
E17,Hephaestus Cost Mod,111,Unknown,59,4.49e154,E16,E17,124,450,33,33
E17,Hephaestus Cost Mod,112,Unknown,59,1.92e156,E16,E17,124,450,33,33
E17,Hephaestus Cost Mod,113,Unknown,59,8.25e157,E16,E17,124,450,33,33
E17,Hephaestus Cost Mod,114,Unknown,59,3.59e159,E16,E17,124,450,33,33
E17,Hephaestus Cost Mod,115,Unknown,59,1.57e161,E16,E17,124,450,33,33
E17,Hephaestus Cost Mod,116,Unknown,59,6.94e162,E16,E17,124,450,33,33
E17,Hephaestus Cost Mod,117,Unknown,59,3.09e164,E16,E17,124,450,33,33
E17,Hephaestus Cost Mod,118,Unknown,59,1.39e166,E16,E17,124,450,33,33
E17,Hephaestus Cost Mod,119,Unknown,59,6.31e167,E16,E17,124,450,33,33
E17,Hephaestus Cost Mod,120,Unknown,59,2.88e169,E16,E17,124,450,33,33
E17,Hephaestus Cost Mod,121,Unknown,59,1.33e171,E16,E17,124,450,33,33
E17,Hephaestus Cost Mod,122,Unknown,59,6.17e172,E16,E17,124,450,33,33
E17,Hephaestus Cost Mod,123,Unknown,59,2.89e174,E16,E17,124,450,33,33
E17,Hephaestus Cost Mod,124,Unknown,59,1.37e176,E16,E17,124,450,33,33
E17,Hephaestus Cost Mod,125,Unknown,59,6.50e177,E16,E17,124,450,33,33
E17,Hephaestus Cost Mod,126,Unknown,59,3.12e179,E16,E17,124,450,33,33
E17,Hephaestus Cost Mod,127,Unknown,59,1.51e181,E16,E17,124,450,33,33
E17,Hephaestus Cost Mod,128,Unknown,59,7.35e182,E16,E17,124,450,33,33
E17,Hephaestus Cost Mod,129,Unknown,59,3.61e184,E16,E17,124,450,33,33
E17,Hephaestus Cost Mod,130,Unknown,59,1.79e186,E16,E17,124,450,33,33
E17,Hephaestus Cost Mod,131,Unknown,59,8.92e187,E16,E17,124,450,33,33
E17,Hephaestus Cost Mod,132,Unknown,59,4.48e189,E16,E17,124,450,33,33
E17,Hephaestus Cost Mod,133,Unknown,59,2.27e191,E16,E17,124,450,33,33
E17,Hephaestus Cost Mod,134,Unknown,59,1.16e193,E16,E17,124,450,33,33
E17,Hephaestus Cost Mod,135,Unknown,59,5.95e194,E16,E17,124,450,33,33
E17,Hephaestus Cost Mod,136,Unknown,59,3.08e196,E16,E17,124,450,33,33
E17,Hephaestus Cost Mod,137,Unknown,59,1.61e198,E16,E17,124,450,33,33
E17,Hephaestus Cost Mod,138,Unknown,59,8.44e199,E16,E17,124,450,33,33
E17,Hephaestus Cost Mod,139,Unknown,59,4.46e201,E16,E17,124,450,33,33
E17,Hephaestus Cost Mod,140,Unknown,59,2.38e203,E16,E17,124,450,33,33
E17,Hephaestus Cost Mod,141,Unknown,59,1.28e205,E16,E17,124,450,33,33
E17,Hephaestus Cost Mod,142,Unknown,59,6.90e206,E16,E17,124,450,33,33
E17,Hephaestus Cost Mod,143,Unknown,59,3.76e208,E16,E17,124,450,33,33
E17,Hephaestus Cost Mod,144,Unknown,59,2.06e210,E16,E17,124,450,33,33
E17,Hephaestus Cost Mod,145,Unknown,59,1.14e212,E16,E17,124,450,33,33
E17,Hephaestus Cost Mod,146,Unknown,59,6.31e213,E16,E17,124,450,33,33
E17,Hephaestus Cost Mod,147,Unknown,59,3.53e215,E16,E17,124,450,33,33
E17,Hephaestus Cost Mod,148,Unknown,59,1.99e217,E16,E17,124,450,33,33
E17,Hephaestus Cost Mod,149,Unknown,59,1.13e219,E16,E17,124,450,33,33
E17,Hephaestus Cost Mod,150,Unknown,59,6.44e220,E16,E17,124,450,33,33
E17,Hephaestus Cost Mod,151,Unknown,59,3.70e222,E16,E17,124,450,33,33
E17,Hephaestus Cost Mod,152,Unknown,59,2.14e224,E16,E17,124,450,33,33
E17,Hephaestus Cost Mod,153,Unknown,59,1.25e226,E16,E17,124,450,33,33
E17,Hephaestus Cost Mod,154,Unknown,59,7.30e227,E16,E17,124,450,33,33
E17,Hephaestus Cost Mod,155,Unknown,59,4.31e229,E16,E17,124,450,33,33
E17,Hephaestus Cost Mod,156,Unknown,59,2.56e231,E16,E17,124,450,33,33
E17,Hephaestus Cost Mod,157,Unknown,59,1.53e233,E16,E17,124,450,33,33
E17,Hephaestus Cost Mod,158,Unknown,59,9.18e234,E16,E17,124,450,33,33
E17,Hephaestus Cost Mod,159,Unknown,59,5.55e236,E16,E17,124,450,33,33
E17,Hephaestus Cost Mod,160,Unknown,59,3.38e238,E16,E17,124,450,33,33
E17,Hephaestus Cost Mod,161,Unknown,59,2.07e240,E16,E17,124,450,33,33
E17,Hephaestus Cost Mod,162,Unknown,59,1.28e242,E16,E17,124,450,33,33
E17,Hephaestus Cost Mod,163,Unknown,59,7.92e243,E16,E17,124,450,33,33
E17,Hephaestus Cost Mod,164,Unknown,59,4.94e245,E16,E17,124,450,33,33
E17,Hephaestus Cost Mod,165,Unknown,59,3.10e247,E16,E17,124,450,33,33
E17,Hephaestus Cost Mod,166,Unknown,59,1.96e249,E16,E17,124,450,33,33
E17,Hephaestus Cost Mod,167,Unknown,59,1.24e251,E16,E17,124,450,33,33
E17,Hephaestus Cost Mod,168,Unknown,59,7.95e252,E16,E17,124,450,33,33
E17,Hephaestus Cost Mod,169,Unknown,59,5.11e254,E16,E17,124,450,33,33
E17,Hephaestus Cost Mod,170,Unknown,59,3.31e256,E16,E17,124,450,33,33
E17,Hephaestus Cost Mod,171,Unknown,59,2.15e258,E16,E17,124,450,33,33
E17,Hephaestus Cost Mod,172,Unknown,59,1.41e260,E16,E17,124,450,33,33
E17,Hephaestus Cost Mod,173,Unknown,59,9.27e261,E16,E17,124,450,33,33
E17,Hephaestus Cost Mod,174,Unknown,59,6.13e263,E16,E17,124,450,33,33
E17,Hephaestus Cost Mod,175,Unknown,59,4.08e265,E16,E17,124,450,33,33
E17,Hephaestus Cost Mod,176,Unknown,59,2.73e267,E16,E17,124,450,33,33
E17,Hephaestus Cost Mod,177,Unknown,59,1.84e269,E16,E17,124,450,33,33
E17,Hephaestus Cost Mod,178,Unknown,59,1.25e271,E16,E17,124,450,33,33
E17,Hephaestus Cost Mod,179,Unknown,59,8.49e272,E16,E17,124,450,33,33
E17,Hephaestus Cost Mod,180,Unknown,59,5.81e274,E16,E17,124,450,33,33
E17,Hephaestus Cost Mod,181,Unknown,59,4.00e276,E16,E17,124,450,33,33
E17,Hephaestus Cost Mod,182,Unknown,59,2.77e278,E16,E17,124,450,33,33
E17,Hephaestus Cost Mod,183,Unknown,59,1.93e280,E16,E17,124,450,33,33
E17,Hephaestus Cost Mod,184,Unknown,59,1.35e282,E16,E17,124,450,33,33
E17,Hephaestus Cost Mod,185,Unknown,59,9.50e283,E16,E17,124,450,33,33
E17,Hephaestus Cost Mod,186,Unknown,59,6.72e285,E16,E17,124,450,33,33
E17,Hephaestus Cost Mod,187,Unknown,59,4.78e287,E16,E17,124,450,33,33
E17,Hephaestus Cost Mod,188,Unknown,59,3.42e289,E16,E17,124,450,33,33
E17,Hephaestus Cost Mod,189,Unknown,59,2.46e291,E16,E17,124,450,33,33
E17,Hephaestus Cost Mod,190,Unknown,59,1.78e293,E16,E17,124,450,33,33
E17,Hephaestus Cost Mod,191,Unknown,59,1.29e295,E16,E17,124,450,33,33
E17,Hephaestus Cost Mod,192,Unknown,59,9.42e296,E16,E17,124,450,33,33
E17,Hephaestus Cost Mod,193,Unknown,59,6.91e298,E16,E17,124,450,33,33
E17,Hephaestus Cost Mod,194,Unknown,59,5.10e300,E16,E17,124,450,33,33
E17,Hephaestus Cost Mod,195,Unknown,59,3.78e302,E16,E17,124,450,33,33
E17,Hephaestus Cost Mod,196,Unknown,59,2.82e304,E16,E17,124,450,33,33
E17,Hephaestus Cost Mod,197,Unknown,59,2.11e306,E16,E17,124,450,33,33
E17,Hephaestus Cost Mod,198,Unknown,59,1.59e308,E16,E17,124,450,33,33
E17,Hephaestus Cost Mod,199,Unknown,59,1.20e310,E16,E17,124,450,33,33
E17,Hephaestus Cost Mod,200,Unknown,59,9.16e311,E16,E17,124,450,33,33
E10,Zagreus RP Mod,1,RP,60,100,E06,E10,275,488,33,34
E10,Zagreus RP Mod,2,RP,60,1.96k,E06,E10,275,488,33,34
E10,Zagreus RP Mod,3,RP,60,63.9k,E06,E10,275,488,33,34
E10,Zagreus RP Mod,4,RP,60,2.92m,E06,E10,275,488,33,34
E10,Zagreus RP Mod,5,RP,60,171m,E06,E10,275,488,33,34
E10,Zagreus RP Mod,6,RP,60,12.3b,E06,E10,275,488,33,34
E10,Zagreus RP Mod,7,RP,60,1.04t,E06,E10,275,488,33,34
E10,Zagreus RP Mod,8,RP,60,102t,E06,E10,275,488,33,34
E10,Zagreus RP Mod,9,RP,60,11.3qa,E06,E10,275,488,33,34
E10,Zagreus RP Mod,10,RP,60,1.40qu,E06,E10,275,488,33,34
E10,Zagreus RP Mod,11,RP,60,192qu,E06,E10,275,488,33,34
E10,Zagreus RP Mod,12,RP,60,28.9sx,E06,E10,275,488,33,34
E10,Zagreus RP Mod,13,RP,60,4.71sp,E06,E10,275,488,33,34
E10,Zagreus RP Mod,14,RP,60,829sp,E06,E10,275,488,33,34
E10,Zagreus RP Mod,15,RP,60,157o,E06,E10,275,488,33,34
E10,Zagreus RP Mod,16,RP,60,31.7n,E06,E10,275,488,33,34
E10,Zagreus RP Mod,17,RP,60,6.83d,E06,E10,275,488,33,34
E10,Zagreus RP Mod,18,RP,60,1.56e36,E06,E10,275,488,33,34
E10,Zagreus RP Mod,19,RP,60,3.77e38,E06,E10,275,488,33,34
E10,Zagreus RP Mod,20,RP,60,9.58e40,E06,E10,275,488,33,34
E10,Zagreus RP Mod,21,RP,60,2.56e43,E06,E10,275,488,33,34
E10,Zagreus RP Mod,22,RP,60,7.19e45,E06,E10,275,488,33,34
E10,Zagreus RP Mod,23,RP,60,2.11e48,E06,E10,275,488,33,34
E10,Zagreus RP Mod,24,RP,60,6.47e50,E06,E10,275,488,33,34
E10,Zagreus RP Mod,25,RP,60,2.07e53,E06,E10,275,488,33,34
E10,Zagreus RP Mod,26,RP,60,6.88e55,E06,E10,275,488,33,34
E10,Zagreus RP Mod,27,RP,60,2.38e58,E06,E10,275,488,33,34
E10,Zagreus RP Mod,28,RP,60,8.54e60,E06,E10,275,488,33,34
E10,Zagreus RP Mod,29,RP,60,3.18e63,E06,E10,275,488,33,34
E10,Zagreus RP Mod,30,RP,60,1.22e66,E06,E10,275,488,33,34
E10,Zagreus RP Mod,31,RP,60,4.86e68,E06,E10,275,488,33,34
E10,Zagreus RP Mod,32,RP,60,2.00e71,E06,E10,275,488,33,34
E10,Zagreus RP Mod,33,RP,60,8.48e73,E06,E10,275,488,33,34
E10,Zagreus RP Mod,34,RP,60,3.71e76,E06,E10,275,488,33,34
E10,Zagreus RP Mod,35,RP,60,1.67e79,E06,E10,275,488,33,34
E10,Zagreus RP Mod,36,RP,60,7.73e81,E06,E10,275,488,33,34
E10,Zagreus RP Mod,37,RP,60,3.68e84,E06,E10,275,488,33,34
E10,Zagreus RP Mod,38,RP,60,1.80e87,E06,E10,275,488,33,34
E10,Zagreus RP Mod,39,RP,60,9.04e89,E06,E10,275,488,33,34
E10,Zagreus RP Mod,40,RP,60,4.66e92,E06,E10,275,488,33,34
E10,Zagreus RP Mod,41,RP,60,2.46e95,E06,E10,275,488,33,34
E10,Zagreus RP Mod,42,RP,60,1.33e98,E06,E10,275,488,33,34
E10,Zagreus RP Mod,43,RP,60,7.40e100,E06,E10,275,488,33,34
E10,Zagreus RP Mod,44,RP,60,4.20e103,E06,E10,275,488,33,34
E10,Zagreus RP Mod,45,RP,60,2.44e106,E06,E10,275,488,33,34
E10,Zagreus RP Mod,46,RP,60,1.45e109,E06,E10,275,488,33,34
E10,Zagreus RP Mod,47,RP,60,8.78e111,E06,E10,275,488,33,34
E10,Zagreus RP Mod,48,RP,60,5.44e114,E06,E10,275,488,33,34
E10,Zagreus RP Mod,49,RP,60,3.44e117,E06,E10,275,488,33,34
E10,Zagreus RP Mod,50,RP,60,2.22e120,E06,E10,275,488,33,34
EA3,Zagreus Automation,1,Unknown,61,5.00qu,E10,EA3,314,488,33,33
EB3,Zagreus Bulk Auto,1,Unknown,62,30.0o,EA3,EB3,352,488,33,33
EB3,Zagreus Bulk Auto,2,Unknown,62,360d,EA3,EB3,352,488,33,33
EB3,Zagreus Bulk Auto,3,Unknown,62,7.29e42,EA3,EB3,352,488,33,33
EB3,Zagreus Bulk Auto,4,Unknown,62,2.07e50,EA3,EB3,352,488,33,33
EB3,Zagreus Bulk Auto,5,Unknown,62,7.59e57,EA3,EB3,352,488,33,33
E11,Zagreus Benefits,1,MP,63,300b,E10,E11,200,488,33,33
E11,Zagreus Benefits,2,MP,63,128t,E10,E11,200,488,33,33
E11,Zagreus Benefits,3,MP,63,115qa,E10,E11,200,488,33,33
E11,Zagreus Benefits,4,MP,63,157qu,E10,E11,200,488,33,33
E11,Zagreus Benefits,5,MP,63,287sx,E10,E11,200,488,33,33
E11,Zagreus Benefits,6,MP,63,652sp,E10,E11,200,488,33,33
E11,Zagreus Benefits,7,MP,63,1.78n,E10,E11,200,488,33,33
E11,Zagreus Benefits,8,MP,63,5.63d,E10,E11,200,488,33,33
E11,Zagreus Benefits,9,MP,63,2.03e37,E10,E11,200,488,33,33
E11,Zagreus Benefits,10,MP,63,8.25e40,E10,E11,200,488,33,33
E12,Zagreus Motivation,1,Cells,64,30.0t,E11,E12,162,488,33,33
E12,Zagreus Motivation,2,Cells,64,264t,E11,E12,162,488,33,33
E12,Zagreus Motivation,3,Cells,64,3.36qa,E11,E12,162,488,33,33
E12,Zagreus Motivation,4,Cells,64,56.5qa,E11,E12,162,488,33,33
E12,Zagreus Motivation,5,Cells,64,1.18qu,E11,E12,162,488,33,33
E12,Zagreus Motivation,6,Cells,64,29.7qu,E11,E12,162,488,33,33
E12,Zagreus Motivation,7,Cells,64,872qu,E11,E12,162,488,33,33
E12,Zagreus Motivation,8,Cells,64,29.3sx,E11,E12,162,488,33,33
E12,Zagreus Motivation,9,Cells,64,1.11sp,E11,E12,162,488,33,33
E12,Zagreus Motivation,10,Cells,64,46.7sp,E11,E12,162,488,33,33
E12,Zagreus Motivation,11,Cells,64,2.17o,E11,E12,162,488,33,33
E12,Zagreus Motivation,12,Cells,64,110o,E11,E12,162,488,33,33
E12,Zagreus Motivation,13,Cells,64,6.05n,E11,E12,162,488,33,33
E12,Zagreus Motivation,14,Cells,64,359n,E11,E12,162,488,33,33
E12,Zagreus Motivation,15,Cells,64,22.9d,E11,E12,162,488,33,33
E12,Zagreus Motivation,16,Cells,64,1.55e36,E11,E12,162,488,33,33
E12,Zagreus Motivation,17,Cells,64,1.12e38,E11,E12,162,488,33,33
E12,Zagreus Motivation,18,Cells,64,8.60e39,E11,E12,162,488,33,33
E12,Zagreus Motivation,19,Cells,64,6.96e41,E11,E12,162,488,33,33
E12,Zagreus Motivation,20,Cells,64,5.94e43,E11,E12,162,488,33,33
E13,Zagreus Cost Mod,1,Unknown,65,400t,E12,E13,124,488,33,33
E13,Zagreus Cost Mod,2,Unknown,65,1.54qa,E12,E13,124,488,33,33
E13,Zagreus Cost Mod,3,Unknown,65,5.09qa,E12,E13,124,488,33,33
E13,Zagreus Cost Mod,4,Unknown,65,16.8qa,E12,E13,124,488,33,33
E13,Zagreus Cost Mod,5,Unknown,65,57.9qa,E12,E13,124,488,33,33
E13,Zagreus Cost Mod,6,Unknown,65,212qa,E12,E13,124,488,33,33
E13,Zagreus Cost Mod,7,Unknown,65,826qa,E12,E13,124,488,33,33
E13,Zagreus Cost Mod,8,Unknown,65,3.44qu,E12,E13,124,488,33,33
E13,Zagreus Cost Mod,9,Unknown,65,15.2qu,E12,E13,124,488,33,33
E13,Zagreus Cost Mod,10,Unknown,65,71.9qu,E12,E13,124,488,33,33
E13,Zagreus Cost Mod,11,Unknown,65,361qu,E12,E13,124,488,33,33
E13,Zagreus Cost Mod,12,Unknown,65,1.92sx,E12,E13,124,488,33,33
E13,Zagreus Cost Mod,13,Unknown,65,10.8sx,E12,E13,124,488,33,33
E13,Zagreus Cost Mod,14,Unknown,65,63.8sx,E12,E13,124,488,33,33
E13,Zagreus Cost Mod,15,Unknown,65,398sx,E12,E13,124,488,33,33
E13,Zagreus Cost Mod,16,Unknown,65,2.61sp,E12,E13,124,488,33,33
E13,Zagreus Cost Mod,17,Unknown,65,17.9sp,E12,E13,124,488,33,33
E13,Zagreus Cost Mod,18,Unknown,65,129sp,E12,E13,124,488,33,33
E13,Zagreus Cost Mod,19,Unknown,65,970sp,E12,E13,124,488,33,33
E13,Zagreus Cost Mod,20,Unknown,65,7.61o,E12,E13,124,488,33,33
E13,Zagreus Cost Mod,21,Unknown,65,62.1o,E12,E13,124,488,33,33
E13,Zagreus Cost Mod,22,Unknown,65,528o,E12,E13,124,488,33,33
E13,Zagreus Cost Mod,23,Unknown,65,4.66n,E12,E13,124,488,33,33
E13,Zagreus Cost Mod,24,Unknown,65,42.7n,E12,E13,124,488,33,33
E13,Zagreus Cost Mod,25,Unknown,65,405n,E12,E13,124,488,33,33
E13,Zagreus Cost Mod,26,Unknown,65,3.97d,E12,E13,124,488,33,33
E13,Zagreus Cost Mod,27,Unknown,65,40.4d,E12,E13,124,488,33,33
E13,Zagreus Cost Mod,28,Unknown,65,423d,E12,E13,124,488,33,33
E13,Zagreus Cost Mod,29,Unknown,65,4.58e36,E12,E13,124,488,33,33
E13,Zagreus Cost Mod,30,Unknown,65,5.12e37,E12,E13,124,488,33,33
E13,Zagreus Cost Mod,31,Unknown,65,5.88e38,E12,E13,124,488,33,33
E13,Zagreus Cost Mod,32,Unknown,65,6.97e39,E12,E13,124,488,33,33
E13,Zagreus Cost Mod,33,Unknown,65,8.48e40,E12,E13,124,488,33,33
E13,Zagreus Cost Mod,34,Unknown,65,1.06e42,E12,E13,124,488,33,33
E13,Zagreus Cost Mod,35,Unknown,65,1.36e43,E12,E13,124,488,33,33
E13,Zagreus Cost Mod,36,Unknown,65,1.80e44,E12,E13,124,488,33,33
E13,Zagreus Cost Mod,37,Unknown,65,2.44e45,E12,E13,124,488,33,33
E13,Zagreus Cost Mod,38,Unknown,65,3.38e46,E12,E13,124,488,33,33
E13,Zagreus Cost Mod,39,Unknown,65,4.81e47,E12,E13,124,488,33,33
E13,Zagreus Cost Mod,40,Unknown,65,7.01e48,E12,E13,124,488,33,33
E13,Zagreus Cost Mod,41,Unknown,65,1.04e50,E12,E13,124,488,33,33
E13,Zagreus Cost Mod,42,Unknown,65,1.59e51,E12,E13,124,488,33,33
E13,Zagreus Cost Mod,43,Unknown,65,2.48e52,E12,E13,124,488,33,33
E13,Zagreus Cost Mod,44,Unknown,65,3.96e53,E12,E13,124,488,33,33
E13,Zagreus Cost Mod,45,Unknown,65,6.44e54,E12,E13,124,488,33,33
E13,Zagreus Cost Mod,46,Unknown,65,1.07e56,E12,E13,124,488,33,33
E13,Zagreus Cost Mod,47,Unknown,65,1.82e57,E12,E13,124,488,33,33
E13,Zagreus Cost Mod,48,Unknown,65,3.14e58,E12,E13,124,488,33,33
E13,Zagreus Cost Mod,49,Unknown,65,5.55e59,E12,E13,124,488,33,33
E13,Zagreus Cost Mod,50,Unknown,65,1.00e61,E12,E13,124,488,33,33
E13,Zagreus Cost Mod,51,Unknown,65,1.83e62,E12,E13,124,488,33,33
E13,Zagreus Cost Mod,52,Unknown,65,3.43e63,E12,E13,124,488,33,33
E13,Zagreus Cost Mod,53,Unknown,65,6.53e64,E12,E13,124,488,33,33
E13,Zagreus Cost Mod,54,Unknown,65,1.27e66,E12,E13,124,488,33,33
E13,Zagreus Cost Mod,55,Unknown,65,2.50e67,E12,E13,124,488,33,33
E13,Zagreus Cost Mod,56,Unknown,65,5.02e68,E12,E13,124,488,33,33
E13,Zagreus Cost Mod,57,Unknown,65,1.03e70,E12,E13,124,488,33,33
E13,Zagreus Cost Mod,58,Unknown,65,2.13e71,E12,E13,124,488,33,33
E13,Zagreus Cost Mod,59,Unknown,65,4.50e72,E12,E13,124,488,33,33
E13,Zagreus Cost Mod,60,Unknown,65,9.66e73,E12,E13,124,488,33,33
E13,Zagreus Cost Mod,61,Unknown,65,2.11e75,E12,E13,124,488,33,33
E13,Zagreus Cost Mod,62,Unknown,65,4.67e76,E12,E13,124,488,33,33
E13,Zagreus Cost Mod,63,Unknown,65,1.05e78,E12,E13,124,488,33,33
E13,Zagreus Cost Mod,64,Unknown,65,2.40e79,E12,E13,124,488,33,33
E13,Zagreus Cost Mod,65,Unknown,65,5.58e80,E12,E13,124,488,33,33
E13,Zagreus Cost Mod,66,Unknown,65,1.31e82,E12,E13,124,488,33,33
E13,Zagreus Cost Mod,67,Unknown,65,3.14e83,E12,E13,124,488,33,33
E13,Zagreus Cost Mod,68,Unknown,65,7.62e84,E12,E13,124,488,33,33
E13,Zagreus Cost Mod,69,Unknown,65,1.87e86,E12,E13,124,488,33,33
E13,Zagreus Cost Mod,70,Unknown,65,4.68e87,E12,E13,124,488,33,33
E13,Zagreus Cost Mod,71,Unknown,65,1.18e89,E12,E13,124,488,33,33
E13,Zagreus Cost Mod,72,Unknown,65,3.04e90,E12,E13,124,488,33,33
E13,Zagreus Cost Mod,73,Unknown,65,7.89e91,E12,E13,124,488,33,33
E13,Zagreus Cost Mod,74,Unknown,65,2.08e93,E12,E13,124,488,33,33
E13,Zagreus Cost Mod,75,Unknown,65,5.55e94,E12,E13,124,488,33,33
E13,Zagreus Cost Mod,76,Unknown,65,1.50e96,E12,E13,124,488,33,33
E13,Zagreus Cost Mod,77,Unknown,65,4.11e97,E12,E13,124,488,33,33
E13,Zagreus Cost Mod,78,Unknown,65,1.14e99,E12,E13,124,488,33,33
E13,Zagreus Cost Mod,79,Unknown,65,3.21e100,E12,E13,124,488,33,33
E13,Zagreus Cost Mod,80,Unknown,65,9.12e101,E12,E13,124,488,33,33
E13,Zagreus Cost Mod,81,Unknown,65,2.63e103,E12,E13,124,488,33,33
E13,Zagreus Cost Mod,82,Unknown,65,7.65e104,E12,E13,124,488,33,33
E13,Zagreus Cost Mod,83,Unknown,65,2.26e106,E12,E13,124,488,33,33
E13,Zagreus Cost Mod,84,Unknown,65,6.74e107,E12,E13,124,488,33,33
E13,Zagreus Cost Mod,85,Unknown,65,2.03e109,E12,E13,124,488,33,33
E13,Zagreus Cost Mod,86,Unknown,65,6.21e110,E12,E13,124,488,33,33
E13,Zagreus Cost Mod,87,Unknown,65,1.92e112,E12,E13,124,488,33,33
E13,Zagreus Cost Mod,88,Unknown,65,6.00e113,E12,E13,124,488,33,33
E13,Zagreus Cost Mod,89,Unknown,65,1.89e115,E12,E13,124,488,33,33
E13,Zagreus Cost Mod,90,Unknown,65,6.05e116,E12,E13,124,488,33,33
E13,Zagreus Cost Mod,91,Unknown,65,1.95e118,E12,E13,124,488,33,33
E13,Zagreus Cost Mod,92,Unknown,65,6.38e119,E12,E13,124,488,33,33
E13,Zagreus Cost Mod,93,Unknown,65,2.11e121,E12,E13,124,488,33,33
E13,Zagreus Cost Mod,94,Unknown,65,7.02e122,E12,E13,124,488,33,33
E13,Zagreus Cost Mod,95,Unknown,65,2.37e124,E12,E13,124,488,33,33
E13,Zagreus Cost Mod,96,Unknown,65,8.06e125,E12,E13,124,488,33,33
E13,Zagreus Cost Mod,97,Unknown,65,2.77e127,E12,E13,124,488,33,33
E13,Zagreus Cost Mod,98,Unknown,65,9.63e128,E12,E13,124,488,33,33
E13,Zagreus Cost Mod,99,Unknown,65,3.38e130,E12,E13,124,488,33,33
E13,Zagreus Cost Mod,100,Unknown,65,1.20e132,E12,E13,124,488,33,33
E13,Zagreus Cost Mod,101,Unknown,65,4.29e133,E12,E13,124,488,33,33
E13,Zagreus Cost Mod,102,Unknown,65,1.55e135,E12,E13,124,488,33,33
E13,Zagreus Cost Mod,103,Unknown,65,5.66e136,E12,E13,124,488,33,33
E13,Zagreus Cost Mod,104,Unknown,65,2.09e138,E12,E13,124,488,33,33
E13,Zagreus Cost Mod,105,Unknown,65,7.77e139,E12,E13,124,488,33,33
E13,Zagreus Cost Mod,106,Unknown,65,2.92e141,E12,E13,124,488,33,33
E13,Zagreus Cost Mod,107,Unknown,65,1.11e143,E12,E13,124,488,33,33
E13,Zagreus Cost Mod,108,Unknown,65,4.23e144,E12,E13,124,488,33,33
E13,Zagreus Cost Mod,109,Unknown,65,1.63e146,E12,E13,124,488,33,33
E13,Zagreus Cost Mod,110,Unknown,65,6.36e147,E12,E13,124,488,33,33
E13,Zagreus Cost Mod,111,Unknown,65,2.50e149,E12,E13,124,488,33,33
E13,Zagreus Cost Mod,112,Unknown,65,9.92e150,E12,E13,124,488,33,33
E13,Zagreus Cost Mod,113,Unknown,65,3.97e152,E12,E13,124,488,33,33
E13,Zagreus Cost Mod,114,Unknown,65,1.60e154,E12,E13,124,488,33,33
E13,Zagreus Cost Mod,115,Unknown,65,6.53e155,E12,E13,124,488,33,33
E13,Zagreus Cost Mod,116,Unknown,65,2.68e157,E12,E13,124,488,33,33
E13,Zagreus Cost Mod,117,Unknown,65,1.11e159,E12,E13,124,488,33,33
E13,Zagreus Cost Mod,118,Unknown,65,4.64e160,E12,E13,124,488,33,33
E13,Zagreus Cost Mod,119,Unknown,65,1.95e162,E12,E13,124,488,33,33
E13,Zagreus Cost Mod,120,Unknown,65,8.30e163,E12,E13,124,488,33,33
E13,Zagreus Cost Mod,121,Unknown,65,3.55e165,E12,E13,124,488,33,33
E13,Zagreus Cost Mod,122,Unknown,65,1.53e167,E12,E13,124,488,33,33
E13,Zagreus Cost Mod,123,Unknown,65,6.68e168,E12,E13,124,488,33,33
E13,Zagreus Cost Mod,124,Unknown,65,2.93e170,E12,E13,124,488,33,33
E13,Zagreus Cost Mod,125,Unknown,65,1.30e172,E12,E13,124,488,33,33
E13,Zagreus Cost Mod,126,Unknown,65,5.78e173,E12,E13,124,488,33,33
E13,Zagreus Cost Mod,127,Unknown,65,2.60e175,E12,E13,124,488,33,33
E13,Zagreus Cost Mod,128,Unknown,65,1.18e177,E12,E13,124,488,33,33
E13,Zagreus Cost Mod,129,Unknown,65,5.37e178,E12,E13,124,488,33,33
E13,Zagreus Cost Mod,130,Unknown,65,2.47e180,E12,E13,124,488,33,33
E13,Zagreus Cost Mod,131,Unknown,65,1.14e182,E12,E13,124,488,33,33
E13,Zagreus Cost Mod,132,Unknown,65,5.35e183,E12,E13,124,488,33,33
E13,Zagreus Cost Mod,133,Unknown,65,2.52e185,E12,E13,124,488,33,33
E13,Zagreus Cost Mod,134,Unknown,65,1.19e187,E12,E13,124,488,33,33
E13,Zagreus Cost Mod,135,Unknown,65,5.69e188,E12,E13,124,488,33,33
E13,Zagreus Cost Mod,136,Unknown,65,2.74e190,E12,E13,124,488,33,33
E13,Zagreus Cost Mod,137,Unknown,65,1.33e192,E12,E13,124,488,33,33
E13,Zagreus Cost Mod,138,Unknown,65,6.48e193,E12,E13,124,488,33,33
E13,Zagreus Cost Mod,139,Unknown,65,3.18e195,E12,E13,124,488,33,33
E13,Zagreus Cost Mod,140,Unknown,65,1.58e197,E12,E13,124,488,33,33
E13,Zagreus Cost Mod,141,Unknown,65,7.86e198,E12,E13,124,488,33,33
E13,Zagreus Cost Mod,142,Unknown,65,3.95e200,E12,E13,124,488,33,33
E13,Zagreus Cost Mod,143,Unknown,65,2.00e202,E12,E13,124,488,33,33
E13,Zagreus Cost Mod,144,Unknown,65,1.02e204,E12,E13,124,488,33,33
E13,Zagreus Cost Mod,145,Unknown,65,5.21e205,E12,E13,124,488,33,33
E13,Zagreus Cost Mod,146,Unknown,65,2.69e207,E12,E13,124,488,33,33
E13,Zagreus Cost Mod,147,Unknown,65,1.40e209,E12,E13,124,488,33,33
E13,Zagreus Cost Mod,148,Unknown,65,7.32e210,E12,E13,124,488,33,33
E13,Zagreus Cost Mod,149,Unknown,65,3.85e212,E12,E13,124,488,33,33
E13,Zagreus Cost Mod,150,Unknown,65,2.04e214,E12,E13,124,488,33,33
E13,Zagreus Cost Mod,151,Unknown,65,1.09e216,E12,E13,124,488,33,33
E13,Zagreus Cost Mod,152,Unknown,65,5.86e217,E12,E13,124,488,33,33
E13,Zagreus Cost Mod,153,Unknown,65,3.17e219,E12,E13,124,488,33,33
E13,Zagreus Cost Mod,154,Unknown,65,1.73e221,E12,E13,124,488,33,33
E13,Zagreus Cost Mod,155,Unknown,65,9.46e222,E12,E13,124,488,33,33
E13,Zagreus Cost Mod,156,Unknown,65,5.22e224,E12,E13,124,488,33,33
E13,Zagreus Cost Mod,157,Unknown,65,2.90e226,E12,E13,124,488,33,33
E13,Zagreus Cost Mod,158,Unknown,65,1.62e228,E12,E13,124,488,33,33
E13,Zagreus Cost Mod,159,Unknown,65,9.09e229,E12,E13,124,488,33,33
E13,Zagreus Cost Mod,160,Unknown,65,5.14e231,E12,E13,124,488,33,33
E13,Zagreus Cost Mod,161,Unknown,65,2.93e233,E12,E13,124,488,33,33
E13,Zagreus Cost Mod,162,Unknown,65,1.68e235,E12,E13,124,488,33,33
E13,Zagreus Cost Mod,163,Unknown,65,9.65e236,E12,E13,124,488,33,33
E13,Zagreus Cost Mod,164,Unknown,65,5.59e238,E12,E13,124,488,33,33
E13,Zagreus Cost Mod,165,Unknown,65,3.26e240,E12,E13,124,488,33,33
E13,Zagreus Cost Mod,166,Unknown,65,1.91e242,E12,E13,124,488,33,33
E13,Zagreus Cost Mod,167,Unknown,65,1.13e244,E12,E13,124,488,33,33
E13,Zagreus Cost Mod,168,Unknown,65,6.71e245,E12,E13,124,488,33,33
E13,Zagreus Cost Mod,169,Unknown,65,4.01e247,E12,E13,124,488,33,33
E13,Zagreus Cost Mod,170,Unknown,65,2.41e249,E12,E13,124,488,33,33
E13,Zagreus Cost Mod,171,Unknown,65,1.45e251,E12,E13,124,488,33,33
E13,Zagreus Cost Mod,172,Unknown,65,8.84e252,E12,E13,124,488,33,33
E13,Zagreus Cost Mod,173,Unknown,65,5.40e254,E12,E13,124,488,33,33
E13,Zagreus Cost Mod,174,Unknown,65,3.32e256,E12,E13,124,488,33,33
E13,Zagreus Cost Mod,175,Unknown,65,2.06e258,E12,E13,124,488,33,33
E13,Zagreus Cost Mod,176,Unknown,65,1.28e260,E12,E13,124,488,33,33
E13,Zagreus Cost Mod,177,Unknown,65,7.99e261,E12,E13,124,488,33,33
E13,Zagreus Cost Mod,178,Unknown,65,5.03e263,E12,E13,124,488,33,33
E13,Zagreus Cost Mod,179,Unknown,65,3.18e265,E12,E13,124,488,33,33
E13,Zagreus Cost Mod,180,Unknown,65,2.02e267,E12,E13,124,488,33,33
E13,Zagreus Cost Mod,181,Unknown,65,1.29e269,E12,E13,124,488,33,33
E13,Zagreus Cost Mod,182,Unknown,65,8.32e270,E12,E13,124,488,33,33
E13,Zagreus Cost Mod,183,Unknown,65,5.38e272,E12,E13,124,488,33,33
E13,Zagreus Cost Mod,184,Unknown,65,3.50e274,E12,E13,124,488,33,33
E13,Zagreus Cost Mod,185,Unknown,65,2.29e276,E12,E13,124,488,33,33
E13,Zagreus Cost Mod,186,Unknown,65,1.50e278,E12,E13,124,488,33,33
E13,Zagreus Cost Mod,187,Unknown,65,9.93e279,E12,E13,124,488,33,33
E13,Zagreus Cost Mod,188,Unknown,65,6.59e281,E12,E13,124,488,33,33
E13,Zagreus Cost Mod,189,Unknown,65,4.40e283,E12,E13,124,488,33,33
E13,Zagreus Cost Mod,190,Unknown,65,2.96e285,E12,E13,124,488,33,33
E13,Zagreus Cost Mod,191,Unknown,65,1.99e287,E12,E13,124,488,33,33
E13,Zagreus Cost Mod,192,Unknown,65,1.35e289,E12,E13,124,488,33,33
E13,Zagreus Cost Mod,193,Unknown,65,9.22e290,E12,E13,124,488,33,33
E13,Zagreus Cost Mod,194,Unknown,65,6.32e292,E12,E13,124,488,33,33
E13,Zagreus Cost Mod,195,Unknown,65,4.36e294,E12,E13,124,488,33,33
E13,Zagreus Cost Mod,196,Unknown,65,3.02e296,E12,E13,124,488,33,33
E13,Zagreus Cost Mod,197,Unknown,65,2.10e298,E12,E13,124,488,33,33
E13,Zagreus Cost Mod,198,Unknown,65,1.47e300,E12,E13,124,488,33,33
E13,Zagreus Cost Mod,199,Unknown,65,1.03e302,E12,E13,124,488,33,33
E13,Zagreus Cost Mod,200,Unknown,65,7.29e303,E12,E13,124,488,33,33
E01,Cradle RP Mod,1,RP,66,10.0,C2o,E01,275,564,33,34
E01,Cradle RP Mod,2,RP,66,23.0,C2o,E01,275,564,33,34
E01,Cradle RP Mod,3,RP,66,84.0,C2o,E01,275,564,33,34
E01,Cradle RP Mod,4,RP,66,406,C2o,E01,275,564,33,34
E01,Cradle RP Mod,5,RP,66,2.46k,C2o,E01,275,564,33,34
E01,Cradle RP Mod,6,RP,66,18.0k,C2o,E01,275,564,33,34
E01,Cradle RP Mod,7,RP,66,155k,C2o,E01,275,564,33,34
E01,Cradle RP Mod,8,RP,66,1.54m,C2o,E01,275,564,33,34
E01,Cradle RP Mod,9,RP,66,17.2m,C2o,E01,275,564,33,34
E01,Cradle RP Mod,10,RP,66,215m,C2o,E01,275,564,33,34
E01,Cradle RP Mod,11,RP,66,2.95b,C2o,E01,275,564,33,34
E01,Cradle RP Mod,12,RP,66,44.5b,C2o,E01,275,564,33,34
E01,Cradle RP Mod,13,RP,66,729b,C2o,E01,275,564,33,34
E01,Cradle RP Mod,14,RP,66,12.9t,C2o,E01,275,564,33,34
E01,Cradle RP Mod,15,RP,66,244t,C2o,E01,275,564,33,34
E01,Cradle RP Mod,16,RP,66,4.95qa,C2o,E01,275,564,33,34
E01,Cradle RP Mod,17,RP,66,107qa,C2o,E01,275,564,33,34
E01,Cradle RP Mod,18,RP,66,2.44qu,C2o,E01,275,564,33,34
E01,Cradle RP Mod,19,RP,66,59.1qu,C2o,E01,275,564,33,34
E01,Cradle RP Mod,20,RP,66,1.51sx,C2o,E01,275,564,33,34
E01,Cradle RP Mod,21,RP,66,40.3sx,C2o,E01,275,564,33,34
E01,Cradle RP Mod,22,RP,66,1.13sp,C2o,E01,275,564,33,34
E01,Cradle RP Mod,23,RP,66,33.3sp,C2o,E01,275,564,33,34
E01,Cradle RP Mod,24,RP,66,1.02o,C2o,E01,275,564,33,34
E01,Cradle RP Mod,25,RP,66,32.7o,C2o,E01,275,564,33,34
E01,Cradle RP Mod,26,RP,66,1.09n,C2o,E01,275,564,33,34
E01,Cradle RP Mod,27,RP,66,37.6n,C2o,E01,275,564,33,34
E01,Cradle RP Mod,28,RP,66,1.35d,C2o,E01,275,564,33,34
E01,Cradle RP Mod,29,RP,66,50.3d,C2o,E01,275,564,33,34
E01,Cradle RP Mod,30,RP,66,1.94e36,C2o,E01,275,564,33,34
E01,Cradle RP Mod,31,RP,66,7.71e37,C2o,E01,275,564,33,34
E01,Cradle RP Mod,32,RP,66,3.17e39,C2o,E01,275,564,33,34
E01,Cradle RP Mod,33,RP,66,1.34e41,C2o,E01,275,564,33,34
E01,Cradle RP Mod,34,RP,66,5.88e42,C2o,E01,275,564,33,34
E01,Cradle RP Mod,35,RP,66,2.65e44,C2o,E01,275,564,33,34
E01,Cradle RP Mod,36,RP,66,1.23e46,C2o,E01,275,564,33,34
E01,Cradle RP Mod,37,RP,66,5.85e47,C2o,E01,275,564,33,34
E01,Cradle RP Mod,38,RP,66,2.86e49,C2o,E01,275,564,33,34
E01,Cradle RP Mod,39,RP,66,1.44e51,C2o,E01,275,564,33,34
E01,Cradle RP Mod,40,RP,66,7.41e52,C2o,E01,275,564,33,34
E01,Cradle RP Mod,41,RP,66,3.92e54,C2o,E01,275,564,33,34
E01,Cradle RP Mod,42,RP,66,2.12e56,C2o,E01,275,564,33,34
E01,Cradle RP Mod,43,RP,66,1.18e58,C2o,E01,275,564,33,34
E01,Cradle RP Mod,44,RP,66,6.68e59,C2o,E01,275,564,33,34
E01,Cradle RP Mod,45,RP,66,3.88e61,C2o,E01,275,564,33,34
E01,Cradle RP Mod,46,RP,66,2.30e63,C2o,E01,275,564,33,34
E01,Cradle RP Mod,47,RP,66,1.40e65,C2o,E01,275,564,33,34
E01,Cradle RP Mod,48,RP,66,8.67e66,C2o,E01,275,564,33,34
E01,Cradle RP Mod,49,RP,66,5.49e68,C2o,E01,275,564,33,34
E01,Cradle RP Mod,50,RP,66,3.54e70,C2o,E01,275,564,33,34
EA1,Cradle Automation,1,Unknown,67,400m,E01,EA1,314,564,33,33
EB1,Cradle Bulk Auto,1,Unknown,68,30.0qa,EA1,EB1,352,564,33,33
EB1,Cradle Bulk Auto,2,Unknown,68,3.60sx,EA1,EB1,352,564,33,33
EB1,Cradle Bulk Auto,3,Unknown,68,729sp,EA1,EB1,352,564,33,33
EB1,Cradle Bulk Auto,4,Unknown,68,207n,EA1,EB1,352,564,33,33
EB1,Cradle Bulk Auto,5,Unknown,68,7.59e37,EA1,EB1,352,564,33,33
E02,Instant Diamond A,1,Diamonds,69,1.00k,E01,E02,238,564,33,32
E03,Cradle Benefits,1,Cells,70,10.0b,E02,E03,200,564,33,33
E03,Cradle Benefits,2,Cells,70,800b,E02,E03,200,564,33,33
E03,Cradle Benefits,3,Cells,70,127t,E02,E03,200,564,33,33
E03,Cradle Benefits,4,Cells,70,29.2qa,E02,E03,200,564,33,33
E03,Cradle Benefits,5,Cells,70,8.75qu,E02,E03,200,564,33,33
E03,Cradle Benefits,6,Cells,70,3.23sx,E02,E03,200,564,33,33
E03,Cradle Benefits,7,Cells,70,1.41sp,E02,E03,200,564,33,33
E03,Cradle Benefits,8,Cells,70,715sp,E02,E03,200,564,33,33
E03,Cradle Benefits,9,Cells,70,411o,E02,E03,200,564,33,33
E03,Cradle Benefits,10,Cells,70,264n,E02,E03,200,564,33,33
E04,Cradle Motivation,1,Cells,71,100b,E03,E04,162,564,33,33
E04,Cradle Motivation,2,Cells,71,400b,E03,E04,162,564,33,33
E04,Cradle Motivation,3,Cells,71,1.87t,E03,E04,162,564,33,33
E04,Cradle Motivation,4,Cells,71,10.8t,E03,E04,162,564,33,33
E04,Cradle Motivation,5,Cells,71,75.0t,E03,E04,162,564,33,33
E04,Cradle Motivation,6,Cells,71,614t,E03,E04,162,564,33,33
E04,Cradle Motivation,7,Cells,71,5.81qa,E03,E04,162,564,33,33
E04,Cradle Motivation,8,Cells,71,62.5qa,E03,E04,162,564,33,33
E04,Cradle Motivation,9,Cells,71,754qa,E03,E04,162,564,33,33
E04,Cradle Motivation,10,Cells,71,10.1qu,E03,E04,162,564,33,33
E04,Cradle Motivation,11,Cells,71,148qu,E03,E04,162,564,33,33
E04,Cradle Motivation,12,Cells,71,2.37sx,E03,E04,162,564,33,33
E04,Cradle Motivation,13,Cells,71,41.2sx,E03,E04,162,564,33,33
E04,Cradle Motivation,14,Cells,71,770sx,E03,E04,162,564,33,33
E04,Cradle Motivation,15,Cells,71,15.4sp,E03,E04,162,564,33,33
E04,Cradle Motivation,16,Cells,71,329sp,E03,E04,162,564,33,33
E04,Cradle Motivation,17,Cells,71,7.48o,E03,E04,162,564,33,33
E04,Cradle Motivation,18,Cells,71,180o,E03,E04,162,564,33,33
E04,Cradle Motivation,19,Cells,71,4.57n,E03,E04,162,564,33,33
E04,Cradle Motivation,20,Cells,71,122n,E03,E04,162,564,33,33
E05,Cradle Cost Mod,1,Unknown,72,200b,E04,E05,124,564,33,33
E05,Cradle Cost Mod,2,Unknown,72,760b,E04,E05,124,564,33,33
E05,Cradle Cost Mod,3,Unknown,72,2.40t,E04,E05,124,564,33,33
E05,Cradle Cost Mod,4,Unknown,72,7.41t,E04,E05,124,564,33,33
E05,Cradle Cost Mod,5,Unknown,72,23.4t,E04,E05,124,564,33,33
E05,Cradle Cost Mod,6,Unknown,72,77.2t,E04,E05,124,564,33,33
E05,Cradle Cost Mod,7,Unknown,72,268t,E04,E05,124,564,33,33
E05,Cradle Cost Mod,8,Unknown,72,977t,E04,E05,124,564,33,33
E05,Cradle Cost Mod,9,Unknown,72,3.76qa,E04,E05,124,564,33,33
E05,Cradle Cost Mod,10,Unknown,72,15.3qa,E04,E05,124,564,33,33
E05,Cradle Cost Mod,11,Unknown,72,65.2qa,E04,E05,124,564,33,33
E05,Cradle Cost Mod,12,Unknown,72,293qa,E04,E05,124,564,33,33
E05,Cradle Cost Mod,13,Unknown,72,1.38qu,E04,E05,124,564,33,33
E05,Cradle Cost Mod,14,Unknown,72,6.84qu,E04,E05,124,564,33,33
E05,Cradle Cost Mod,15,Unknown,72,35.4qu,E04,E05,124,564,33,33
E05,Cradle Cost Mod,16,Unknown,72,192qu,E04,E05,124,564,33,33
E05,Cradle Cost Mod,17,Unknown,72,1.08sx,E04,E05,124,564,33,33
E05,Cradle Cost Mod,18,Unknown,72,6.39sx,E04,E05,124,564,33,33
E05,Cradle Cost Mod,19,Unknown,72,39.2sx,E04,E05,124,564,33,33
E05,Cradle Cost Mod,20,Unknown,72,250sx,E04,E05,124,564,33,33
E05,Cradle Cost Mod,21,Unknown,72,1.66sp,E04,E05,124,564,33,33
E05,Cradle Cost Mod,22,Unknown,72,11.4sp,E04,E05,124,564,33,33
E05,Cradle Cost Mod,23,Unknown,72,80.9sp,E04,E05,124,564,33,33
E05,Cradle Cost Mod,24,Unknown,72,596sp,E04,E05,124,564,33,33
E05,Cradle Cost Mod,25,Unknown,72,4.54o,E04,E05,124,564,33,33
E05,Cradle Cost Mod,26,Unknown,72,35.7o,E04,E05,124,564,33,33
E05,Cradle Cost Mod,27,Unknown,72,290o,E04,E05,124,564,33,33
E05,Cradle Cost Mod,28,Unknown,72,2.43n,E04,E05,124,564,33,33
E05,Cradle Cost Mod,29,Unknown,72,20.9n,E04,E05,124,564,33,33
E05,Cradle Cost Mod,30,Unknown,72,186n,E04,E05,124,564,33,33
E05,Cradle Cost Mod,31,Unknown,72,1.70d,E04,E05,124,564,33,33
E05,Cradle Cost Mod,32,Unknown,72,15.9d,E04,E05,124,564,33,33
E05,Cradle Cost Mod,33,Unknown,72,154d,E04,E05,124,564,33,33
E05,Cradle Cost Mod,34,Unknown,72,1.52e36,E04,E05,124,564,33,33
E05,Cradle Cost Mod,35,Unknown,72,1.55e37,E04,E05,124,564,33,33
E05,Cradle Cost Mod,36,Unknown,72,1.61e38,E04,E05,124,564,33,33
E05,Cradle Cost Mod,37,Unknown,72,1.72e39,E04,E05,124,564,33,33
E05,Cradle Cost Mod,38,Unknown,72,1.88e40,E04,E05,124,564,33,33
E05,Cradle Cost Mod,39,Unknown,72,2.10e41,E04,E05,124,564,33,33
E05,Cradle Cost Mod,40,Unknown,72,2.41e42,E04,E05,124,564,33,33
E05,Cradle Cost Mod,41,Unknown,72,2.82e43,E04,E05,124,564,33,33
E05,Cradle Cost Mod,42,Unknown,72,3.38e44,E04,E05,124,564,33,33
E05,Cradle Cost Mod,43,Unknown,72,4.14e45,E04,E05,124,564,33,33
E05,Cradle Cost Mod,44,Unknown,72,5.17e46,E04,E05,124,564,33,33
E05,Cradle Cost Mod,45,Unknown,72,6.60e47,E04,E05,124,564,33,33
E05,Cradle Cost Mod,46,Unknown,72,8.59e48,E04,E05,124,564,33,33
E05,Cradle Cost Mod,47,Unknown,72,1.14e50,E04,E05,124,564,33,33
E05,Cradle Cost Mod,48,Unknown,72,1.55e51,E04,E05,124,564,33,33
E05,Cradle Cost Mod,49,Unknown,72,2.13e52,E04,E05,124,564,33,33
E05,Cradle Cost Mod,50,Unknown,72,3.00e53,E04,E05,124,564,33,33
E05,Cradle Cost Mod,51,Unknown,72,4.31e54,E04,E05,124,564,33,33
E05,Cradle Cost Mod,52,Unknown,72,6.29e55,E04,E05,124,564,33,33
E05,Cradle Cost Mod,53,Unknown,72,9.34e56,E04,E05,124,564,33,33
E05,Cradle Cost Mod,54,Unknown,72,1.41e58,E04,E05,124,564,33,33
E05,Cradle Cost Mod,55,Unknown,72,2.17e59,E04,E05,124,564,33,33
E05,Cradle Cost Mod,56,Unknown,72,3.40e60,E04,E05,124,564,33,33
E05,Cradle Cost Mod,57,Unknown,72,5.42e61,E04,E05,124,564,33,33
E05,Cradle Cost Mod,58,Unknown,72,8.77e62,E04,E05,124,564,33,33
E05,Cradle Cost Mod,59,Unknown,72,1.44e64,E04,E05,124,564,33,33
E05,Cradle Cost Mod,60,Unknown,72,2.41e65,E04,E05,124,564,33,33
E05,Cradle Cost Mod,61,Unknown,72,4.09e66,E04,E05,124,564,33,33
E05,Cradle Cost Mod,62,Unknown,72,7.06e67,E04,E05,124,564,33,33
E05,Cradle Cost Mod,63,Unknown,72,1.24e69,E04,E05,124,564,33,33
E05,Cradle Cost Mod,64,Unknown,72,2.20e70,E04,E05,124,564,33,33
E05,Cradle Cost Mod,65,Unknown,72,3.96e71,E04,E05,124,564,33,33
E05,Cradle Cost Mod,66,Unknown,72,7.26e72,E04,E05,124,564,33,33
E05,Cradle Cost Mod,67,Unknown,72,1.35e74,E04,E05,124,564,33,33
E05,Cradle Cost Mod,68,Unknown,72,2.54e75,E04,E05,124,564,33,33
E05,Cradle Cost Mod,69,Unknown,72,4.85e76,E04,E05,124,564,33,33
E05,Cradle Cost Mod,70,Unknown,72,9.40e77,E04,E05,124,564,33,33
E05,Cradle Cost Mod,71,Unknown,72,1.85e79,E04,E05,124,564,33,33
E05,Cradle Cost Mod,72,Unknown,72,3.67e80,E04,E05,124,564,33,33
E05,Cradle Cost Mod,73,Unknown,72,7.41e81,E04,E05,124,564,33,33
E05,Cradle Cost Mod,74,Unknown,72,1.51e83,E04,E05,124,564,33,33
E05,Cradle Cost Mod,75,Unknown,72,3.14e84,E04,E05,124,564,33,33
E05,Cradle Cost Mod,76,Unknown,72,6.58e85,E04,E05,124,564,33,33
E05,Cradle Cost Mod,77,Unknown,72,1.40e87,E04,E05,124,564,33,33
E05,Cradle Cost Mod,78,Unknown,72,3.00e88,E04,E05,124,564,33,33
E05,Cradle Cost Mod,79,Unknown,72,6.54e89,E04,E05,124,564,33,33
E05,Cradle Cost Mod,80,Unknown,72,1.44e91,E04,E05,124,564,33,33
E05,Cradle Cost Mod,81,Unknown,72,3.22e92,E04,E05,124,564,33,33
E05,Cradle Cost Mod,82,Unknown,72,7.27e93,E04,E05,124,564,33,33
E05,Cradle Cost Mod,83,Unknown,72,1.66e95,E04,E05,124,564,33,33
E05,Cradle Cost Mod,84,Unknown,72,3.84e96,E04,E05,124,564,33,33
E05,Cradle Cost Mod,85,Unknown,72,8.97e97,E04,E05,124,564,33,33
E05,Cradle Cost Mod,86,Unknown,72,2.12e99,E04,E05,124,564,33,33
E05,Cradle Cost Mod,87,Unknown,72,5.07e100,E04,E05,124,564,33,33
E05,Cradle Cost Mod,88,Unknown,72,1.23e102,E04,E05,124,564,33,33
E05,Cradle Cost Mod,89,Unknown,72,3.00e103,E04,E05,124,564,33,33
E05,Cradle Cost Mod,90,Unknown,72,7.42e104,E04,E05,124,564,33,33
E05,Cradle Cost Mod,91,Unknown,72,1.85e106,E04,E05,124,564,33,33
E05,Cradle Cost Mod,92,Unknown,72,4.68e107,E04,E05,124,564,33,33
E05,Cradle Cost Mod,93,Unknown,72,1.20e109,E04,E05,124,564,33,33
E05,Cradle Cost Mod,94,Unknown,72,3.08e110,E04,E05,124,564,33,33
E05,Cradle Cost Mod,95,Unknown,72,8.04e111,E04,E05,124,564,33,33
E05,Cradle Cost Mod,96,Unknown,72,2.12e113,E04,E05,124,564,33,33
E05,Cradle Cost Mod,97,Unknown,72,5.63e114,E04,E05,124,564,33,33
E05,Cradle Cost Mod,98,Unknown,72,1.51e116,E04,E05,124,564,33,33
E05,Cradle Cost Mod,99,Unknown,72,4.11e117,E04,E05,124,564,33,33
E05,Cradle Cost Mod,100,Unknown,72,1.13e119,E04,E05,124,564,33,33
E05,Cradle Cost Mod,101,Unknown,72,3.12e120,E04,E05,124,564,33,33
E05,Cradle Cost Mod,102,Unknown,72,8.71e121,E04,E05,124,564,33,33
E05,Cradle Cost Mod,103,Unknown,72,2.46e123,E04,E05,124,564,33,33
E05,Cradle Cost Mod,104,Unknown,72,7.00e124,E04,E05,124,564,33,33
E05,Cradle Cost Mod,105,Unknown,72,2.01e126,E04,E05,124,564,33,33
E05,Cradle Cost Mod,106,Unknown,72,5.84e127,E04,E05,124,564,33,33
E05,Cradle Cost Mod,107,Unknown,72,1.71e129,E04,E05,124,564,33,33
E05,Cradle Cost Mod,108,Unknown,72,5.06e130,E04,E05,124,564,33,33
E05,Cradle Cost Mod,109,Unknown,72,1.51e132,E04,E05,124,564,33,33
E05,Cradle Cost Mod,110,Unknown,72,4.54e133,E04,E05,124,564,33,33
E05,Cradle Cost Mod,111,Unknown,72,1.38e135,E04,E05,124,564,33,33
E05,Cradle Cost Mod,112,Unknown,72,4.22e136,E04,E05,124,564,33,33
E05,Cradle Cost Mod,113,Unknown,72,1.31e138,E04,E05,124,564,33,33
E05,Cradle Cost Mod,114,Unknown,72,4.07e139,E04,E05,124,564,33,33
E05,Cradle Cost Mod,115,Unknown,72,1.28e141,E04,E05,124,564,33,33
E05,Cradle Cost Mod,116,Unknown,72,4.06e142,E04,E05,124,564,33,33
E05,Cradle Cost Mod,117,Unknown,72,1.30e144,E04,E05,124,564,33,33
E05,Cradle Cost Mod,118,Unknown,72,4.19e145,E04,E05,124,564,33,33
E05,Cradle Cost Mod,119,Unknown,72,1.36e147,E04,E05,124,564,33,33
E05,Cradle Cost Mod,120,Unknown,72,4.47e148,E04,E05,124,564,33,33
E05,Cradle Cost Mod,121,Unknown,72,1.48e150,E04,E05,124,564,33,33
E05,Cradle Cost Mod,122,Unknown,72,4.92e151,E04,E05,124,564,33,33
E05,Cradle Cost Mod,123,Unknown,72,1.65e153,E04,E05,124,564,33,33
E05,Cradle Cost Mod,124,Unknown,72,5.60e154,E04,E05,124,564,33,33
E05,Cradle Cost Mod,125,Unknown,72,1.91e156,E04,E05,124,564,33,33
E05,Cradle Cost Mod,126,Unknown,72,6.58e157,E04,E05,124,564,33,33
E05,Cradle Cost Mod,127,Unknown,72,2.28e159,E04,E05,124,564,33,33
E05,Cradle Cost Mod,128,Unknown,72,7.98e160,E04,E05,124,564,33,33
E05,Cradle Cost Mod,129,Unknown,72,2.81e162,E04,E05,124,564,33,33
E05,Cradle Cost Mod,130,Unknown,72,9.97e163,E04,E05,124,564,33,33
E05,Cradle Cost Mod,131,Unknown,72,3.57e165,E04,E05,124,564,33,33
E05,Cradle Cost Mod,132,Unknown,72,1.29e167,E04,E05,124,564,33,33
E05,Cradle Cost Mod,133,Unknown,72,4.67e168,E04,E05,124,564,33,33
E05,Cradle Cost Mod,134,Unknown,72,1.71e170,E04,E05,124,564,33,33
E05,Cradle Cost Mod,135,Unknown,72,6.29e171,E04,E05,124,564,33,33
E05,Cradle Cost Mod,136,Unknown,72,2.33e173,E04,E05,124,564,33,33
E05,Cradle Cost Mod,137,Unknown,72,8.72e174,E04,E05,124,564,33,33
E05,Cradle Cost Mod,138,Unknown,72,3.28e176,E04,E05,124,564,33,33
E05,Cradle Cost Mod,139,Unknown,72,1.25e178,E04,E05,124,564,33,33
E05,Cradle Cost Mod,140,Unknown,72,4.76e179,E04,E05,124,564,33,33
E05,Cradle Cost Mod,141,Unknown,72,1.83e181,E04,E05,124,564,33,33
E05,Cradle Cost Mod,142,Unknown,72,7.08e182,E04,E05,124,564,33,33
E05,Cradle Cost Mod,143,Unknown,72,2.76e184,E04,E05,124,564,33,33
E05,Cradle Cost Mod,144,Unknown,72,1.09e186,E04,E05,124,564,33,33
E05,Cradle Cost Mod,145,Unknown,72,4.29e187,E04,E05,124,564,33,33
E05,Cradle Cost Mod,146,Unknown,72,1.71e189,E04,E05,124,564,33,33
E05,Cradle Cost Mod,147,Unknown,72,6.85e190,E04,E05,124,564,33,33
E05,Cradle Cost Mod,148,Unknown,72,2.76e192,E04,E05,124,564,33,33
E05,Cradle Cost Mod,149,Unknown,72,1.12e194,E04,E05,124,564,33,33
E05,Cradle Cost Mod,150,Unknown,72,4.59e195,E04,E05,124,564,33,33
E05,Cradle Cost Mod,151,Unknown,72,1.89e197,E04,E05,124,564,33,33
E05,Cradle Cost Mod,152,Unknown,72,7.83e198,E04,E05,124,564,33,33
E05,Cradle Cost Mod,153,Unknown,72,3.27e200,E04,E05,124,564,33,33
E05,Cradle Cost Mod,154,Unknown,72,1.37e202,E04,E05,124,564,33,33
E05,Cradle Cost Mod,155,Unknown,72,5.79e203,E04,E05,124,564,33,33
E05,Cradle Cost Mod,156,Unknown,72,2.46e205,E04,E05,124,564,33,33
E05,Cradle Cost Mod,157,Unknown,72,1.05e207,E04,E05,124,564,33,33
E05,Cradle Cost Mod,158,Unknown,72,4.54e208,E04,E05,124,564,33,33
E05,Cradle Cost Mod,159,Unknown,72,1.97e210,E04,E05,124,564,33,33
E05,Cradle Cost Mod,160,Unknown,72,8.57e211,E04,E05,124,564,33,33
E05,Cradle Cost Mod,161,Unknown,72,3.76e213,E04,E05,124,564,33,33
E05,Cradle Cost Mod,162,Unknown,72,1.66e215,E04,E05,124,564,33,33
E05,Cradle Cost Mod,163,Unknown,72,7.37e216,E04,E05,124,564,33,33
E05,Cradle Cost Mod,164,Unknown,72,3.29e218,E04,E05,124,564,33,33
E05,Cradle Cost Mod,165,Unknown,72,1.48e220,E04,E05,124,564,33,33
E05,Cradle Cost Mod,166,Unknown,72,6.69e221,E04,E05,124,564,33,33
E05,Cradle Cost Mod,167,Unknown,72,3.04e223,E04,E05,124,564,33,33
E05,Cradle Cost Mod,168,Unknown,72,1.39e225,E04,E05,124,564,33,33
E05,Cradle Cost Mod,169,Unknown,72,6.41e226,E04,E05,124,564,33,33
E05,Cradle Cost Mod,170,Unknown,72,2.97e228,E04,E05,124,564,33,33
E05,Cradle Cost Mod,171,Unknown,72,1.38e230,E04,E05,124,564,33,33
E05,Cradle Cost Mod,172,Unknown,72,6.48e231,E04,E05,124,564,33,33
E05,Cradle Cost Mod,173,Unknown,72,3.05e233,E04,E05,124,564,33,33
E05,Cradle Cost Mod,174,Unknown,72,1.45e235,E04,E05,124,564,33,33
E05,Cradle Cost Mod,175,Unknown,72,6.89e236,E04,E05,124,564,33,33
E05,Cradle Cost Mod,176,Unknown,72,3.30e238,E04,E05,124,564,33,33
E05,Cradle Cost Mod,177,Unknown,72,1.59e240,E04,E05,124,564,33,33
E05,Cradle Cost Mod,178,Unknown,72,7.72e241,E04,E05,124,564,33,33
E05,Cradle Cost Mod,179,Unknown,72,3.76e243,E04,E05,124,564,33,33
E05,Cradle Cost Mod,180,Unknown,72,1.84e245,E04,E05,124,564,33,33
E05,Cradle Cost Mod,181,Unknown,72,9.09e246,E04,E05,124,564,33,33
E05,Cradle Cost Mod,182,Unknown,72,4.50e248,E04,E05,124,564,33,33
E05,Cradle Cost Mod,183,Unknown,72,2.24e250,E04,E05,124,564,33,33
E05,Cradle Cost Mod,184,Unknown,72,1.12e252,E04,E05,124,564,33,33
E05,Cradle Cost Mod,185,Unknown,72,5.66e253,E04,E05,124,564,33,33
E05,Cradle Cost Mod,186,Unknown,72,2.87e255,E04,E05,124,564,33,33
E05,Cradle Cost Mod,187,Unknown,72,1.46e257,E04,E05,124,564,33,33
E05,Cradle Cost Mod,188,Unknown,72,7.47e258,E04,E05,124,564,33,33
E05,Cradle Cost Mod,189,Unknown,72,3.84e260,E04,E05,124,564,33,33
E05,Cradle Cost Mod,190,Unknown,72,1.99e262,E04,E05,124,564,33,33
E05,Cradle Cost Mod,191,Unknown,72,1.03e264,E04,E05,124,564,33,33
E05,Cradle Cost Mod,192,Unknown,72,5.40e265,E04,E05,124,564,33,33
E05,Cradle Cost Mod,193,Unknown,72,2.84e267,E04,E05,124,564,33,33
E05,Cradle Cost Mod,194,Unknown,72,1.50e269,E04,E05,124,564,33,33
E05,Cradle Cost Mod,195,Unknown,72,7.95e270,E04,E05,124,564,33,33
E05,Cradle Cost Mod,196,Unknown,72,4.24e272,E04,E05,124,564,33,33
E05,Cradle Cost Mod,197,Unknown,72,2.27e274,E04,E05,124,564,33,33
E05,Cradle Cost Mod,198,Unknown,72,1.22e276,E04,E05,124,564,33,33
E05,Cradle Cost Mod,199,Unknown,72,6.63e277,E04,E05,124,564,33,33
E05,Cradle Cost Mod,200,Unknown,72,3.61e279,E04,E05,124,564,33,33
A01,Fast-Loop mk1,1,Loop Reset Reduction,73,1.00,,A01,440,655,33,33
A01,Fast-Loop mk1,2,Loop Reset Reduction,73,2.00,,A01,440,655,33,33
A01,Fast-Loop mk1,3,Loop Reset Reduction,73,6.00,,A01,440,655,33,33
A01,Fast-Loop mk1,4,Loop Reset Reduction,73,13.0,,A01,440,655,33,33
A01,Fast-Loop mk1,5,Loop Reset Reduction,73,27.0,,A01,440,655,33,33
A02,Unlock Mod: Daily,1,Unknown,74,1.00,A01,A02,396,678,35,30
A03,Unlock Mod: Arcade,1,Unknown,75,2.00,A01,A03,487,678,35,29
A04,Fast-Loop mk2,1,Loop Reset Reduction,76,40.0,A01,A04,439,703,34,35
A04,Fast-Loop mk2,2,Loop Reset Reduction,76,105,A01,A04,439,703,34,35
A04,Fast-Loop mk2,3,Loop Reset Reduction,76,296,A01,A04,439,703,34,35
A04,Fast-Loop mk2,4,Loop Reset Reduction,76,884,A01,A04,439,703,34,35
A05,Fast-Loop mk3,1,Loop Reset Reduction,77,325k,A04,A05,438,742,34,36
A05,Fast-Loop mk3,2,Loop Reset Reduction,77,1.22m,A04,A05,438,742,34,36
A05,Fast-Loop mk3,3,Loop Reset Reduction,77,5.94m,A04,A05,438,742,34,36
A08,Rule of Seven,1,MP,78,7.78sp,A07,A08,516,781,32,33
A08,Rule of Seven,2,MP,78,1.56e40,A07,A08,516,781,32,33
A08,Rule of Seven,3,MP,78,7.00e55,A07,A08,516,781,32,33
A08,Rule of Seven,4,MP,78,4.98e71,A07,A08,516,781,32,33
A08,Rule of Seven,5,MP,78,4.86e87,A07,A08,516,781,32,33
A08,Rule of Seven,6,MP,78,6.05e103,A07,A08,516,781,32,33
A08,Rule of Seven,7,MP,78,9.15e119,A07,A08,516,781,32,33
A08,Rule of Seven,8,MP,78,1.63e136,A07,A08,516,781,32,33
A08,Rule of Seven,9,MP,78,3.35e152,A07,A08,516,781,32,33
A08,Rule of Seven,10,MP,78,7.78e168,A07,A08,516,781,32,33
A08,Rule of Seven,11,MP,78,2.02e185,A07,A08,516,781,32,33
A08,Rule of Seven,12,MP,78,5.78e201,A07,A08,516,781,32,33
A08,Rule of Seven,13,MP,78,1.81e218,A07,A08,516,781,32,33
A08,Rule of Seven,14,MP,78,6.17e234,A07,A08,516,781,32,33
A08,Rule of Seven,15,MP,78,2.27e251,A07,A08,516,781,32,33
A08,Rule of Seven,16,MP,78,8.97e267,A07,A08,516,781,32,33
A08,Rule of Seven,17,MP,78,3.78e284,A07,A08,516,781,32,33
A08,Rule of Seven,18,MP,78,1.70e301,A07,A08,516,781,32,33
A08,Rule of Seven,19,MP,78,8.10e317,A07,A08,516,781,32,33
A08,Rule of Seven,20,MP,78,4.08e334,A07,A08,516,781,32,33
A08,Rule of Seven,21,MP,78,2.16e351,A07,A08,516,781,32,33
A08,Rule of Seven,22,MP,78,1.21e368,A07,A08,516,781,32,33
A08,Rule of Seven,23,MP,78,7.06e384,A07,A08,516,781,32,33
A07,MP Optimization mk1,1,MP,79,30.0m,A06,A07,479,781,32,32
A07,MP Optimization mk1,2,MP,79,1.20t,A06,A07,479,781,32,32
A07,MP Optimization mk1,3,MP,79,81.0qa,A06,A07,479,781,32,32
A07,MP Optimization mk1,4,MP,79,7.68sx,A06,A07,479,781,32,32
A07,MP Optimization mk1,5,MP,79,937sp,A06,A07,479,781,32,32
A07,MP Optimization mk1,6,MP,79,140n,A06,A07,479,781,32,32
A07,MP Optimization mk1,7,MP,79,2.47e37,A06,A07,479,781,32,32
A07,MP Optimization mk1,8,MP,79,5.03e42,A06,A07,479,781,32,32
A07,MP Optimization mk1,9,MP,79,1.16e48,A06,A07,479,781,32,32
A07,MP Optimization mk1,10,MP,79,3.00e53,A06,A07,479,781,32,32
A06,Fast-Loop mk4,1,Loop Reset Reduction,80,970m,A05,A06,439,781,32,35
A06,Fast-Loop mk4,2,Loop Reset Reduction,80,117b,A05,A06,439,781,32,35
A11,G-Corp Enhancement,1,MP,81,10.0sp,A09,A11,401,818,33,32
A11,G-Corp Enhancement,2,MP,81,200d,A09,A11,401,818,33,32
A11,G-Corp Enhancement,3,MP,81,9.00e45,A09,A11,401,818,33,32
A11,G-Corp Enhancement,4,MP,81,6.40e56,A09,A11,401,818,33,32
A11,G-Corp Enhancement,5,MP,81,6.25e67,A09,A11,401,818,33,32
A11,G-Corp Enhancement,6,MP,81,7.78e78,A09,A11,401,818,33,32
A11,G-Corp Enhancement,7,MP,81,1.18e90,A09,A11,401,818,33,32
A11,G-Corp Enhancement,8,MP,81,2.10e101,A09,A11,401,818,33,32
A11,G-Corp Enhancement,9,MP,81,4.30e112,A09,A11,401,818,33,32
A11,G-Corp Enhancement,10,MP,81,1.00e124,A09,A11,401,818,33,32
A11,G-Corp Enhancement,11,MP,81,2.59e135,A09,A11,401,818,33,32
A11,G-Corp Enhancement,12,MP,81,7.43e146,A09,A11,401,818,33,32
A11,G-Corp Enhancement,13,MP,81,2.33e158,A09,A11,401,818,33,32
A11,G-Corp Enhancement,14,MP,81,7.94e169,A09,A11,401,818,33,32
A11,G-Corp Enhancement,15,MP,81,2.92e181,A09,A11,401,818,33,32
A11,G-Corp Enhancement,16,MP,81,1.15e193,A09,A11,401,818,33,32
A11,G-Corp Enhancement,17,MP,81,4.87e204,A09,A11,401,818,33,32
A11,G-Corp Enhancement,18,MP,81,2.19e216,A09,A11,401,818,33,32
A11,G-Corp Enhancement,19,MP,81,1.04e228,A09,A11,401,818,33,32
A11,G-Corp Enhancement,20,MP,81,5.24e239,A09,A11,401,818,33,32
A11,G-Corp Enhancement,21,MP,81,2.78e251,A09,A11,401,818,33,32
A11,G-Corp Enhancement,22,MP,81,1.55e263,A09,A11,401,818,33,32
A11,G-Corp Enhancement,23,MP,81,9.08e274,A09,A11,401,818,33,32
A11,G-Corp Enhancement,24,MP,81,5.56e286,A09,A11,401,818,33,32
A11,G-Corp Enhancement,25,MP,81,3.55e298,A09,A11,401,818,33,32
A11,G-Corp Enhancement,26,MP,81,2.37e310,A09,A11,401,818,33,32
A11,G-Corp Enhancement,27,MP,81,1.64e322,A09,A11,401,818,33,32
A11,G-Corp Enhancement,28,MP,81,1.18e334,A09,A11,401,818,33,32
A11,G-Corp Enhancement,29,MP,81,8.85e345,A09,A11,401,818,33,32
A11,G-Corp Enhancement,30,MP,81,6.86e357,A09,A11,401,818,33,32
A11,G-Corp Enhancement,31,MP,81,5.51e369,A09,A11,401,818,33,32
A11,G-Corp Enhancement,32,MP,81,4.57e381,A09,A11,401,818,33,32
A11,G-Corp Enhancement,33,MP,81,3.91e393,A09,A11,401,818,33,32
A09,Fast-Loop mk5,1,Loop Reset Reduction,82,10.5qa,A06,A09,438,818,33,36
A10,MP Optimization mk2,1,MP,83,30.0sp,A09,A10,479,818,33,33
A10,MP Optimization mk2,2,MP,83,34.4sp,A09,A10,479,818,33,33
A10,MP Optimization mk2,3,MP,83,40.1sp,A09,A10,479,818,33,33
A10,MP Optimization mk2,4,MP,83,47.6sp,A09,A10,479,818,33,33
A10,MP Optimization mk2,5,MP,83,57.4sp,A09,A10,479,818,33,33
A10,MP Optimization mk2,6,MP,83,70.4sp,A09,A10,479,818,33,33
A10,MP Optimization mk2,7,MP,83,87.7sp,A09,A10,479,818,33,33
A10,MP Optimization mk2,8,MP,83,111sp,A09,A10,479,818,33,33
A10,MP Optimization mk2,9,MP,83,143sp,A09,A10,479,818,33,33
A10,MP Optimization mk2,10,MP,83,187sp,A09,A10,479,818,33,33
A10,MP Optimization mk2,11,MP,83,248sp,A09,A10,479,818,33,33
A10,MP Optimization mk2,12,MP,83,334sp,A09,A10,479,818,33,33
A10,MP Optimization mk2,13,MP,83,457sp,A09,A10,479,818,33,33
A10,MP Optimization mk2,14,MP,83,634sp,A09,A10,479,818,33,33
A10,MP Optimization mk2,15,MP,83,894sp,A09,A10,479,818,33,33
A10,MP Optimization mk2,16,MP,83,1.28o,A09,A10,479,818,33,33
A10,MP Optimization mk2,17,MP,83,1.86o,A09,A10,479,818,33,33
A10,MP Optimization mk2,18,MP,83,2.73o,A09,A10,479,818,33,33
A10,MP Optimization mk2,19,MP,83,4.08o,A09,A10,479,818,33,33
A10,MP Optimization mk2,20,MP,83,6.19o,A09,A10,479,818,33,33
A10,MP Optimization mk2,21,MP,83,9.50o,A09,A10,479,818,33,33
A10,MP Optimization mk2,22,MP,83,14.8o,A09,A10,479,818,33,33
A10,MP Optimization mk2,23,MP,83,23.4o,A09,A10,479,818,33,33
A10,MP Optimization mk2,24,MP,83,37.4o,A09,A10,479,818,33,33
A10,MP Optimization mk2,25,MP,83,60.7o,A09,A10,479,818,33,33
A10,MP Optimization mk2,26,MP,83,99.7o,A09,A10,479,818,33,33
A10,MP Optimization mk2,27,MP,83,166o,A09,A10,479,818,33,33
A10,MP Optimization mk2,28,MP,83,280o,A09,A10,479,818,33,33
A10,MP Optimization mk2,29,MP,83,479o,A09,A10,479,818,33,33
A10,MP Optimization mk2,30,MP,83,828o,A09,A10,479,818,33,33
A10,MP Optimization mk2,31,MP,83,1.45n,A09,A10,479,818,33,33
A10,MP Optimization mk2,32,MP,83,2.58n,A09,A10,479,818,33,33
A10,MP Optimization mk2,33,MP,83,4.63n,A09,A10,479,818,33,33
A10,MP Optimization mk2,34,MP,83,8.42n,A09,A10,479,818,33,33
A10,MP Optimization mk2,35,MP,83,15.5n,A09,A10,479,818,33,33
A10,MP Optimization mk2,36,MP,83,28.9n,A09,A10,479,818,33,33
A10,MP Optimization mk2,37,MP,83,54.5n,A09,A10,479,818,33,33
A10,MP Optimization mk2,38,MP,83,104n,A09,A10,479,818,33,33
A10,MP Optimization mk2,39,MP,83,201n,A09,A10,479,818,33,33
A10,MP Optimization mk2,40,MP,83,392n,A09,A10,479,818,33,33
A10,MP Optimization mk2,41,MP,83,774n,A09,A10,479,818,33,33
A10,MP Optimization mk2,42,MP,83,1.55d,A09,A10,479,818,33,33
A10,MP Optimization mk2,43,MP,83,3.12d,A09,A10,479,818,33,33
A10,MP Optimization mk2,44,MP,83,6.38d,A09,A10,479,818,33,33
A10,MP Optimization mk2,45,MP,83,13.2d,A09,A10,479,818,33,33
A10,MP Optimization mk2,46,MP,83,27.5d,A09,A10,479,818,33,33
A10,MP Optimization mk2,47,MP,83,58.1d,A09,A10,479,818,33,33
A10,MP Optimization mk2,48,MP,83,124d,A09,A10,479,818,33,33
A10,MP Optimization mk2,49,MP,83,268d,A09,A10,479,818,33,33
A10,MP Optimization mk2,50,MP,83,584d,A09,A10,479,818,33,33
A10,MP Optimization mk2,51,MP,83,1.29e36,A09,A10,479,818,33,33
A10,MP Optimization mk2,52,MP,83,2.86e36,A09,A10,479,818,33,33
A10,MP Optimization mk2,53,MP,83,6.44e36,A09,A10,479,818,33,33
A10,MP Optimization mk2,54,MP,83,1.46e37,A09,A10,479,818,33,33
A10,MP Optimization mk2,55,MP,83,3.36e37,A09,A10,479,818,33,33
A10,MP Optimization mk2,56,MP,83,7.78e37,A09,A10,479,818,33,33
A10,MP Optimization mk2,57,MP,83,1.82e38,A09,A10,479,818,33,33
A10,MP Optimization mk2,58,MP,83,4.31e38,A09,A10,479,818,33,33
A10,MP Optimization mk2,59,MP,83,1.03e39,A09,A10,479,818,33,33
A10,MP Optimization mk2,60,MP,83,2.48e39,A09,A10,479,818,33,33
A10,MP Optimization mk2,61,MP,83,6.04e39,A09,A10,479,818,33,33
A10,MP Optimization mk2,62,MP,83,1.49e40,A09,A10,479,818,33,33
A10,MP Optimization mk2,63,MP,83,3.69e40,A09,A10,479,818,33,33
A10,MP Optimization mk2,64,MP,83,9.23e40,A09,A10,479,818,33,33
A10,MP Optimization mk2,65,MP,83,2.33e41,A09,A10,479,818,33,33
A10,MP Optimization mk2,66,MP,83,5.96e41,A09,A10,479,818,33,33
A10,MP Optimization mk2,67,MP,83,1.53e42,A09,A10,479,818,33,33
A10,MP Optimization mk2,68,MP,83,3.99e42,A09,A10,479,818,33,33
A10,MP Optimization mk2,69,MP,83,1.05e43,A09,A10,479,818,33,33
A10,MP Optimization mk2,70,MP,83,2.77e43,A09,A10,479,818,33,33
A10,MP Optimization mk2,71,MP,83,7.40e43,A09,A10,479,818,33,33
A10,MP Optimization mk2,72,MP,83,1.99e44,A09,A10,479,818,33,33
A10,MP Optimization mk2,73,MP,83,5.42e44,A09,A10,479,818,33,33
A10,MP Optimization mk2,74,MP,83,1.49e45,A09,A10,479,818,33,33
A10,MP Optimization mk2,75,MP,83,4.11e45,A09,A10,479,818,33,33
A10,MP Optimization mk2,76,MP,83,1.15e46,A09,A10,479,818,33,33
A10,MP Optimization mk2,77,MP,83,3.22e46,A09,A10,479,818,33,33
A10,MP Optimization mk2,78,MP,83,9.15e46,A09,A10,479,818,33,33
A10,MP Optimization mk2,79,MP,83,2.62e47,A09,A10,479,818,33,33
A10,MP Optimization mk2,80,MP,83,7.55e47,A09,A10,479,818,33,33
A10,MP Optimization mk2,81,MP,83,2.20e48,A09,A10,479,818,33,33
A10,MP Optimization mk2,82,MP,83,6.44e48,A09,A10,479,818,33,33
A10,MP Optimization mk2,83,MP,83,1.91e49,A09,A10,479,818,33,33
A10,MP Optimization mk2,84,MP,83,5.68e49,A09,A10,479,818,33,33
A10,MP Optimization mk2,85,MP,83,1.71e50,A09,A10,479,818,33,33
A10,MP Optimization mk2,86,MP,83,5.17e50,A09,A10,479,818,33,33
A10,MP Optimization mk2,87,MP,83,1.58e51,A09,A10,479,818,33,33
A10,MP Optimization mk2,88,MP,83,4.86e51,A09,A10,479,818,33,33
A10,MP Optimization mk2,89,MP,83,1.51e52,A09,A10,479,818,33,33
A10,MP Optimization mk2,90,MP,83,4.71e52,A09,A10,479,818,33,33
A10,MP Optimization mk2,91,MP,83,1.49e53,A09,A10,479,818,33,33
A10,MP Optimization mk2,92,MP,83,4.72e53,A09,A10,479,818,33,33
A10,MP Optimization mk2,93,MP,83,1.51e54,A09,A10,479,818,33,33
A10,MP Optimization mk2,94,MP,83,4.86e54,A09,A10,479,818,33,33
A10,MP Optimization mk2,95,MP,83,1.58e55,A09,A10,479,818,33,33
A10,MP Optimization mk2,96,MP,83,5.17e55,A09,A10,479,818,33,33
A10,MP Optimization mk2,97,MP,83,1.70e56,A09,A10,479,818,33,33
A10,MP Optimization mk2,98,MP,83,5.66e56,A09,A10,479,818,33,33
A10,MP Optimization mk2,99,MP,83,1.89e57,A09,A10,479,818,33,33
A10,MP Optimization mk2,100,MP,83,6.38e57,A09,A10,479,818,33,33
A10,MP Optimization mk2,101,MP,83,2.17e58,A09,A10,479,818,33,33
A10,MP Optimization mk2,102,MP,83,7.41e58,A09,A10,479,818,33,33
A10,MP Optimization mk2,103,MP,83,2.55e59,A09,A10,479,818,33,33
A10,MP Optimization mk2,104,MP,83,8.85e59,A09,A10,479,818,33,33
A10,MP Optimization mk2,105,MP,83,3.09e60,A09,A10,479,818,33,33
A10,MP Optimization mk2,106,MP,83,1.09e61,A09,A10,479,818,33,33
A10,MP Optimization mk2,107,MP,83,3.85e61,A09,A10,479,818,33,33
A10,MP Optimization mk2,108,MP,83,1.37e62,A09,A10,479,818,33,33
A10,MP Optimization mk2,109,MP,83,4.93e62,A09,A10,479,818,33,33
A10,MP Optimization mk2,110,MP,83,1.78e63,A09,A10,479,818,33,33
A10,MP Optimization mk2,111,MP,83,6.50e63,A09,A10,479,818,33,33
A10,MP Optimization mk2,112,MP,83,2.38e64,A09,A10,479,818,33,33
A10,MP Optimization mk2,113,MP,83,8.79e64,A09,A10,479,818,33,33
A10,MP Optimization mk2,114,MP,83,3.26e65,A09,A10,479,818,33,33
A10,MP Optimization mk2,115,MP,83,1.22e66,A09,A10,479,818,33,33
A10,MP Optimization mk2,116,MP,83,4.60e66,A09,A10,479,818,33,33
A10,MP Optimization mk2,117,MP,83,1.74e67,A09,A10,479,818,33,33
A10,MP Optimization mk2,118,MP,83,6.64e67,A09,A10,479,818,33,33
A10,MP Optimization mk2,119,MP,83,2.55e68,A09,A10,479,818,33,33
A10,MP Optimization mk2,120,MP,83,9.85e68,A09,A10,479,818,33,33
A10,MP Optimization mk2,121,MP,83,3.83e69,A09,A10,479,818,33,33
A10,MP Optimization mk2,122,MP,83,1.50e70,A09,A10,479,818,33,33
A10,MP Optimization mk2,123,MP,83,5.91e70,A09,A10,479,818,33,33
A10,MP Optimization mk2,124,MP,83,2.34e71,A09,A10,479,818,33,33
A10,MP Optimization mk2,125,MP,83,9.34e71,A09,A10,479,818,33,33
A10,MP Optimization mk2,126,MP,83,3.75e72,A09,A10,479,818,33,33
A10,MP Optimization mk2,127,MP,83,1.51e73,A09,A10,479,818,33,33
A10,MP Optimization mk2,128,MP,83,6.15e73,A09,A10,479,818,33,33
A10,MP Optimization mk2,129,MP,83,2.51e74,A09,A10,479,818,33,33
A10,MP Optimization mk2,130,MP,83,1.03e75,A09,A10,479,818,33,33
A10,MP Optimization mk2,131,MP,83,4.28e75,A09,A10,479,818,33,33
A10,MP Optimization mk2,132,MP,83,1.78e76,A09,A10,479,818,33,33
A10,MP Optimization mk2,133,MP,83,7.47e76,A09,A10,479,818,33,33
A10,MP Optimization mk2,134,MP,83,3.15e77,A09,A10,479,818,33,33
A10,MP Optimization mk2,135,MP,83,1.33e78,A09,A10,479,818,33,33
A10,MP Optimization mk2,136,MP,83,5.69e78,A09,A10,479,818,33,33
A10,MP Optimization mk2,137,MP,83,2.44e79,A09,A10,479,818,33,33
A10,MP Optimization mk2,138,MP,83,1.05e80,A09,A10,479,818,33,33
A10,MP Optimization mk2,139,MP,83,4.57e80,A09,A10,479,818,33,33
A10,MP Optimization mk2,140,MP,83,1.99e81,A09,A10,479,818,33,33
A10,MP Optimization mk2,141,MP,83,8.75e81,A09,A10,479,818,33,33
A10,MP Optimization mk2,142,MP,83,3.86e82,A09,A10,479,818,33,33
A10,MP Optimization mk2,143,MP,83,1.72e83,A09,A10,479,818,33,33
A10,MP Optimization mk2,144,MP,83,7.66e83,A09,A10,479,818,33,33
A10,MP Optimization mk2,145,MP,83,3.44e84,A09,A10,479,818,33,33
A10,MP Optimization mk2,146,MP,83,1.55e85,A09,A10,479,818,33,33
A10,MP Optimization mk2,147,MP,83,7.06e85,A09,A10,479,818,33,33
A10,MP Optimization mk2,148,MP,83,3.22e86,A09,A10,479,818,33,33
A10,MP Optimization mk2,149,MP,83,1.48e87,A09,A10,479,818,33,33
A10,MP Optimization mk2,150,MP,83,6.83e87,A09,A10,479,818,33,33
A10,MP Optimization mk2,151,MP,83,3.17e88,A09,A10,479,818,33,33
A10,MP Optimization mk2,152,MP,83,1.48e89,A09,A10,479,818,33,33
A10,MP Optimization mk2,153,MP,83,6.95e89,A09,A10,479,818,33,33
A10,MP Optimization mk2,154,MP,83,3.28e90,A09,A10,479,818,33,33
A10,MP Optimization mk2,155,MP,83,1.56e91,A09,A10,479,818,33,33
A10,MP Optimization mk2,156,MP,83,7.42e91,A09,A10,479,818,33,33
A10,MP Optimization mk2,157,MP,83,3.56e92,A09,A10,479,818,33,33
A10,MP Optimization mk2,158,MP,83,1.71e93,A09,A10,479,818,33,33
A10,MP Optimization mk2,159,MP,83,8.31e93,A09,A10,479,818,33,33
A10,MP Optimization mk2,160,MP,83,4.05e94,A09,A10,479,818,33,33
A10,MP Optimization mk2,161,MP,83,1.98e95,A09,A10,479,818,33,33
A10,MP Optimization mk2,162,MP,83,9.75e95,A09,A10,479,818,33,33
A10,MP Optimization mk2,163,MP,83,4.82e96,A09,A10,479,818,33,33
A10,MP Optimization mk2,164,MP,83,2.40e97,A09,A10,479,818,33,33
A10,MP Optimization mk2,165,MP,83,1.20e98,A09,A10,479,818,33,33
A10,MP Optimization mk2,166,MP,83,6.02e98,A09,A10,479,818,33,33
A10,MP Optimization mk2,167,MP,83,3.04e99,A09,A10,479,818,33,33
A10,MP Optimization mk2,168,MP,83,1.54e100,A09,A10,479,818,33,33
A10,MP Optimization mk2,169,MP,83,7.87e100,A09,A10,479,818,33,33
A10,MP Optimization mk2,170,MP,83,4.04e101,A09,A10,479,818,33,33
A10,MP Optimization mk2,171,MP,83,2.08e102,A09,A10,479,818,33,33
A10,MP Optimization mk2,172,MP,83,1.08e103,A09,A10,479,818,33,33
A10,MP Optimization mk2,173,MP,83,5.60e103,A09,A10,479,818,33,33
A10,MP Optimization mk2,174,MP,83,2.93e104,A09,A10,479,818,33,33
A10,MP Optimization mk2,175,MP,83,1.54e105,A09,A10,479,818,33,33
A10,MP Optimization mk2,176,MP,83,8.12e105,A09,A10,479,818,33,33
A10,MP Optimization mk2,177,MP,83,4.31e106,A09,A10,479,818,33,33
A10,MP Optimization mk2,178,MP,83,2.30e107,A09,A10,479,818,33,33
A10,MP Optimization mk2,179,MP,83,1.23e108,A09,A10,479,818,33,33
A10,MP Optimization mk2,180,MP,83,6.62e108,A09,A10,479,818,33,33
A10,MP Optimization mk2,181,MP,83,3.58e109,A09,A10,479,818,33,33
A10,MP Optimization mk2,182,MP,83,1.94e110,A09,A10,479,818,33,33
A10,MP Optimization mk2,183,MP,83,1.06e111,A09,A10,479,818,33,33
A10,MP Optimization mk2,184,MP,83,5.82e111,A09,A10,479,818,33,33
A10,MP Optimization mk2,185,MP,83,3.21e112,A09,A10,479,818,33,33
A10,MP Optimization mk2,186,MP,83,1.78e113,A09,A10,479,818,33,33
A10,MP Optimization mk2,187,MP,83,9.88e113,A09,A10,479,818,33,33
A10,MP Optimization mk2,188,MP,83,5.52e114,A09,A10,479,818,33,33
A10,MP Optimization mk2,189,MP,83,3.10e115,A09,A10,479,818,33,33
A10,MP Optimization mk2,190,MP,83,1.75e116,A09,A10,479,818,33,33
A10,MP Optimization mk2,191,MP,83,9.90e116,A09,A10,479,818,33,33
A10,MP Optimization mk2,192,MP,83,5.63e117,A09,A10,479,818,33,33
A10,MP Optimization mk2,193,MP,83,3.22e118,A09,A10,479,818,33,33
A10,MP Optimization mk2,194,MP,83,1.85e119,A09,A10,479,818,33,33
A10,MP Optimization mk2,195,MP,83,1.07e120,A09,A10,479,818,33,33
A10,MP Optimization mk2,196,MP,83,6.18e120,A09,A10,479,818,33,33
A10,MP Optimization mk2,197,MP,83,3.59e121,A09,A10,479,818,33,33
A10,MP Optimization mk2,198,MP,83,2.10e122,A09,A10,479,818,33,33
A10,MP Optimization mk2,199,MP,83,1.23e123,A09,A10,479,818,33,33
A10,MP Optimization mk2,200,MP,83,7.27e123,A09,A10,479,818,33,33
A10,MP Optimization mk2,201,MP,83,4.31e124,A09,A10,479,818,33,33
A10,MP Optimization mk2,202,MP,83,2.56e125,A09,A10,479,818,33,33
A10,MP Optimization mk2,203,MP,83,1.53e126,A09,A10,479,818,33,33
A10,MP Optimization mk2,204,MP,83,9.18e126,A09,A10,479,818,33,33
A10,MP Optimization mk2,205,MP,83,5.53e127,A09,A10,479,818,33,33
A10,MP Optimization mk2,206,MP,83,3.35e128,A09,A10,479,818,33,33
A10,MP Optimization mk2,207,MP,83,2.03e129,A09,A10,479,818,33,33
A10,MP Optimization mk2,208,MP,83,1.24e130,A09,A10,479,818,33,33
A10,MP Optimization mk2,209,MP,83,7.61e130,A09,A10,479,818,33,33
A10,MP Optimization mk2,210,MP,83,4.68e131,A09,A10,479,818,33,33
A10,MP Optimization mk2,211,MP,83,2.90e132,A09,A10,479,818,33,33
A10,MP Optimization mk2,212,MP,83,1.80e133,A09,A10,479,818,33,33
A10,MP Optimization mk2,213,MP,83,1.12e134,A09,A10,479,818,33,33
A10,MP Optimization mk2,214,MP,83,7.01e134,A09,A10,479,818,33,33
A10,MP Optimization mk2,215,MP,83,4.41e135,A09,A10,479,818,33,33
A10,MP Optimization mk2,216,MP,83,2.78e136,A09,A10,479,818,33,33
A10,MP Optimization mk2,217,MP,83,1.76e137,A09,A10,479,818,33,33
A10,MP Optimization mk2,218,MP,83,1.12e138,A09,A10,479,818,33,33
A10,MP Optimization mk2,219,MP,83,7.16e138,A09,A10,479,818,33,33
A10,MP Optimization mk2,220,MP,83,4.59e139,A09,A10,479,818,33,33
A10,MP Optimization mk2,221,MP,83,2.96e140,A09,A10,479,818,33,33
A10,MP Optimization mk2,222,MP,83,1.91e141,A09,A10,479,818,33,33
A10,MP Optimization mk2,223,MP,83,1.24e142,A09,A10,479,818,33,33
A10,MP Optimization mk2,224,MP,83,8.09e142,A09,A10,479,818,33,33
A10,MP Optimization mk2,225,MP,83,5.30e143,A09,A10,479,818,33,33
A10,MP Optimization mk2,226,MP,83,3.48e144,A09,A10,479,818,33,33
A10,MP Optimization mk2,227,MP,83,2.30e145,A09,A10,479,818,33,33
A10,MP Optimization mk2,228,MP,83,1.52e146,A09,A10,479,818,33,33
A10,MP Optimization mk2,229,MP,83,1.01e147,A09,A10,479,818,33,33
A10,MP Optimization mk2,230,MP,83,6.75e147,A09,A10,479,818,33,33
A10,MP Optimization mk2,231,MP,83,4.52e148,A09,A10,479,818,33,33
A10,MP Optimization mk2,232,MP,83,3.04e149,A09,A10,479,818,33,33
A10,MP Optimization mk2,233,MP,83,2.05e150,A09,A10,479,818,33,33
A10,MP Optimization mk2,234,MP,83,1.39e151,A09,A10,479,818,33,33
A10,MP Optimization mk2,235,MP,83,9.47e151,A09,A10,479,818,33,33
A10,MP Optimization mk2,236,MP,83,6.47e152,A09,A10,479,818,33,33
A10,MP Optimization mk2,237,MP,83,4.43e153,A09,A10,479,818,33,33
A10,MP Optimization mk2,238,MP,83,3.05e154,A09,A10,479,818,33,33
A10,MP Optimization mk2,239,MP,83,2.11e155,A09,A10,479,818,33,33
A10,MP Optimization mk2,240,MP,83,1.46e156,A09,A10,479,818,33,33
A10,MP Optimization mk2,241,MP,83,1.02e157,A09,A10,479,818,33,33
A10,MP Optimization mk2,242,MP,83,7.11e157,A09,A10,479,818,33,33
A10,MP Optimization mk2,243,MP,83,4.99e158,A09,A10,479,818,33,33
A10,MP Optimization mk2,244,MP,83,3.51e159,A09,A10,479,818,33,33
A10,MP Optimization mk2,245,MP,83,2.48e160,A09,A10,479,818,33,33
A10,MP Optimization mk2,246,MP,83,1.76e161,A09,A10,479,818,33,33
A10,MP Optimization mk2,247,MP,83,1.25e162,A09,A10,479,818,33,33
A10,MP Optimization mk2,248,MP,83,8.94e162,A09,A10,479,818,33,33
A10,MP Optimization mk2,249,MP,83,6.41e163,A09,A10,479,818,33,33
A10,MP Optimization mk2,250,MP,83,4.61e164,A09,A10,479,818,33,33
A10,MP Optimization mk2,251,MP,83,3.33e165,A09,A10,479,818,33,33
A10,MP Optimization mk2,252,MP,83,2.42e166,A09,A10,479,818,33,33
A10,MP Optimization mk2,253,MP,83,1.76e167,A09,A10,479,818,33,33
A10,MP Optimization mk2,254,MP,83,1.28e168,A09,A10,479,818,33,33
A10,MP Optimization mk2,255,MP,83,9.40e168,A09,A10,479,818,33,33
A10,MP Optimization mk2,256,MP,83,6.91e169,A09,A10,479,818,33,33
A10,MP Optimization mk2,257,MP,83,5.10e170,A09,A10,479,818,33,33
A10,MP Optimization mk2,258,MP,83,3.78e171,A09,A10,479,818,33,33
A10,MP Optimization mk2,259,MP,83,2.81e172,A09,A10,479,818,33,33
A10,MP Optimization mk2,260,MP,83,2.09e173,A09,A10,479,818,33,33
A10,MP Optimization mk2,261,MP,83,1.57e174,A09,A10,479,818,33,33
A10,MP Optimization mk2,262,MP,83,1.18e175,A09,A10,479,818,33,33
A10,MP Optimization mk2,263,MP,83,8.86e175,A09,A10,479,818,33,33
A10,MP Optimization mk2,264,MP,83,6.70e176,A09,A10,479,818,33,33
A10,MP Optimization mk2,265,MP,83,5.09e177,A09,A10,479,818,33,33
A10,MP Optimization mk2,266,MP,83,3.87e178,A09,A10,479,818,33,33
A10,MP Optimization mk2,267,MP,83,2.96e179,A09,A10,479,818,33,33
A10,MP Optimization mk2,268,MP,83,2.27e180,A09,A10,479,818,33,33
A10,MP Optimization mk2,269,MP,83,1.75e181,A09,A10,479,818,33,33
A10,MP Optimization mk2,270,MP,83,1.35e182,A09,A10,479,818,33,33
A10,MP Optimization mk2,271,MP,83,1.04e183,A09,A10,479,818,33,33
A10,MP Optimization mk2,272,MP,83,8.11e183,A09,A10,479,818,33,33
A10,MP Optimization mk2,273,MP,83,6.33e184,A09,A10,479,818,33,33
A10,MP Optimization mk2,274,MP,83,4.95e185,A09,A10,479,818,33,33
A10,MP Optimization mk2,275,MP,83,3.89e186,A09,A10,479,818,33,33
A10,MP Optimization mk2,276,MP,83,3.06e187,A09,A10,479,818,33,33
A10,MP Optimization mk2,277,MP,83,2.42e188,A09,A10,479,818,33,33
A10,MP Optimization mk2,278,MP,83,1.92e189,A09,A10,479,818,33,33
A10,MP Optimization mk2,279,MP,83,1.53e190,A09,A10,479,818,33,33
A10,MP Optimization mk2,280,MP,83,1.22e191,A09,A10,479,818,33,33
A10,MP Optimization mk2,281,MP,83,9.76e191,A09,A10,479,818,33,33
A10,MP Optimization mk2,282,MP,83,7.84e192,A09,A10,479,818,33,33
A10,MP Optimization mk2,283,MP,83,6.32e193,A09,A10,479,818,33,33
A10,MP Optimization mk2,284,MP,83,5.11e194,A09,A10,479,818,33,33
A10,MP Optimization mk2,285,MP,83,4.15e195,A09,A10,479,818,33,33
A10,MP Optimization mk2,286,MP,83,3.38e196,A09,A10,479,818,33,33
A10,MP Optimization mk2,287,MP,83,2.76e197,A09,A10,479,818,33,33
A10,MP Optimization mk2,288,MP,83,2.26e198,A09,A10,479,818,33,33
A10,MP Optimization mk2,289,MP,83,1.86e199,A09,A10,479,818,33,33
A10,MP Optimization mk2,290,MP,83,1.53e200,A09,A10,479,818,33,33
A10,MP Optimization mk2,291,MP,83,1.27e201,A09,A10,479,818,33,33
A10,MP Optimization mk2,292,MP,83,1.05e202,A09,A10,479,818,33,33
A10,MP Optimization mk2,293,MP,83,8.75e202,A09,A10,479,818,33,33
A10,MP Optimization mk2,294,MP,83,7.30e203,A09,A10,479,818,33,33
A10,MP Optimization mk2,295,MP,83,6.12e204,A09,A10,479,818,33,33
A10,MP Optimization mk2,296,MP,83,5.14e205,A09,A10,479,818,33,33
A10,MP Optimization mk2,297,MP,83,4.33e206,A09,A10,479,818,33,33
A10,MP Optimization mk2,298,MP,83,3.67e207,A09,A10,479,818,33,33
A10,MP Optimization mk2,299,MP,83,3.11e208,A09,A10,479,818,33,33
A10,MP Optimization mk2,300,MP,83,2.65e209,A09,A10,479,818,33,33
A10,MP Optimization mk2,301,MP,83,2.26e210,A09,A10,479,818,33,33
A10,MP Optimization mk2,302,MP,83,1.93e211,A09,A10,479,818,33,33
A10,MP Optimization mk2,303,MP,83,1.66e212,A09,A10,479,818,33,33
A10,MP Optimization mk2,304,MP,83,1.43e213,A09,A10,479,818,33,33
A10,MP Optimization mk2,305,MP,83,1.24e214,A09,A10,479,818,33,33
A10,MP Optimization mk2,306,MP,83,1.07e215,A09,A10,479,818,33,33
A10,MP Optimization mk2,307,MP,83,9.31e215,A09,A10,479,818,33,33
A10,MP Optimization mk2,308,MP,83,8.12e216,A09,A10,479,818,33,33
A10,MP Optimization mk2,309,MP,83,7.10e217,A09,A10,479,818,33,33
A10,MP Optimization mk2,310,MP,83,6.23e218,A09,A10,479,818,33,33
A10,MP Optimization mk2,311,MP,83,5.48e219,A09,A10,479,818,33,33
A10,MP Optimization mk2,312,MP,83,4.84e220,A09,A10,479,818,33,33
A10,MP Optimization mk2,313,MP,83,4.28e221,A09,A10,479,818,33,33
A10,MP Optimization mk2,314,MP,83,3.80e222,A09,A10,479,818,33,33
A10,MP Optimization mk2,315,MP,83,3.38e223,A09,A10,479,818,33,33
A10,MP Optimization mk2,316,MP,83,3.02e224,A09,A10,479,818,33,33
A10,MP Optimization mk2,317,MP,83,2.71e225,A09,A10,479,818,33,33
A10,MP Optimization mk2,318,MP,83,2.43e226,A09,A10,479,818,33,33
A10,MP Optimization mk2,319,MP,83,2.19e227,A09,A10,479,818,33,33
A10,MP Optimization mk2,320,MP,83,1.98e228,A09,A10,479,818,33,33
A10,MP Optimization mk2,321,MP,83,1.79e229,A09,A10,479,818,33,33
A10,MP Optimization mk2,322,MP,83,1.63e230,A09,A10,479,818,33,33
A10,MP Optimization mk2,323,MP,83,1.49e231,A09,A10,479,818,33,33
A10,MP Optimization mk2,324,MP,83,1.36e232,A09,A10,479,818,33,33
A10,MP Optimization mk2,325,MP,83,1.25e233,A09,A10,479,818,33,33
A10,MP Optimization mk2,326,MP,83,1.15e234,A09,A10,479,818,33,33
A10,MP Optimization mk2,327,MP,83,1.06e235,A09,A10,479,818,33,33
A10,MP Optimization mk2,328,MP,83,9.77e235,A09,A10,479,818,33,33
A10,MP Optimization mk2,329,MP,83,9.07e236,A09,A10,479,818,33,33
A10,MP Optimization mk2,330,MP,83,8.43e237,A09,A10,479,818,33,33
A10,MP Optimization mk2,331,MP,83,7.86e238,A09,A10,479,818,33,33
A10,MP Optimization mk2,332,MP,83,7.36e239,A09,A10,479,818,33,33
A10,MP Optimization mk2,333,MP,83,6.90e240,A09,A10,479,818,33,33
A10,MP Optimization mk2,334,MP,83,6.49e241,A09,A10,479,818,33,33
A10,MP Optimization mk2,335,MP,83,6.12e242,A09,A10,479,818,33,33
A10,MP Optimization mk2,336,MP,83,5.79e243,A09,A10,479,818,33,33
A10,MP Optimization mk2,337,MP,83,5.50e244,A09,A10,479,818,33,33
A10,MP Optimization mk2,338,MP,83,5.23e245,A09,A10,479,818,33,33
A10,MP Optimization mk2,339,MP,83,4.99e246,A09,A10,479,818,33,33
A10,MP Optimization mk2,340,MP,83,4.77e247,A09,A10,479,818,33,33
A10,MP Optimization mk2,341,MP,83,4.58e248,A09,A10,479,818,33,33
A10,MP Optimization mk2,342,MP,83,4.40e249,A09,A10,479,818,33,33
A10,MP Optimization mk2,343,MP,83,4.25e250,A09,A10,479,818,33,33
A10,MP Optimization mk2,344,MP,83,4.11e251,A09,A10,479,818,33,33
A10,MP Optimization mk2,345,MP,83,3.98e252,A09,A10,479,818,33,33
A10,MP Optimization mk2,346,MP,83,3.87e253,A09,A10,479,818,33,33
A10,MP Optimization mk2,347,MP,83,3.78e254,A09,A10,479,818,33,33
A10,MP Optimization mk2,348,MP,83,3.69e255,A09,A10,479,818,33,33
A10,MP Optimization mk2,349,MP,83,3.62e256,A09,A10,479,818,33,33
A10,MP Optimization mk2,350,MP,83,3.56e257,A09,A10,479,818,33,33
A10,MP Optimization mk2,351,MP,83,3.51e258,A09,A10,479,818,33,33
A10,MP Optimization mk2,352,MP,83,3.47e259,A09,A10,479,818,33,33
A10,MP Optimization mk2,353,MP,83,3.44e260,A09,A10,479,818,33,33
A10,MP Optimization mk2,354,MP,83,3.41e261,A09,A10,479,818,33,33
A10,MP Optimization mk2,355,MP,83,3.40e262,A09,A10,479,818,33,33
A10,MP Optimization mk2,356,MP,83,3.40e263,A09,A10,479,818,33,33
A10,MP Optimization mk2,357,MP,83,3.40e264,A09,A10,479,818,33,33
A10,MP Optimization mk2,358,MP,83,3.42e265,A09,A10,479,818,33,33
A10,MP Optimization mk2,359,MP,83,3.44e266,A09,A10,479,818,33,33
A10,MP Optimization mk2,360,MP,83,3.48e267,A09,A10,479,818,33,33
A10,MP Optimization mk2,361,MP,83,3.52e268,A09,A10,479,818,33,33
A10,MP Optimization mk2,362,MP,83,3.57e269,A09,A10,479,818,33,33
A10,MP Optimization mk2,363,MP,83,3.63e270,A09,A10,479,818,33,33
A10,MP Optimization mk2,364,MP,83,3.71e271,A09,A10,479,818,33,33
A10,MP Optimization mk2,365,MP,83,3.79e272,A09,A10,479,818,33,33
A10,MP Optimization mk2,366,MP,83,3.89e273,A09,A10,479,818,33,33
A10,MP Optimization mk2,367,MP,83,4.00e274,A09,A10,479,818,33,33
A10,MP Optimization mk2,368,MP,83,4.12e275,A09,A10,479,818,33,33
A10,MP Optimization mk2,369,MP,83,4.26e276,A09,A10,479,818,33,33
A10,MP Optimization mk2,370,MP,83,4.41e277,A09,A10,479,818,33,33
A10,MP Optimization mk2,371,MP,83,4.58e278,A09,A10,479,818,33,33
A10,MP Optimization mk2,372,MP,83,4.77e279,A09,A10,479,818,33,33
A10,MP Optimization mk2,373,MP,83,4.99e280,A09,A10,479,818,33,33
A10,MP Optimization mk2,374,MP,83,5.22e281,A09,A10,479,818,33,33
A10,MP Optimization mk2,375,MP,83,5.48e282,A09,A10,479,818,33,33
A10,MP Optimization mk2,376,MP,83,5.76e283,A09,A10,479,818,33,33
A10,MP Optimization mk2,377,MP,83,6.08e284,A09,A10,479,818,33,33
A10,MP Optimization mk2,378,MP,83,6.43e285,A09,A10,479,818,33,33
A10,MP Optimization mk2,379,MP,83,6.81e286,A09,A10,479,818,33,33
A10,MP Optimization mk2,380,MP,83,7.24e287,A09,A10,479,818,33,33
A10,MP Optimization mk2,381,MP,83,7.71e288,A09,A10,479,818,33,33
A10,MP Optimization mk2,382,MP,83,8.24e289,A09,A10,479,818,33,33
A10,MP Optimization mk2,383,MP,83,8.82e290,A09,A10,479,818,33,33
A10,MP Optimization mk2,384,MP,83,9.47e291,A09,A10,479,818,33,33
A10,MP Optimization mk2,385,MP,83,1.02e293,A09,A10,479,818,33,33
A10,MP Optimization mk2,386,MP,83,1.10e294,A09,A10,479,818,33,33
A10,MP Optimization mk2,387,MP,83,1.19e295,A09,A10,479,818,33,33
A10,MP Optimization mk2,388,MP,83,1.29e296,A09,A10,479,818,33,33
A10,MP Optimization mk2,389,MP,83,1.40e297,A09,A10,479,818,33,33
A10,MP Optimization mk2,390,MP,83,1.53e298,A09,A10,479,818,33,33
A10,MP Optimization mk2,391,MP,83,1.67e299,A09,A10,479,818,33,33
A10,MP Optimization mk2,392,MP,83,1.82e300,A09,A10,479,818,33,33
A10,MP Optimization mk2,393,MP,83,2.00e301,A09,A10,479,818,33,33
A10,MP Optimization mk2,394,MP,83,2.20e302,A09,A10,479,818,33,33
A10,MP Optimization mk2,395,MP,83,2.43e303,A09,A10,479,818,33,33
A10,MP Optimization mk2,396,MP,83,2.68e304,A09,A10,479,818,33,33
A10,MP Optimization mk2,397,MP,83,2.97e305,A09,A10,479,818,33,33
A10,MP Optimization mk2,398,MP,83,3.30e306,A09,A10,479,818,33,33
A10,MP Optimization mk2,399,MP,83,3.67e307,A09,A10,479,818,33,33
A10,MP Optimization mk2,400,MP,83,4.10e308,A09,A10,479,818,33,33
A10,MP Optimization mk2,401,MP,83,4.59e309,A09,A10,479,818,33,33
A10,MP Optimization mk2,402,MP,83,5.14e310,A09,A10,479,818,33,33
A10,MP Optimization mk2,403,MP,83,5.78e311,A09,A10,479,818,33,33
A10,MP Optimization mk2,404,MP,83,6.51e312,A09,A10,479,818,33,33
A10,MP Optimization mk2,405,MP,83,7.36e313,A09,A10,479,818,33,33
A10,MP Optimization mk2,406,MP,83,8.33e314,A09,A10,479,818,33,33
A10,MP Optimization mk2,407,MP,83,9.45e315,A09,A10,479,818,33,33
A10,MP Optimization mk2,408,MP,83,1.07e317,A09,A10,479,818,33,33
A10,MP Optimization mk2,409,MP,83,1.22e318,A09,A10,479,818,33,33
A10,MP Optimization mk2,410,MP,83,1.40e319,A09,A10,479,818,33,33
A10,MP Optimization mk2,411,MP,83,1.60e320,A09,A10,479,818,33,33
A10,MP Optimization mk2,412,MP,83,1.84e321,A09,A10,479,818,33,33
A10,MP Optimization mk2,413,MP,83,2.12e322,A09,A10,479,818,33,33
A10,MP Optimization mk2,414,MP,83,2.44e323,A09,A10,479,818,33,33
A10,MP Optimization mk2,415,MP,83,2.82e324,A09,A10,479,818,33,33
A10,MP Optimization mk2,416,MP,83,3.27e325,A09,A10,479,818,33,33
A10,MP Optimization mk2,417,MP,83,3.80e326,A09,A10,479,818,33,33
A10,MP Optimization mk2,418,MP,83,4.42e327,A09,A10,479,818,33,33
A10,MP Optimization mk2,419,MP,83,5.16e328,A09,A10,479,818,33,33
A10,MP Optimization mk2,420,MP,83,6.03e329,A09,A10,479,818,33,33
A10,MP Optimization mk2,421,MP,83,7.06e330,A09,A10,479,818,33,33
A10,MP Optimization mk2,422,MP,83,8.30e331,A09,A10,479,818,33,33
A10,MP Optimization mk2,423,MP,83,9.77e332,A09,A10,479,818,33,33
A10,MP Optimization mk2,424,MP,83,1.15e334,A09,A10,479,818,33,33
A10,MP Optimization mk2,425,MP,83,1.36e335,A09,A10,479,818,33,33
A10,MP Optimization mk2,426,MP,83,1.62e336,A09,A10,479,818,33,33
A10,MP Optimization mk2,427,MP,83,1.92e337,A09,A10,479,818,33,33
A10,MP Optimization mk2,428,MP,83,2.29e338,A09,A10,479,818,33,33
A10,MP Optimization mk2,429,MP,83,2.73e339,A09,A10,479,818,33,33
A10,MP Optimization mk2,430,MP,83,3.26e340,A09,A10,479,818,33,33
A10,MP Optimization mk2,431,MP,83,3.91e341,A09,A10,479,818,33,33
A10,MP Optimization mk2,432,MP,83,4.70e342,A09,A10,479,818,33,33
A10,MP Optimization mk2,433,MP,83,5.65e343,A09,A10,479,818,33,33
A10,MP Optimization mk2,434,MP,83,6.82e344,A09,A10,479,818,33,33
A10,MP Optimization mk2,435,MP,83,8.25e345,A09,A10,479,818,33,33
A10,MP Optimization mk2,436,MP,83,1.00e347,A09,A10,479,818,33,33
A10,MP Optimization mk2,437,MP,83,1.21e348,A09,A10,479,818,33,33
A10,MP Optimization mk2,438,MP,83,1.48e349,A09,A10,479,818,33,33
A10,MP Optimization mk2,439,MP,83,1.80e350,A09,A10,479,818,33,33
A10,MP Optimization mk2,440,MP,83,2.21e351,A09,A10,479,818,33,33
A10,MP Optimization mk2,441,MP,83,2.70e352,A09,A10,479,818,33,33
A10,MP Optimization mk2,442,MP,83,3.32e353,A09,A10,479,818,33,33
A10,MP Optimization mk2,443,MP,83,4.08e354,A09,A10,479,818,33,33
A10,MP Optimization mk2,444,MP,83,5.04e355,A09,A10,479,818,33,33
A10,MP Optimization mk2,445,MP,83,6.22e356,A09,A10,479,818,33,33
A10,MP Optimization mk2,446,MP,83,7.71e357,A09,A10,479,818,33,33
A10,MP Optimization mk2,447,MP,83,9.57e358,A09,A10,479,818,33,33
A10,MP Optimization mk2,448,MP,83,1.19e360,A09,A10,479,818,33,33
A10,MP Optimization mk2,449,MP,83,1.48e361,A09,A10,479,818,33,33
A10,MP Optimization mk2,450,MP,83,1.85e362,A09,A10,479,818,33,33
A10,MP Optimization mk2,451,MP,83,2.32e363,A09,A10,479,818,33,33
A10,MP Optimization mk2,452,MP,83,2.91e364,A09,A10,479,818,33,33
A10,MP Optimization mk2,453,MP,83,3.66e365,A09,A10,479,818,33,33
A10,MP Optimization mk2,454,MP,83,4.62e366,A09,A10,479,818,33,33
A10,MP Optimization mk2,455,MP,83,5.83e367,A09,A10,479,818,33,33
A10,MP Optimization mk2,456,MP,83,7.38e368,A09,A10,479,818,33,33
A10,MP Optimization mk2,457,MP,83,9.35e369,A09,A10,479,818,33,33
A10,MP Optimization mk2,458,MP,83,1.19e371,A09,A10,479,818,33,33
A10,MP Optimization mk2,459,MP,83,1.51e372,A09,A10,479,818,33,33
A10,MP Optimization mk2,460,MP,83,1.93e373,A09,A10,479,818,33,33
A10,MP Optimization mk2,461,MP,83,2.47e374,A09,A10,479,818,33,33
A10,MP Optimization mk2,462,MP,83,3.16e375,A09,A10,479,818,33,33
A10,MP Optimization mk2,463,MP,83,4.06e376,A09,A10,479,818,33,33
A10,MP Optimization mk2,464,MP,83,5.23e377,A09,A10,479,818,33,33
A10,MP Optimization mk2,465,MP,83,6.74e378,A09,A10,479,818,33,33
A10,MP Optimization mk2,466,MP,83,8.71e379,A09,A10,479,818,33,33
A10,MP Optimization mk2,467,MP,83,1.13e381,A09,A10,479,818,33,33
A10,MP Optimization mk2,468,MP,83,1.46e382,A09,A10,479,818,33,33
A10,MP Optimization mk2,469,MP,83,1.90e383,A09,A10,479,818,33,33
A10,MP Optimization mk2,470,MP,83,2.48e384,A09,A10,479,818,33,33
A10,MP Optimization mk2,471,MP,83,3.24e385,A09,A10,479,818,33,33
A10,MP Optimization mk2,472,MP,83,4.23e386,A09,A10,479,818,33,33
A10,MP Optimization mk2,473,MP,83,5.55e387,A09,A10,479,818,33,33
A10,MP Optimization mk2,474,MP,83,7.29e388,A09,A10,479,818,33,33
A10,MP Optimization mk2,475,MP,83,9.60e389,A09,A10,479,818,33,33
A10,MP Optimization mk2,476,MP,83,1.27e391,A09,A10,479,818,33,33
A10,MP Optimization mk2,477,MP,83,1.67e392,A09,A10,479,818,33,33
A10,MP Optimization mk2,478,MP,83,2.22e393,A09,A10,479,818,33,33
A10,MP Optimization mk2,479,MP,83,2.94e394,A09,A10,479,818,33,33
A10,MP Optimization mk2,480,MP,83,3.91e395,A09,A10,479,818,33,33
A10,MP Optimization mk2,481,MP,83,5.21e396,A09,A10,479,818,33,33
A10,MP Optimization mk2,482,MP,83,6.95e397,A09,A10,479,818,33,33
A10,MP Optimization mk2,483,MP,83,9.30e398,A09,A10,479,818,33,33
A12,"Jimmeh, The LF Assist",1,Loop Reset Reduction,84,1.00e40,A09,A12,438,856,35,36
A12,"Jimmeh, The LF Assist",2,Loop Reset Reduction,84,1.00e80,A09,A12,438,856,35,36
A12,"Jimmeh, The LF Assist",3,Loop Reset Reduction,84,1.00e120,A09,A12,438,856,35,36
A12,"Jimmeh, The LF Assist",4,Loop Reset Reduction,84,1.00e160,A09,A12,438,856,35,36
A12,"Jimmeh, The LF Assist",5,Loop Reset Reduction,84,1.00e200,A09,A12,438,856,35,36
A12,"Jimmeh, The LF Assist",6,Loop Reset Reduction,84,1.00e240,A09,A12,438,856,35,36
A12,"Jimmeh, The LF Assist",7,Loop Reset Reduction,84,1.00e280,A09,A12,438,856,35,36
A12,"Jimmeh, The LF Assist",8,Loop Reset Reduction,84,1.00e320,A09,A12,438,856,35,36
A12,"Jimmeh, The LF Assist",9,Loop Reset Reduction,84,1.00e360,A09,A12,438,856,35,36
A12,"Jimmeh, The LF Assist",10,Loop Reset Reduction,84,1.00e400,A09,A12,438,856,35,36
C4o,mk4 Enhancement,1,Cells,85,32.0,C4u,C4o,401,615,34,34
C4o,mk4 Enhancement,2,Cells,85,55.0,C4u,C4o,401,615,34,34
C4o,mk4 Enhancement,3,Cells,85,107,C4u,C4o,401,615,34,34
C4o,mk4 Enhancement,4,Cells,85,227,C4u,C4o,401,615,34,34
C4o,mk4 Enhancement,5,Cells,85,526,C4u,C4o,401,615,34,34
C4o,mk4 Enhancement,6,Cells,85,1.32k,C4u,C4o,401,615,34,34
C4o,mk4 Enhancement,7,Cells,85,3.60k,C4u,C4o,401,615,34,34
C4o,mk4 Enhancement,8,Cells,85,10.5k,C4u,C4o,401,615,34,34
C4o,mk4 Enhancement,9,Cells,85,33.0k,C4u,C4o,401,615,34,34
C4o,mk4 Enhancement,10,Cells,85,110k,C4u,C4o,401,615,34,34
C4o,mk4 Enhancement,11,Cells,85,393k,C4u,C4o,401,615,34,34
C4o,mk4 Enhancement,12,Cells,85,1.48m,C4u,C4o,401,615,34,34
C4o,mk4 Enhancement,13,Cells,85,5.91m,C4u,C4o,401,615,34,34
C4o,mk4 Enhancement,14,Cells,85,24.9m,C4u,C4o,401,615,34,34
C4o,mk4 Enhancement,15,Cells,85,110m,C4u,C4o,401,615,34,34
C4o,mk4 Enhancement,16,Cells,85,512m,C4u,C4o,401,615,34,34
C4o,mk4 Enhancement,17,Cells,85,2.49b,C4u,C4o,401,615,34,34
C4o,mk4 Enhancement,18,Cells,85,12.7b,C4u,C4o,401,615,34,34
C4o,mk4 Enhancement,19,Cells,85,67.5b,C4u,C4o,401,615,34,34
C4o,mk4 Enhancement,20,Cells,85,374b,C4u,C4o,401,615,34,34
C4o,mk4 Enhancement,21,Cells,85,2.16t,C4u,C4o,401,615,34,34
C4o,mk4 Enhancement,22,Cells,85,12.9t,C4u,C4o,401,615,34,34
C4o,mk4 Enhancement,23,Cells,85,80.5t,C4u,C4o,401,615,34,34
C4o,mk4 Enhancement,24,Cells,85,520t,C4u,C4o,401,615,34,34
C4o,mk4 Enhancement,25,Cells,85,3.47qa,C4u,C4o,401,615,34,34
C4o,mk4 Enhancement,26,Cells,85,24.0qa,C4u,C4o,401,615,34,34
C4o,mk4 Enhancement,27,Cells,85,171qa,C4u,C4o,401,615,34,34
C4o,mk4 Enhancement,28,Cells,85,1.26qu,C4u,C4o,401,615,34,34
C4o,mk4 Enhancement,29,Cells,85,9.61qu,C4u,C4o,401,615,34,34
C4o,mk4 Enhancement,30,Cells,85,75.3qu,C4u,C4o,401,615,34,34
C4o,mk4 Enhancement,31,Cells,85,608qu,C4u,C4o,401,615,34,34
C4o,mk4 Enhancement,32,Cells,85,5.05sx,C4u,C4o,401,615,34,34
C4o,mk4 Enhancement,33,Cells,85,43.1sx,C4u,C4o,401,615,34,34
C4o,mk4 Enhancement,34,Cells,85,378sx,C4u,C4o,401,615,34,34
C4o,mk4 Enhancement,35,Cells,85,3.40sp,C4u,C4o,401,615,34,34
C4o,mk4 Enhancement,36,Cells,85,31.4sp,C4u,C4o,401,615,34,34
C4o,mk4 Enhancement,37,Cells,85,298sp,C4u,C4o,401,615,34,34
C4o,mk4 Enhancement,38,Cells,85,2.89o,C4u,C4o,401,615,34,34
C4o,mk4 Enhancement,39,Cells,85,28.8o,C4u,C4o,401,615,34,34
C4o,mk4 Enhancement,40,Cells,85,293o,C4u,C4o,401,615,34,34
C4o,mk4 Enhancement,41,Cells,85,3.05n,C4u,C4o,401,615,34,34
C4o,mk4 Enhancement,42,Cells,85,32.5n,C4u,C4o,401,615,34,34
C4o,mk4 Enhancement,43,Cells,85,354n,C4u,C4o,401,615,34,34
C4o,mk4 Enhancement,44,Cells,85,3.94d,C4u,C4o,401,615,34,34
C4o,mk4 Enhancement,45,Cells,85,44.8d,C4u,C4o,401,615,34,34
C4o,mk4 Enhancement,46,Cells,85,520d,C4u,C4o,401,615,34,34
C4o,mk4 Enhancement,47,Cells,85,6.16e36,C4u,C4o,401,615,34,34
C4o,mk4 Enhancement,48,Cells,85,7.44e37,C4u,C4o,401,615,34,34
C4o,mk4 Enhancement,49,Cells,85,9.16e38,C4u,C4o,401,615,34,34
C4o,mk4 Enhancement,50,Cells,85,1.15e40,C4u,C4o,401,615,34,34
C4o,mk4 Enhancement,51,Cells,85,1.47e41,C4u,C4o,401,615,34,34
C4o,mk4 Enhancement,52,Cells,85,1.92e42,C4u,C4o,401,615,34,34
C4o,mk4 Enhancement,53,Cells,85,2.54e43,C4u,C4o,401,615,34,34
C4o,mk4 Enhancement,54,Cells,85,3.44e44,C4u,C4o,401,615,34,34
C4o,mk4 Enhancement,55,Cells,85,4.73e45,C4u,C4o,401,615,34,34
C4o,mk4 Enhancement,56,Cells,85,6.61e46,C4u,C4o,401,615,34,34
C4o,mk4 Enhancement,57,Cells,85,9.41e47,C4u,C4o,401,615,34,34
C4o,mk4 Enhancement,58,Cells,85,1.36e49,C4u,C4o,401,615,34,34
C4o,mk4 Enhancement,59,Cells,85,2.00e50,C4u,C4o,401,615,34,34
C4o,mk4 Enhancement,60,Cells,85,2.99e51,C4u,C4o,401,615,34,34
C4o,mk4 Enhancement,61,Cells,85,4.54e52,C4u,C4o,401,615,34,34
C4o,mk4 Enhancement,62,Cells,85,7.01e53,C4u,C4o,401,615,34,34
C4o,mk4 Enhancement,63,Cells,85,1.10e55,C4u,C4o,401,615,34,34
C4o,mk4 Enhancement,64,Cells,85,1.75e56,C4u,C4o,401,615,34,34
C4o,mk4 Enhancement,65,Cells,85,2.82e57,C4u,C4o,401,615,34,34
C4o,mk4 Enhancement,66,Cells,85,4.62e58,C4u,C4o,401,615,34,34
C4o,mk4 Enhancement,67,Cells,85,7.68e59,C4u,C4o,401,615,34,34
C4o,mk4 Enhancement,68,Cells,85,1.30e61,C4u,C4o,401,615,34,34
C4o,mk4 Enhancement,69,Cells,85,2.22e62,C4u,C4o,401,615,34,34
C4o,mk4 Enhancement,70,Cells,85,3.85e63,C4u,C4o,401,615,34,34
C4o,mk4 Enhancement,71,Cells,85,6.77e64,C4u,C4o,401,615,34,34
C4o,mk4 Enhancement,72,Cells,85,1.21e66,C4u,C4o,401,615,34,34
C4o,mk4 Enhancement,73,Cells,85,2.18e67,C4u,C4o,401,615,34,34
C4o,mk4 Enhancement,74,Cells,85,3.99e68,C4u,C4o,401,615,34,34
C4o,mk4 Enhancement,75,Cells,85,7.41e69,C4u,C4o,401,615,34,34
C4o,mk4 Enhancement,76,Cells,85,1.39e71,C4u,C4o,401,615,34,34
C4o,mk4 Enhancement,77,Cells,85,2.65e72,C4u,C4o,401,615,34,34
C4o,mk4 Enhancement,78,Cells,85,5.11e73,C4u,C4o,401,615,34,34
C4o,mk4 Enhancement,79,Cells,85,9.98e74,C4u,C4o,401,615,34,34
C4o,mk4 Enhancement,80,Cells,85,1.97e76,C4u,C4o,401,615,34,34
C4o,mk4 Enhancement,81,Cells,85,3.95e77,C4u,C4o,401,615,34,34
C4o,mk4 Enhancement,82,Cells,85,7.99e78,C4u,C4o,401,615,34,34
C4o,mk4 Enhancement,83,Cells,85,1.64e80,C4u,C4o,401,615,34,34
C4o,mk4 Enhancement,84,Cells,85,3.39e81,C4u,C4o,401,615,34,34
C4o,mk4 Enhancement,85,Cells,85,7.11e82,C4u,C4o,401,615,34,34
C4o,mk4 Enhancement,86,Cells,85,1.51e84,C4u,C4o,401,615,34,34
C4o,mk4 Enhancement,87,Cells,85,3.24e85,C4u,C4o,401,615,34,34
C4o,mk4 Enhancement,88,Cells,85,7.02e86,C4u,C4o,401,615,34,34
C4o,mk4 Enhancement,89,Cells,85,1.54e88,C4u,C4o,401,615,34,34
C4o,mk4 Enhancement,90,Cells,85,3.42e89,C4u,C4o,401,615,34,34
C4o,mk4 Enhancement,91,Cells,85,7.66e90,C4u,C4o,401,615,34,34
C4o,mk4 Enhancement,92,Cells,85,1.74e92,C4u,C4o,401,615,34,34
C4o,mk4 Enhancement,93,Cells,85,3.98e93,C4u,C4o,401,615,34,34
C4o,mk4 Enhancement,94,Cells,85,9.21e94,C4u,C4o,401,615,34,34
C4o,mk4 Enhancement,95,Cells,85,2.15e96,C4u,C4o,401,615,34,34
C4o,mk4 Enhancement,96,Cells,85,5.09e97,C4u,C4o,401,615,34,34
C4o,mk4 Enhancement,97,Cells,85,1.22e99,C4u,C4o,401,615,34,34
C4o,mk4 Enhancement,98,Cells,85,2.93e100,C4u,C4o,401,615,34,34
C4o,mk4 Enhancement,99,Cells,85,7.14e101,C4u,C4o,401,615,34,34
C4o,mk4 Enhancement,100,Cells,85,1.76e103,C4u,C4o,401,615,34,34
C4o,mk4 Enhancement,101,Cells,85,4.37e104,C4u,C4o,401,615,34,34
C4o,mk4 Enhancement,102,Cells,85,1.10e106,C4u,C4o,401,615,34,34
C4o,mk4 Enhancement,103,Cells,85,2.77e107,C4u,C4o,401,615,34,34
C4o,mk4 Enhancement,104,Cells,85,7.10e108,C4u,C4o,401,615,34,34
C4o,mk4 Enhancement,105,Cells,85,1.83e110,C4u,C4o,401,615,34,34
C4o,mk4 Enhancement,106,Cells,85,4.77e111,C4u,C4o,401,615,34,34
C4o,mk4 Enhancement,107,Cells,85,1.26e113,C4u,C4o,401,615,34,34
C4o,mk4 Enhancement,108,Cells,85,3.33e114,C4u,C4o,401,615,34,34
C4o,mk4 Enhancement,109,Cells,85,8.93e115,C4u,C4o,401,615,34,34
C4o,mk4 Enhancement,110,Cells,85,2.41e117,C4u,C4o,401,615,34,34
C4o,mk4 Enhancement,111,Cells,85,6.58e118,C4u,C4o,401,615,34,34
C4o,mk4 Enhancement,112,Cells,85,1.81e120,C4u,C4o,401,615,34,34
C4o,mk4 Enhancement,113,Cells,85,5.03e121,C4u,C4o,401,615,34,34
C4o,mk4 Enhancement,114,Cells,85,1.41e123,C4u,C4o,401,615,34,34
C4o,mk4 Enhancement,115,Cells,85,3.97e124,C4u,C4o,401,615,34,34
C4o,mk4 Enhancement,116,Cells,85,1.13e126,C4u,C4o,401,615,34,34
C4o,mk4 Enhancement,117,Cells,85,3.25e127,C4u,C4o,401,615,34,34
C4o,mk4 Enhancement,118,Cells,85,9.42e128,C4u,C4o,401,615,34,34
C4o,mk4 Enhancement,119,Cells,85,2.75e130,C4u,C4o,401,615,34,34
C4o,mk4 Enhancement,120,Cells,85,8.11e131,C4u,C4o,401,615,34,34
C4o,mk4 Enhancement,121,Cells,85,2.41e133,C4u,C4o,401,615,34,34
C4o,mk4 Enhancement,122,Cells,85,7.21e134,C4u,C4o,401,615,34,34
C4o,mk4 Enhancement,123,Cells,85,2.18e136,C4u,C4o,401,615,34,34
C4o,mk4 Enhancement,124,Cells,85,6.63e137,C4u,C4o,401,615,34,34
C4o,mk4 Enhancement,125,Cells,85,2.03e139,C4u,C4o,401,615,34,34
C4o,mk4 Enhancement,126,Cells,85,6.29e140,C4u,C4o,401,615,34,34
C4o,mk4 Enhancement,127,Cells,85,1.96e142,C4u,C4o,401,615,34,34
C4o,mk4 Enhancement,128,Cells,85,6.15e143,C4u,C4o,401,615,34,34
C4o,mk4 Enhancement,129,Cells,85,1.95e145,C4u,C4o,401,615,34,34
C4o,mk4 Enhancement,130,Cells,85,6.21e146,C4u,C4o,401,615,34,34
C4o,mk4 Enhancement,131,Cells,85,1.99e148,C4u,C4o,401,615,34,34
C4o,mk4 Enhancement,132,Cells,85,6.46e149,C4u,C4o,401,615,34,34
C4o,mk4 Enhancement,133,Cells,85,2.11e151,C4u,C4o,401,615,34,34
C4o,mk4 Enhancement,134,Cells,85,6.92e152,C4u,C4o,401,615,34,34
C4o,mk4 Enhancement,135,Cells,85,2.29e154,C4u,C4o,401,615,34,34
C4o,mk4 Enhancement,136,Cells,85,7.65e155,C4u,C4o,401,615,34,34
C4o,mk4 Enhancement,137,Cells,85,2.57e157,C4u,C4o,401,615,34,34
C4o,mk4 Enhancement,138,Cells,85,8.69e158,C4u,C4o,401,615,34,34
C4o,mk4 Enhancement,139,Cells,85,2.96e160,C4u,C4o,401,615,34,34
C4o,mk4 Enhancement,140,Cells,85,1.02e162,C4u,C4o,401,615,34,34
C4o,mk4 Enhancement,141,Cells,85,3.51e163,C4u,C4o,401,615,34,34
C4o,mk4 Enhancement,142,Cells,85,1.22e165,C4u,C4o,401,615,34,34
C4o,mk4 Enhancement,143,Cells,85,4.29e166,C4u,C4o,401,615,34,34
C4o,mk4 Enhancement,144,Cells,85,1.51e168,C4u,C4o,401,615,34,34
C4o,mk4 Enhancement,145,Cells,85,5.38e169,C4u,C4o,401,615,34,34
C4o,mk4 Enhancement,146,Cells,85,1.93e171,C4u,C4o,401,615,34,34
C4o,mk4 Enhancement,147,Cells,85,6.94e172,C4u,C4o,401,615,34,34
C4o,mk4 Enhancement,148,Cells,85,2.52e174,C4u,C4o,401,615,34,34
C4o,mk4 Enhancement,149,Cells,85,9.19e175,C4u,C4o,401,615,34,34
C4o,mk4 Enhancement,150,Cells,85,3.38e177,C4u,C4o,401,615,34,34
C4o,mk4 Enhancement,151,Cells,85,1.25e179,C4u,C4o,401,615,34,34
C4o,mk4 Enhancement,152,Cells,85,4.65e180,C4u,C4o,401,615,34,34
C4o,mk4 Enhancement,153,Cells,85,1.74e182,C4u,C4o,401,615,34,34
C4o,mk4 Enhancement,154,Cells,85,6.58e183,C4u,C4o,401,615,34,34
C4o,mk4 Enhancement,155,Cells,85,2.50e185,C4u,C4o,401,615,34,34
C4o,mk4 Enhancement,156,Cells,85,9.56e186,C4u,C4o,401,615,34,34
C4o,mk4 Enhancement,157,Cells,85,3.68e188,C4u,C4o,401,615,34,34
C4o,mk4 Enhancement,158,Cells,85,1.42e190,C4u,C4o,401,615,34,34
C4o,mk4 Enhancement,159,Cells,85,5.54e191,C4u,C4o,401,615,34,34
C4o,mk4 Enhancement,160,Cells,85,2.17e193,C4u,C4o,401,615,34,34
C4o,mk4 Enhancement,161,Cells,85,8.57e194,C4u,C4o,401,615,34,34
C4o,mk4 Enhancement,162,Cells,85,3.40e196,C4u,C4o,401,615,34,34
C4o,mk4 Enhancement,163,Cells,85,1.36e198,C4u,C4o,401,615,34,34
C4o,mk4 Enhancement,164,Cells,85,5.45e199,C4u,C4o,401,615,34,34
C4o,mk4 Enhancement,165,Cells,85,2.20e201,C4u,C4o,401,615,34,34
C4o,mk4 Enhancement,166,Cells,85,8.96e202,C4u,C4o,401,615,34,34
C4o,mk4 Enhancement,167,Cells,85,3.66e204,C4u,C4o,401,615,34,34
C4o,mk4 Enhancement,168,Cells,85,1.51e206,C4u,C4o,401,615,34,34
C4o,mk4 Enhancement,169,Cells,85,6.24e207,C4u,C4o,401,615,34,34
C4o,mk4 Enhancement,170,Cells,85,2.60e209,C4u,C4o,401,615,34,34
C4o,mk4 Enhancement,171,Cells,85,1.09e211,C4u,C4o,401,615,34,34
C4o,mk4 Enhancement,172,Cells,85,4.58e212,C4u,C4o,401,615,34,34
C4o,mk4 Enhancement,173,Cells,85,1.94e214,C4u,C4o,401,615,34,34
C4o,mk4 Enhancement,174,Cells,85,8.27e215,C4u,C4o,401,615,34,34
C4o,mk4 Enhancement,175,Cells,85,3.54e217,C4u,C4o,401,615,34,34
C4o,mk4 Enhancement,176,Cells,85,1.53e219,C4u,C4o,401,615,34,34
C4o,mk4 Enhancement,177,Cells,85,6.62e220,C4u,C4o,401,615,34,34
C4o,mk4 Enhancement,178,Cells,85,2.89e222,C4u,C4o,401,615,34,34
C4o,mk4 Enhancement,179,Cells,85,1.26e224,C4u,C4o,401,615,34,34
C4o,mk4 Enhancement,180,Cells,85,5.57e225,C4u,C4o,401,615,34,34
C4o,mk4 Enhancement,181,Cells,85,2.47e227,C4u,C4o,401,615,34,34
C4o,mk4 Enhancement,182,Cells,85,1.10e229,C4u,C4o,401,615,34,34
C4o,mk4 Enhancement,183,Cells,85,4.93e230,C4u,C4o,401,615,34,34
C4o,mk4 Enhancement,184,Cells,85,2.22e232,C4u,C4o,401,615,34,34
C4o,mk4 Enhancement,185,Cells,85,1.01e234,C4u,C4o,401,615,34,34
C4o,mk4 Enhancement,186,Cells,85,4.58e235,C4u,C4o,401,615,34,34
C4o,mk4 Enhancement,187,Cells,85,2.10e237,C4u,C4o,401,615,34,34
C4o,mk4 Enhancement,188,Cells,85,9.65e238,C4u,C4o,401,615,34,34
C4o,mk4 Enhancement,189,Cells,85,4.46e240,C4u,C4o,401,615,34,34
C4o,mk4 Enhancement,190,Cells,85,2.08e242,C4u,C4o,401,615,34,34
C4o,mk4 Enhancement,191,Cells,85,9.71e243,C4u,C4o,401,615,34,34
C4o,mk4 Enhancement,192,Cells,85,4.56e245,C4u,C4o,401,615,34,34
C4o,mk4 Enhancement,193,Cells,85,2.16e247,C4u,C4o,401,615,34,34
C4o,mk4 Enhancement,194,Cells,85,1.02e249,C4u,C4o,401,615,34,34
C4o,mk4 Enhancement,195,Cells,85,4.88e250,C4u,C4o,401,615,34,34
C4o,mk4 Enhancement,196,Cells,85,2.34e252,C4u,C4o,401,615,34,34
C4o,mk4 Enhancement,197,Cells,85,1.13e254,C4u,C4o,401,615,34,34
C4o,mk4 Enhancement,198,Cells,85,5.48e255,C4u,C4o,401,615,34,34
C4o,mk4 Enhancement,199,Cells,85,2.67e257,C4u,C4o,401,615,34,34
C4o,mk4 Enhancement,200,Cells,85,1.31e259,C4u,C4o,401,615,34,34
C4u,Tech Advance mk4,1,Cells,86,50.0,A01,C4u,440,615,34,33
C4c,mk4 Production Cost,1,Cells,87,1.20k,C4u,C4c,478,615,34,34
C4c,mk4 Production Cost,2,Cells,87,21.1k,C4u,C4c,478,615,34,34
C4c,mk4 Production Cost,3,Cells,87,462k,C4u,C4c,478,615,34,34
C4c,mk4 Production Cost,4,Cells,87,12.2m,C4u,C4c,478,615,34,34
C4c,mk4 Production Cost,5,Cells,87,381m,C4u,C4c,478,615,34,34
C4c,mk4 Production Cost,6,Cells,87,13.7b,C4u,C4c,478,615,34,34
C4c,mk4 Production Cost,7,Cells,87,558b,C4u,C4c,478,615,34,34
C4c,mk4 Production Cost,8,Cells,87,25.5t,C4u,C4c,478,615,34,34
C4c,mk4 Production Cost,9,Cells,87,1.30qa,C4u,C4c,478,615,34,34
C4c,mk4 Production Cost,10,Cells,87,72.4qa,C4u,C4c,478,615,34,34
C5o,mk5 Enhancement,1,Cells,88,4.00k,C5u,C5o,401,578,32,34
C5o,mk5 Enhancement,2,Cells,88,9.24k,C5u,C5o,401,578,32,34
C5o,mk5 Enhancement,3,Cells,88,23.2k,C5u,C5o,401,578,32,34
C5o,mk5 Enhancement,4,Cells,88,63.3k,C5u,C5o,401,578,32,34
C5o,mk5 Enhancement,5,Cells,88,186k,C5u,C5o,401,578,32,34
C5o,mk5 Enhancement,6,Cells,88,586k,C5u,C5o,401,578,32,34
C5o,mk5 Enhancement,7,Cells,88,1.98m,C5u,C5o,401,578,32,34
C5o,mk5 Enhancement,8,Cells,88,7.11m,C5u,C5o,401,578,32,34
C5o,mk5 Enhancement,9,Cells,88,27.2m,C5u,C5o,401,578,32,34
C5o,mk5 Enhancement,10,Cells,88,110m,C5u,C5o,401,578,32,34
C5o,mk5 Enhancement,11,Cells,88,472m,C5u,C5o,401,578,32,34
C5o,mk5 Enhancement,12,Cells,88,2.13b,C5u,C5o,401,578,32,34
C5o,mk5 Enhancement,13,Cells,88,10.1b,C5u,C5o,401,578,32,34
C5o,mk5 Enhancement,14,Cells,88,50.6b,C5u,C5o,401,578,32,34
C5o,mk5 Enhancement,15,Cells,88,265b,C5u,C5o,401,578,32,34
C5o,mk5 Enhancement,16,Cells,88,1.45t,C5u,C5o,401,578,32,34
C5o,mk5 Enhancement,17,Cells,88,8.28t,C5u,C5o,401,578,32,34
C5o,mk5 Enhancement,18,Cells,88,49.3t,C5u,C5o,401,578,32,34
C5o,mk5 Enhancement,19,Cells,88,306t,C5u,C5o,401,578,32,34
C5o,mk5 Enhancement,20,Cells,88,1.97qa,C5u,C5o,401,578,32,34
C5o,mk5 Enhancement,21,Cells,88,13.2qa,C5u,C5o,401,578,32,34
C5o,mk5 Enhancement,22,Cells,88,91.6qa,C5u,C5o,401,578,32,34
C5o,mk5 Enhancement,23,Cells,88,659qa,C5u,C5o,401,578,32,34
C5o,mk5 Enhancement,24,Cells,88,4.90qu,C5u,C5o,401,578,32,34
C5o,mk5 Enhancement,25,Cells,88,37.7qu,C5u,C5o,401,578,32,34
C5o,mk5 Enhancement,26,Cells,88,300qu,C5u,C5o,401,578,32,34
C5o,mk5 Enhancement,27,Cells,88,2.46sx,C5u,C5o,401,578,32,34
C5o,mk5 Enhancement,28,Cells,88,20.7sx,C5u,C5o,401,578,32,34
C5o,mk5 Enhancement,29,Cells,88,181sx,C5u,C5o,401,578,32,34
C5o,mk5 Enhancement,30,Cells,88,1.62sp,C5u,C5o,401,578,32,34
C5o,mk5 Enhancement,31,Cells,88,14.9sp,C5u,C5o,401,578,32,34
C5o,mk5 Enhancement,32,Cells,88,141sp,C5u,C5o,401,578,32,34
C5o,mk5 Enhancement,33,Cells,88,1.37o,C5u,C5o,401,578,32,34
C5o,mk5 Enhancement,34,Cells,88,13.7o,C5u,C5o,401,578,32,34
C5o,mk5 Enhancement,35,Cells,88,140o,C5u,C5o,401,578,32,34
C5o,mk5 Enhancement,36,Cells,88,1.47n,C5u,C5o,401,578,32,34
C5o,mk5 Enhancement,37,Cells,88,15.8n,C5u,C5o,401,578,32,34
C5o,mk5 Enhancement,38,Cells,88,174n,C5u,C5o,401,578,32,34
C5o,mk5 Enhancement,39,Cells,88,1.97d,C5u,C5o,401,578,32,34
C5o,mk5 Enhancement,40,Cells,88,22.7d,C5u,C5o,401,578,32,34
C5o,mk5 Enhancement,41,Cells,88,267d,C5u,C5o,401,578,32,34
C5o,mk5 Enhancement,42,Cells,88,3.22e36,C5u,C5o,401,578,32,34
C5o,mk5 Enhancement,43,Cells,88,3.97e37,C5u,C5o,401,578,32,34
C5o,mk5 Enhancement,44,Cells,88,4.99e38,C5u,C5o,401,578,32,34
C5o,mk5 Enhancement,45,Cells,88,6.40e39,C5u,C5o,401,578,32,34
C5o,mk5 Enhancement,46,Cells,88,8.39e40,C5u,C5o,401,578,32,34
C5o,mk5 Enhancement,47,Cells,88,1.12e42,C5u,C5o,401,578,32,34
C5o,mk5 Enhancement,48,Cells,88,1.53e43,C5u,C5o,401,578,32,34
C5o,mk5 Enhancement,49,Cells,88,2.12e44,C5u,C5o,401,578,32,34
C5o,mk5 Enhancement,50,Cells,88,3.00e45,C5u,C5o,401,578,32,34
C5o,mk5 Enhancement,51,Cells,88,4.32e46,C5u,C5o,401,578,32,34
C5o,mk5 Enhancement,52,Cells,88,6.33e47,C5u,C5o,401,578,32,34
C5o,mk5 Enhancement,53,Cells,88,9.46e48,C5u,C5o,401,578,32,34
C5o,mk5 Enhancement,54,Cells,88,1.44e50,C5u,C5o,401,578,32,34
C5o,mk5 Enhancement,55,Cells,88,2.22e51,C5u,C5o,401,578,32,34
C5o,mk5 Enhancement,56,Cells,88,3.49e52,C5u,C5o,401,578,32,34
C5o,mk5 Enhancement,57,Cells,88,5.59e53,C5u,C5o,401,578,32,34
C5o,mk5 Enhancement,58,Cells,88,9.08e54,C5u,C5o,401,578,32,34
C5o,mk5 Enhancement,59,Cells,88,1.50e56,C5u,C5o,401,578,32,34
C5o,mk5 Enhancement,60,Cells,88,2.52e57,C5u,C5o,401,578,32,34
C5o,mk5 Enhancement,61,Cells,88,4.29e58,C5u,C5o,401,578,32,34
C5o,mk5 Enhancement,62,Cells,88,7.43e59,C5u,C5o,401,578,32,34
C5o,mk5 Enhancement,63,Cells,88,1.31e61,C5u,C5o,401,578,32,34
C5o,mk5 Enhancement,64,Cells,88,2.33e62,C5u,C5o,401,578,32,34
C5o,mk5 Enhancement,65,Cells,88,4.22e63,C5u,C5o,401,578,32,34
C5o,mk5 Enhancement,66,Cells,88,7.75e64,C5u,C5o,401,578,32,34
C5o,mk5 Enhancement,67,Cells,88,1.44e66,C5u,C5o,401,578,32,34
C5o,mk5 Enhancement,68,Cells,88,2.73e67,C5u,C5o,401,578,32,34
C5o,mk5 Enhancement,69,Cells,88,5.24e68,C5u,C5o,401,578,32,34
C5o,mk5 Enhancement,70,Cells,88,1.02e70,C5u,C5o,401,578,32,34
C5o,mk5 Enhancement,71,Cells,88,2.01e71,C5u,C5o,401,578,32,34
C5o,mk5 Enhancement,72,Cells,88,4.00e72,C5u,C5o,401,578,32,34
C5o,mk5 Enhancement,73,Cells,88,8.10e73,C5u,C5o,401,578,32,34
C5o,mk5 Enhancement,74,Cells,88,1.66e75,C5u,C5o,401,578,32,34
C5o,mk5 Enhancement,75,Cells,88,3.45e76,C5u,C5o,401,578,32,34
C5o,mk5 Enhancement,76,Cells,88,7.26e77,C5u,C5o,401,578,32,34
C5o,mk5 Enhancement,77,Cells,88,1.55e79,C5u,C5o,401,578,32,34
C5o,mk5 Enhancement,78,Cells,88,3.33e80,C5u,C5o,401,578,32,34
C5o,mk5 Enhancement,79,Cells,88,7.28e81,C5u,C5o,401,578,32,34
C5o,mk5 Enhancement,80,Cells,88,1.61e83,C5u,C5o,401,578,32,34
C5o,mk5 Enhancement,81,Cells,88,3.60e84,C5u,C5o,401,578,32,34
C5o,mk5 Enhancement,82,Cells,88,8.15e85,C5u,C5o,401,578,32,34
C5o,mk5 Enhancement,83,Cells,88,1.87e87,C5u,C5o,401,578,32,34
C5o,mk5 Enhancement,84,Cells,88,4.33e88,C5u,C5o,401,578,32,34
C5o,mk5 Enhancement,85,Cells,88,1.01e90,C5u,C5o,401,578,32,34
C5o,mk5 Enhancement,86,Cells,88,2.40e91,C5u,C5o,401,578,32,34
C5o,mk5 Enhancement,87,Cells,88,5.76e92,C5u,C5o,401,578,32,34
C5o,mk5 Enhancement,88,Cells,88,1.40e94,C5u,C5o,401,578,32,34
C5o,mk5 Enhancement,89,Cells,88,3.42e95,C5u,C5o,401,578,32,34
C5o,mk5 Enhancement,90,Cells,88,8.49e96,C5u,C5o,401,578,32,34
C5o,mk5 Enhancement,91,Cells,88,2.13e98,C5u,C5o,401,578,32,34
C5o,mk5 Enhancement,92,Cells,88,5.38e99,C5u,C5o,401,578,32,34
C5o,mk5 Enhancement,93,Cells,88,1.38e101,C5u,C5o,401,578,32,34
C5o,mk5 Enhancement,94,Cells,88,3.56e102,C5u,C5o,401,578,32,34
C5o,mk5 Enhancement,95,Cells,88,9.29e103,C5u,C5o,401,578,32,34
C5o,mk5 Enhancement,96,Cells,88,2.45e105,C5u,C5o,401,578,32,34
C5o,mk5 Enhancement,97,Cells,88,6.54e106,C5u,C5o,401,578,32,34
C5o,mk5 Enhancement,98,Cells,88,1.76e108,C5u,C5o,401,578,32,34
C5o,mk5 Enhancement,99,Cells,88,4.79e109,C5u,C5o,401,578,32,34
C5o,mk5 Enhancement,100,Cells,88,1.31e111,C5u,C5o,401,578,32,34
C5o,mk5 Enhancement,101,Cells,88,3.64e112,C5u,C5o,401,578,32,34
C5o,mk5 Enhancement,102,Cells,88,1.02e114,C5u,C5o,401,578,32,34
C5o,mk5 Enhancement,103,Cells,88,2.88e115,C5u,C5o,401,578,32,34
C5o,mk5 Enhancement,104,Cells,88,8.23e116,C5u,C5o,401,578,32,34
C5o,mk5 Enhancement,105,Cells,88,2.37e118,C5u,C5o,401,578,32,34
C5o,mk5 Enhancement,106,Cells,88,6.89e119,C5u,C5o,401,578,32,34
C5o,mk5 Enhancement,107,Cells,88,2.02e121,C5u,C5o,401,578,32,34
C5o,mk5 Enhancement,108,Cells,88,5.99e122,C5u,C5o,401,578,32,34
C5o,mk5 Enhancement,109,Cells,88,1.79e124,C5u,C5o,401,578,32,34
C5o,mk5 Enhancement,110,Cells,88,5.39e125,C5u,C5o,401,578,32,34
C5o,mk5 Enhancement,111,Cells,88,1.64e127,C5u,C5o,401,578,32,34
C5o,mk5 Enhancement,112,Cells,88,5.03e128,C5u,C5o,401,578,32,34
C5o,mk5 Enhancement,113,Cells,88,1.56e130,C5u,C5o,401,578,32,34
C5o,mk5 Enhancement,114,Cells,88,4.87e131,C5u,C5o,401,578,32,34
C5o,mk5 Enhancement,115,Cells,88,1.53e133,C5u,C5o,401,578,32,34
C5o,mk5 Enhancement,116,Cells,88,4.87e134,C5u,C5o,401,578,32,34
C5o,mk5 Enhancement,117,Cells,88,1.56e136,C5u,C5o,401,578,32,34
C5o,mk5 Enhancement,118,Cells,88,5.04e137,C5u,C5o,401,578,32,34
C5o,mk5 Enhancement,119,Cells,88,1.64e139,C5u,C5o,401,578,32,34
C5o,mk5 Enhancement,120,Cells,88,5.39e140,C5u,C5o,401,578,32,34
C5o,mk5 Enhancement,121,Cells,88,1.78e142,C5u,C5o,401,578,32,34
C5o,mk5 Enhancement,122,Cells,88,5.95e143,C5u,C5o,401,578,32,34
C5o,mk5 Enhancement,123,Cells,88,2.00e145,C5u,C5o,401,578,32,34
C5o,mk5 Enhancement,124,Cells,88,6.80e146,C5u,C5o,401,578,32,34
C5o,mk5 Enhancement,125,Cells,88,2.32e148,C5u,C5o,401,578,32,34
C5o,mk5 Enhancement,126,Cells,88,8.01e149,C5u,C5o,401,578,32,34
C5o,mk5 Enhancement,127,Cells,88,2.78e151,C5u,C5o,401,578,32,34
C5o,mk5 Enhancement,128,Cells,88,9.73e152,C5u,C5o,401,578,32,34
C5o,mk5 Enhancement,129,Cells,88,3.43e154,C5u,C5o,401,578,32,34
C5o,mk5 Enhancement,130,Cells,88,1.22e156,C5u,C5o,401,578,32,34
C5o,mk5 Enhancement,131,Cells,88,4.37e157,C5u,C5o,401,578,32,34
C5o,mk5 Enhancement,132,Cells,88,1.57e159,C5u,C5o,401,578,32,34
C5o,mk5 Enhancement,133,Cells,88,5.72e160,C5u,C5o,401,578,32,34
C5o,mk5 Enhancement,134,Cells,88,2.10e162,C5u,C5o,401,578,32,34
C5o,mk5 Enhancement,135,Cells,88,7.73e163,C5u,C5o,401,578,32,34
C5o,mk5 Enhancement,136,Cells,88,2.87e165,C5u,C5o,401,578,32,34
C5o,mk5 Enhancement,137,Cells,88,1.07e167,C5u,C5o,401,578,32,34
C5o,mk5 Enhancement,138,Cells,88,4.05e168,C5u,C5o,401,578,32,34
C5o,mk5 Enhancement,139,Cells,88,1.54e170,C5u,C5o,401,578,32,34
C5o,mk5 Enhancement,140,Cells,88,5.88e171,C5u,C5o,401,578,32,34
C5o,mk5 Enhancement,141,Cells,88,2.26e173,C5u,C5o,401,578,32,34
C5o,mk5 Enhancement,142,Cells,88,8.78e174,C5u,C5o,401,578,32,34
C5o,mk5 Enhancement,143,Cells,88,3.43e176,C5u,C5o,401,578,32,34
C5o,mk5 Enhancement,144,Cells,88,1.35e178,C5u,C5o,401,578,32,34
C5o,mk5 Enhancement,145,Cells,88,5.33e179,C5u,C5o,401,578,32,34
C5o,mk5 Enhancement,146,Cells,88,2.13e181,C5u,C5o,401,578,32,34
C5o,mk5 Enhancement,147,Cells,88,8.53e182,C5u,C5o,401,578,32,34
C5o,mk5 Enhancement,148,Cells,88,3.45e184,C5u,C5o,401,578,32,34
C5o,mk5 Enhancement,149,Cells,88,1.40e186,C5u,C5o,401,578,32,34
C5o,mk5 Enhancement,150,Cells,88,5.74e187,C5u,C5o,401,578,32,34
C5o,mk5 Enhancement,151,Cells,88,2.36e189,C5u,C5o,401,578,32,34
C5o,mk5 Enhancement,152,Cells,88,9.80e190,C5u,C5o,401,578,32,34
C5o,mk5 Enhancement,153,Cells,88,4.09e192,C5u,C5o,401,578,32,34
C5o,mk5 Enhancement,154,Cells,88,1.72e194,C5u,C5o,401,578,32,34
C5o,mk5 Enhancement,155,Cells,88,7.27e195,C5u,C5o,401,578,32,34
C5o,mk5 Enhancement,156,Cells,88,3.09e197,C5u,C5o,401,578,32,34
C5o,mk5 Enhancement,157,Cells,88,1.32e199,C5u,C5o,401,578,32,34
C5o,mk5 Enhancement,158,Cells,88,5.71e200,C5u,C5o,401,578,32,34
C5o,mk5 Enhancement,159,Cells,88,2.48e202,C5u,C5o,401,578,32,34
C5o,mk5 Enhancement,160,Cells,88,1.08e204,C5u,C5o,401,578,32,34
C5o,mk5 Enhancement,161,Cells,88,4.74e205,C5u,C5o,401,578,32,34
C5o,mk5 Enhancement,162,Cells,88,2.10e207,C5u,C5o,401,578,32,34
C5o,mk5 Enhancement,163,Cells,88,9.31e208,C5u,C5o,401,578,32,34
C5o,mk5 Enhancement,164,Cells,88,4.17e210,C5u,C5o,401,578,32,34
C5o,mk5 Enhancement,165,Cells,88,1.87e212,C5u,C5o,401,578,32,34
C5o,mk5 Enhancement,166,Cells,88,8.48e213,C5u,C5o,401,578,32,34
C5o,mk5 Enhancement,167,Cells,88,3.86e215,C5u,C5o,401,578,32,34
C5o,mk5 Enhancement,168,Cells,88,1.77e217,C5u,C5o,401,578,32,34
C5o,mk5 Enhancement,169,Cells,88,8.15e218,C5u,C5o,401,578,32,34
C5o,mk5 Enhancement,170,Cells,88,3.78e220,C5u,C5o,401,578,32,34
C5o,mk5 Enhancement,171,Cells,88,1.76e222,C5u,C5o,401,578,32,34
C5o,mk5 Enhancement,172,Cells,88,8.25e223,C5u,C5o,401,578,32,34
C5o,mk5 Enhancement,173,Cells,88,3.89e225,C5u,C5o,401,578,32,34
C5o,mk5 Enhancement,174,Cells,88,1.84e227,C5u,C5o,401,578,32,34
C5o,mk5 Enhancement,175,Cells,88,8.80e228,C5u,C5o,401,578,32,34
C5o,mk5 Enhancement,176,Cells,88,4.22e230,C5u,C5o,401,578,32,34
C5o,mk5 Enhancement,177,Cells,88,2.04e232,C5u,C5o,401,578,32,34
C5o,mk5 Enhancement,178,Cells,88,9.87e233,C5u,C5o,401,578,32,34
C5o,mk5 Enhancement,179,Cells,88,4.82e235,C5u,C5o,401,578,32,34
C5o,mk5 Enhancement,180,Cells,88,2.36e237,C5u,C5o,401,578,32,34
C5o,mk5 Enhancement,181,Cells,88,1.16e239,C5u,C5o,401,578,32,34
C5o,mk5 Enhancement,182,Cells,88,5.78e240,C5u,C5o,401,578,32,34
C5o,mk5 Enhancement,183,Cells,88,2.88e242,C5u,C5o,401,578,32,34
C5o,mk5 Enhancement,184,Cells,88,1.44e244,C5u,C5o,401,578,32,34
C5o,mk5 Enhancement,185,Cells,88,7.27e245,C5u,C5o,401,578,32,34
C5o,mk5 Enhancement,186,Cells,88,3.69e247,C5u,C5o,401,578,32,34
C5o,mk5 Enhancement,187,Cells,88,1.88e249,C5u,C5o,401,578,32,34
C5o,mk5 Enhancement,188,Cells,88,9.62e250,C5u,C5o,401,578,32,34
C5o,mk5 Enhancement,189,Cells,88,4.95e252,C5u,C5o,401,578,32,34
C5o,mk5 Enhancement,190,Cells,88,2.56e254,C5u,C5o,401,578,32,34
C5o,mk5 Enhancement,191,Cells,88,1.33e256,C5u,C5o,401,578,32,34
C5o,mk5 Enhancement,192,Cells,88,6.97e257,C5u,C5o,401,578,32,34
C5o,mk5 Enhancement,193,Cells,88,3.66e259,C5u,C5o,401,578,32,34
C5o,mk5 Enhancement,194,Cells,88,1.94e261,C5u,C5o,401,578,32,34
C5o,mk5 Enhancement,195,Cells,88,1.03e263,C5u,C5o,401,578,32,34
C5o,mk5 Enhancement,196,Cells,88,5.49e264,C5u,C5o,401,578,32,34
C5o,mk5 Enhancement,197,Cells,88,2.94e266,C5u,C5o,401,578,32,34
C5o,mk5 Enhancement,198,Cells,88,1.59e268,C5u,C5o,401,578,32,34
C5o,mk5 Enhancement,199,Cells,88,8.60e269,C5u,C5o,401,578,32,34
C5o,mk5 Enhancement,200,Cells,88,4.68e271,C5u,C5o,401,578,32,34
C5u,Tech Advance mk5,1,Cells,89,10.0k,C4u,C5u,440,578,32,33
C5c,mk5 Production Cost,1,Cells,90,15.0k,C5u,C5c,478,578,32,34
C5c,mk5 Production Cost,2,Cells,90,480k,C5u,C5c,478,578,32,34
C5c,mk5 Production Cost,3,Cells,90,19.6m,C5u,C5c,478,578,32,34
C5c,mk5 Production Cost,4,Cells,90,983m,C5u,C5c,478,578,32,34
C5c,mk5 Production Cost,5,Cells,90,58.8b,C5u,C5c,478,578,32,34
C5c,mk5 Production Cost,6,Cells,90,4.10t,C5u,C5c,478,578,32,34
C5c,mk5 Production Cost,7,Cells,90,327t,C5u,C5c,478,578,32,34
C5c,mk5 Production Cost,8,Cells,90,29.4qa,C5u,C5c,478,578,32,34
C5c,mk5 Production Cost,9,Cells,90,2.94qu,C5u,C5c,478,578,32,34
C5c,mk5 Production Cost,10,Cells,90,325qu,C5u,C5c,478,578,32,34
C6o,mk6 Enhancement,1,Cells,91,6.00qu,C6u,C6o,401,540,33,34
C6o,mk6 Enhancement,2,Cells,91,14.8qu,C6u,C6o,401,540,33,34
C6o,mk6 Enhancement,3,Cells,91,40.1qu,C6u,C6o,401,540,33,34
C6o,mk6 Enhancement,4,Cells,91,118qu,C6u,C6o,401,540,33,34
C6o,mk6 Enhancement,5,Cells,91,378qu,C6u,C6o,401,540,33,34
C6o,mk6 Enhancement,6,Cells,91,1.31sx,C6u,C6o,401,540,33,34
C6o,mk6 Enhancement,7,Cells,91,4.86sx,C6u,C6o,401,540,33,34
C6o,mk6 Enhancement,8,Cells,91,19.4sx,C6u,C6o,401,540,33,34
C6o,mk6 Enhancement,9,Cells,91,82.5sx,C6u,C6o,401,540,33,34
C6o,mk6 Enhancement,10,Cells,91,374sx,C6u,C6o,401,540,33,34
C6o,mk6 Enhancement,11,Cells,91,1.80sp,C6u,C6o,401,540,33,34
C6o,mk6 Enhancement,12,Cells,91,9.18sp,C6u,C6o,401,540,33,34
C6o,mk6 Enhancement,13,Cells,91,49.4sp,C6u,C6o,401,540,33,34
C6o,mk6 Enhancement,14,Cells,91,280sp,C6u,C6o,401,540,33,34
C6o,mk6 Enhancement,15,Cells,91,1.67o,C6u,C6o,401,540,33,34
C6o,mk6 Enhancement,16,Cells,91,10.4o,C6u,C6o,401,540,33,34
C6o,mk6 Enhancement,17,Cells,91,68.4o,C6u,C6o,401,540,33,34
C6o,mk6 Enhancement,18,Cells,91,468o,C6u,C6o,401,540,33,34
C6o,mk6 Enhancement,19,Cells,91,3.34n,C6u,C6o,401,540,33,34
C6o,mk6 Enhancement,20,Cells,91,24.9n,C6u,C6o,401,540,33,34
C6o,mk6 Enhancement,21,Cells,91,192n,C6u,C6o,401,540,33,34
C6o,mk6 Enhancement,22,Cells,91,1.55d,C6u,C6o,401,540,33,34
C6o,mk6 Enhancement,23,Cells,91,12.9d,C6u,C6o,401,540,33,34
C6o,mk6 Enhancement,24,Cells,91,112d,C6u,C6o,401,540,33,34
C6o,mk6 Enhancement,25,Cells,91,998d,C6u,C6o,401,540,33,34
C6o,mk6 Enhancement,26,Cells,91,9.24e36,C6u,C6o,401,540,33,34
C6o,mk6 Enhancement,27,Cells,91,8.83e37,C6u,C6o,401,540,33,34
C6o,mk6 Enhancement,28,Cells,91,8.72e38,C6u,C6o,401,540,33,34
C6o,mk6 Enhancement,29,Cells,91,8.87e39,C6u,C6o,401,540,33,34
C6o,mk6 Enhancement,30,Cells,91,9.30e40,C6u,C6o,401,540,33,34
C6o,mk6 Enhancement,31,Cells,91,1.00e42,C6u,C6o,401,540,33,34
C6o,mk6 Enhancement,32,Cells,91,1.12e43,C6u,C6o,401,540,33,34
C6o,mk6 Enhancement,33,Cells,91,1.27e44,C6u,C6o,401,540,33,34
C6o,mk6 Enhancement,34,Cells,91,1.49e45,C6u,C6o,401,540,33,34
C6o,mk6 Enhancement,35,Cells,91,1.80e46,C6u,C6o,401,540,33,34
C6o,mk6 Enhancement,36,Cells,91,2.22e47,C6u,C6o,401,540,33,34
C6o,mk6 Enhancement,37,Cells,91,2.81e48,C6u,C6o,401,540,33,34
C6o,mk6 Enhancement,38,Cells,91,3.65e49,C6u,C6o,401,540,33,34
C6o,mk6 Enhancement,39,Cells,91,4.85e50,C6u,C6o,401,540,33,34
C6o,mk6 Enhancement,40,Cells,91,6.60e51,C6u,C6o,401,540,33,34
C6o,mk6 Enhancement,41,Cells,91,9.19e52,C6u,C6o,401,540,33,34
C6o,mk6 Enhancement,42,Cells,91,1.31e54,C6u,C6o,401,540,33,34
C6o,mk6 Enhancement,43,Cells,91,1.90e55,C6u,C6o,401,540,33,34
C6o,mk6 Enhancement,44,Cells,91,2.83e56,C6u,C6o,401,540,33,34
C6o,mk6 Enhancement,45,Cells,91,4.29e57,C6u,C6o,401,540,33,34
C6o,mk6 Enhancement,46,Cells,91,6.65e58,C6u,C6o,401,540,33,34
C6o,mk6 Enhancement,47,Cells,91,1.05e60,C6u,C6o,401,540,33,34
C6o,mk6 Enhancement,48,Cells,91,1.70e61,C6u,C6o,401,540,33,34
C6o,mk6 Enhancement,49,Cells,91,2.79e62,C6u,C6o,401,540,33,34
C6o,mk6 Enhancement,50,Cells,91,4.68e63,C6u,C6o,401,540,33,34
C6o,mk6 Enhancement,51,Cells,91,7.99e64,C6u,C6o,401,540,33,34
C6o,mk6 Enhancement,52,Cells,91,1.39e66,C6u,C6o,401,540,33,34
C6o,mk6 Enhancement,53,Cells,91,2.46e67,C6u,C6o,401,540,33,34
C6o,mk6 Enhancement,54,Cells,91,4.44e68,C6u,C6o,401,540,33,34
C6o,mk6 Enhancement,55,Cells,91,8.16e69,C6u,C6o,401,540,33,34
C6o,mk6 Enhancement,56,Cells,91,1.52e71,C6u,C6o,401,540,33,34
C6o,mk6 Enhancement,57,Cells,91,2.89e72,C6u,C6o,401,540,33,34
C6o,mk6 Enhancement,58,Cells,91,5.59e73,C6u,C6o,401,540,33,34
C6o,mk6 Enhancement,59,Cells,91,1.10e75,C6u,C6o,401,540,33,34
C6o,mk6 Enhancement,60,Cells,91,2.19e76,C6u,C6o,401,540,33,34
C6o,mk6 Enhancement,61,Cells,91,4.43e77,C6u,C6o,401,540,33,34
C6o,mk6 Enhancement,62,Cells,91,9.13e78,C6u,C6o,401,540,33,34
C6o,mk6 Enhancement,63,Cells,91,1.91e80,C6u,C6o,401,540,33,34
C6o,mk6 Enhancement,64,Cells,91,4.05e81,C6u,C6o,401,540,33,34
C6o,mk6 Enhancement,65,Cells,91,8.73e82,C6u,C6o,401,540,33,34
C6o,mk6 Enhancement,66,Cells,91,1.91e84,C6u,C6o,401,540,33,34
C6o,mk6 Enhancement,67,Cells,91,4.24e85,C6u,C6o,401,540,33,34
C6o,mk6 Enhancement,68,Cells,91,9.54e86,C6u,C6o,401,540,33,34
C6o,mk6 Enhancement,69,Cells,91,2.18e88,C6u,C6o,401,540,33,34
C6o,mk6 Enhancement,70,Cells,91,5.04e89,C6u,C6o,401,540,33,34
C6o,mk6 Enhancement,71,Cells,91,1.18e91,C6u,C6o,401,540,33,34
C6o,mk6 Enhancement,72,Cells,91,2.82e92,C6u,C6o,401,540,33,34
C6o,mk6 Enhancement,73,Cells,91,6.79e93,C6u,C6o,401,540,33,34
C6o,mk6 Enhancement,74,Cells,91,1.66e95,C6u,C6o,401,540,33,34
C6o,mk6 Enhancement,75,Cells,91,4.11e96,C6u,C6o,401,540,33,34
C6o,mk6 Enhancement,76,Cells,91,1.03e98,C6u,C6o,401,540,33,34
C6o,mk6 Enhancement,77,Cells,91,2.62e99,C6u,C6o,401,540,33,34
C6o,mk6 Enhancement,78,Cells,91,6.73e100,C6u,C6o,401,540,33,34
C6o,mk6 Enhancement,79,Cells,91,1.75e102,C6u,C6o,401,540,33,34
C6o,mk6 Enhancement,80,Cells,91,4.62e103,C6u,C6o,401,540,33,34
C6o,mk6 Enhancement,81,Cells,91,1.23e105,C6u,C6o,401,540,33,34
C6o,mk6 Enhancement,82,Cells,91,3.33e106,C6u,C6o,401,540,33,34
C6o,mk6 Enhancement,83,Cells,91,9.11e107,C6u,C6o,401,540,33,34
C6o,mk6 Enhancement,84,Cells,91,2.52e109,C6u,C6o,401,540,33,34
C6o,mk6 Enhancement,85,Cells,91,7.04e110,C6u,C6o,401,540,33,34
C6o,mk6 Enhancement,86,Cells,91,1.99e112,C6u,C6o,401,540,33,34
C6o,mk6 Enhancement,87,Cells,91,5.71e113,C6u,C6o,401,540,33,34
C6o,mk6 Enhancement,88,Cells,91,1.65e115,C6u,C6o,401,540,33,34
C6o,mk6 Enhancement,89,Cells,91,4.83e116,C6u,C6o,401,540,33,34
C6o,mk6 Enhancement,90,Cells,91,1.43e118,C6u,C6o,401,540,33,34
C6o,mk6 Enhancement,91,Cells,91,4.28e119,C6u,C6o,401,540,33,34
C6o,mk6 Enhancement,92,Cells,91,1.29e121,C6u,C6o,401,540,33,34
C6o,mk6 Enhancement,93,Cells,91,3.95e122,C6u,C6o,401,540,33,34
C6o,mk6 Enhancement,94,Cells,91,1.22e124,C6u,C6o,401,540,33,34
C6o,mk6 Enhancement,95,Cells,91,3.81e125,C6u,C6o,401,540,33,34
C6o,mk6 Enhancement,96,Cells,91,1.20e127,C6u,C6o,401,540,33,34
C6o,mk6 Enhancement,97,Cells,91,3.82e128,C6u,C6o,401,540,33,34
C6o,mk6 Enhancement,98,Cells,91,1.23e130,C6u,C6o,401,540,33,34
C6o,mk6 Enhancement,99,Cells,91,4.00e131,C6u,C6o,401,540,33,34
C6o,mk6 Enhancement,100,Cells,91,1.31e133,C6u,C6o,401,540,33,34
C6o,mk6 Enhancement,101,Cells,91,4.35e134,C6u,C6o,401,540,33,34
C6o,mk6 Enhancement,102,Cells,91,1.45e136,C6u,C6o,401,540,33,34
C6o,mk6 Enhancement,103,Cells,91,4.91e137,C6u,C6o,401,540,33,34
C6o,mk6 Enhancement,104,Cells,91,1.68e139,C6u,C6o,401,540,33,34
C6o,mk6 Enhancement,105,Cells,91,5.77e140,C6u,C6o,401,540,33,34
C6o,mk6 Enhancement,106,Cells,91,2.01e142,C6u,C6o,401,540,33,34
C6o,mk6 Enhancement,107,Cells,91,7.04e143,C6u,C6o,401,540,33,34
C6o,mk6 Enhancement,108,Cells,91,2.49e145,C6u,C6o,401,540,33,34
C6o,mk6 Enhancement,109,Cells,91,8.90e146,C6u,C6o,401,540,33,34
C6o,mk6 Enhancement,110,Cells,91,3.21e148,C6u,C6o,401,540,33,34
C6o,mk6 Enhancement,111,Cells,91,1.17e150,C6u,C6o,401,540,33,34
C6o,mk6 Enhancement,112,Cells,91,4.28e151,C6u,C6o,401,540,33,34
C6o,mk6 Enhancement,113,Cells,91,1.59e153,C6u,C6o,401,540,33,34
C6o,mk6 Enhancement,114,Cells,91,5.92e154,C6u,C6o,401,540,33,34
C6o,mk6 Enhancement,115,Cells,91,2.23e156,C6u,C6o,401,540,33,34
C6o,mk6 Enhancement,116,Cells,91,8.48e157,C6u,C6o,401,540,33,34
C6o,mk6 Enhancement,117,Cells,91,3.25e159,C6u,C6o,401,540,33,34
C6o,mk6 Enhancement,118,Cells,91,1.26e161,C6u,C6o,401,540,33,34
C6o,mk6 Enhancement,119,Cells,91,4.89e162,C6u,C6o,401,540,33,34
C6o,mk6 Enhancement,120,Cells,91,1.92e164,C6u,C6o,401,540,33,34
C6o,mk6 Enhancement,121,Cells,91,7.61e165,C6u,C6o,401,540,33,34
C6o,mk6 Enhancement,122,Cells,91,3.04e167,C6u,C6o,401,540,33,34
C6o,mk6 Enhancement,123,Cells,91,1.22e169,C6u,C6o,401,540,33,34
C6o,mk6 Enhancement,124,Cells,91,4.97e170,C6u,C6o,401,540,33,34
C6o,mk6 Enhancement,125,Cells,91,2.03e172,C6u,C6o,401,540,33,34
C6o,mk6 Enhancement,126,Cells,91,8.38e173,C6u,C6o,401,540,33,34
C6o,mk6 Enhancement,127,Cells,91,3.48e175,C6u,C6o,401,540,33,34
C6o,mk6 Enhancement,128,Cells,91,1.46e177,C6u,C6o,401,540,33,34
C6o,mk6 Enhancement,129,Cells,91,6.16e178,C6u,C6o,401,540,33,34
C6o,mk6 Enhancement,130,Cells,91,2.62e180,C6u,C6o,401,540,33,34
C6o,mk6 Enhancement,131,Cells,91,1.12e182,C6u,C6o,401,540,33,34
C6o,mk6 Enhancement,132,Cells,91,4.85e183,C6u,C6o,401,540,33,34
C6o,mk6 Enhancement,133,Cells,91,2.11e185,C6u,C6o,401,540,33,34
C6o,mk6 Enhancement,134,Cells,91,9.24e186,C6u,C6o,401,540,33,34
C6o,mk6 Enhancement,135,Cells,91,4.08e188,C6u,C6o,401,540,33,34
C6o,mk6 Enhancement,136,Cells,91,1.81e190,C6u,C6o,401,540,33,34
C6o,mk6 Enhancement,137,Cells,91,8.13e191,C6u,C6o,401,540,33,34
C6o,mk6 Enhancement,138,Cells,91,3.67e193,C6u,C6o,401,540,33,34
C6o,mk6 Enhancement,139,Cells,91,1.67e195,C6u,C6o,401,540,33,34
C6o,mk6 Enhancement,140,Cells,91,7.63e196,C6u,C6o,401,540,33,34
C6o,mk6 Enhancement,141,Cells,91,3.52e198,C6u,C6o,401,540,33,34
C6o,mk6 Enhancement,142,Cells,91,1.63e200,C6u,C6o,401,540,33,34
C6o,mk6 Enhancement,143,Cells,91,7.64e201,C6u,C6o,401,540,33,34
C6o,mk6 Enhancement,144,Cells,91,3.60e203,C6u,C6o,401,540,33,34
C6o,mk6 Enhancement,145,Cells,91,1.70e205,C6u,C6o,401,540,33,34
C6o,mk6 Enhancement,146,Cells,91,8.13e206,C6u,C6o,401,540,33,34
C6o,mk6 Enhancement,147,Cells,91,3.91e208,C6u,C6o,401,540,33,34
C6o,mk6 Enhancement,148,Cells,91,1.89e210,C6u,C6o,401,540,33,34
C6o,mk6 Enhancement,149,Cells,91,9.20e211,C6u,C6o,401,540,33,34
C6o,mk6 Enhancement,150,Cells,91,4.51e213,C6u,C6o,401,540,33,34
C6o,mk6 Enhancement,151,Cells,91,2.23e215,C6u,C6o,401,540,33,34
C6o,mk6 Enhancement,152,Cells,91,1.11e217,C6u,C6o,401,540,33,34
C6o,mk6 Enhancement,153,Cells,91,5.53e218,C6u,C6o,401,540,33,34
C6o,mk6 Enhancement,154,Cells,91,2.78e220,C6u,C6o,401,540,33,34
C6o,mk6 Enhancement,155,Cells,91,1.41e222,C6u,C6o,401,540,33,34
C6o,mk6 Enhancement,156,Cells,91,7.18e223,C6u,C6o,401,540,33,34
C6o,mk6 Enhancement,157,Cells,91,3.68e225,C6u,C6o,401,540,33,34
C6o,mk6 Enhancement,158,Cells,91,1.90e227,C6u,C6o,401,540,33,34
C6o,mk6 Enhancement,159,Cells,91,9.88e228,C6u,C6o,401,540,33,34
C6o,mk6 Enhancement,160,Cells,91,5.16e230,C6u,C6o,401,540,33,34
C6o,mk6 Enhancement,161,Cells,91,2.72e232,C6u,C6o,401,540,33,34
C6o,mk6 Enhancement,162,Cells,91,1.44e234,C6u,C6o,401,540,33,34
C6o,mk6 Enhancement,163,Cells,91,7.65e235,C6u,C6o,401,540,33,34
C6o,mk6 Enhancement,164,Cells,91,4.10e237,C6u,C6o,401,540,33,34
C6o,mk6 Enhancement,165,Cells,91,2.21e239,C6u,C6o,401,540,33,34
C6o,mk6 Enhancement,166,Cells,91,1.20e241,C6u,C6o,401,540,33,34
C6o,mk6 Enhancement,167,Cells,91,6.53e242,C6u,C6o,401,540,33,34
C6o,mk6 Enhancement,168,Cells,91,3.58e244,C6u,C6o,401,540,33,34
C6o,mk6 Enhancement,169,Cells,91,1.98e246,C6u,C6o,401,540,33,34
C6o,mk6 Enhancement,170,Cells,91,1.10e248,C6u,C6o,401,540,33,34
C6o,mk6 Enhancement,171,Cells,91,6.13e249,C6u,C6o,401,540,33,34
C6o,mk6 Enhancement,172,Cells,91,3.44e251,C6u,C6o,401,540,33,34
C6o,mk6 Enhancement,173,Cells,91,1.95e253,C6u,C6o,401,540,33,34
C6o,mk6 Enhancement,174,Cells,91,1.11e255,C6u,C6o,401,540,33,34
C6o,mk6 Enhancement,175,Cells,91,6.32e256,C6u,C6o,401,540,33,34
C6o,mk6 Enhancement,176,Cells,91,3.63e258,C6u,C6o,401,540,33,34
C6o,mk6 Enhancement,177,Cells,91,2.10e260,C6u,C6o,401,540,33,34
C6o,mk6 Enhancement,178,Cells,91,1.22e262,C6u,C6o,401,540,33,34
C6o,mk6 Enhancement,179,Cells,91,7.13e263,C6u,C6o,401,540,33,34
C6o,mk6 Enhancement,180,Cells,91,4.19e265,C6u,C6o,401,540,33,34
C6o,mk6 Enhancement,181,Cells,91,2.48e267,C6u,C6o,401,540,33,34
C6o,mk6 Enhancement,182,Cells,91,1.47e269,C6u,C6o,401,540,33,34
C6o,mk6 Enhancement,183,Cells,91,8.79e270,C6u,C6o,401,540,33,34
C6o,mk6 Enhancement,184,Cells,91,5.28e272,C6u,C6o,401,540,33,34
C6o,mk6 Enhancement,185,Cells,91,3.19e274,C6u,C6o,401,540,33,34
C6o,mk6 Enhancement,186,Cells,91,1.94e276,C6u,C6o,401,540,33,34
C6o,mk6 Enhancement,187,Cells,91,1.18e278,C6u,C6o,401,540,33,34
C6o,mk6 Enhancement,188,Cells,91,7.25e279,C6u,C6o,401,540,33,34
C6o,mk6 Enhancement,189,Cells,91,4.47e281,C6u,C6o,401,540,33,34
C6o,mk6 Enhancement,190,Cells,91,2.78e283,C6u,C6o,401,540,33,34
C6o,mk6 Enhancement,191,Cells,91,1.73e285,C6u,C6o,401,540,33,34
C6o,mk6 Enhancement,192,Cells,91,1.08e287,C6u,C6o,401,540,33,34
C6o,mk6 Enhancement,193,Cells,91,6.83e288,C6u,C6o,401,540,33,34
C6o,mk6 Enhancement,194,Cells,91,4.33e290,C6u,C6o,401,540,33,34
C6o,mk6 Enhancement,195,Cells,91,2.75e292,C6u,C6o,401,540,33,34
C6o,mk6 Enhancement,196,Cells,91,1.76e294,C6u,C6o,401,540,33,34
C6o,mk6 Enhancement,197,Cells,91,1.13e296,C6u,C6o,401,540,33,34
C6o,mk6 Enhancement,198,Cells,91,7.32e297,C6u,C6o,401,540,33,34
C6o,mk6 Enhancement,199,Cells,91,4.75e299,C6u,C6o,401,540,33,34
C6o,mk6 Enhancement,200,Cells,91,3.10e301,C6u,C6o,401,540,33,34
C6u,Tech Advance mk6,1,Cells,92,2.00qa,C5u,C6u,440,540,33,33
C6c,mk6 Production Cost,1,Cells,93,600qu,C6u,C6c,478,540,33,34
C6c,mk6 Production Cost,2,Cells,93,42.0sx,C6u,C6c,478,540,33,34
C6c,mk6 Production Cost,3,Cells,93,5.12sp,C6u,C6c,478,540,33,34
C6c,mk6 Production Cost,4,Cells,93,900sp,C6u,C6c,478,540,33,34
C6c,mk6 Production Cost,5,Cells,93,207o,C6u,C6c,478,540,33,34
C6c,mk6 Production Cost,6,Cells,93,59.2n,C6u,C6c,478,540,33,34
C6c,mk6 Production Cost,7,Cells,93,20.1d,C6u,C6c,478,540,33,34
C6c,mk6 Production Cost,8,Cells,93,7.96e36,C6u,C6c,478,540,33,34
C6c,mk6 Production Cost,9,Cells,93,3.58e39,C6u,C6c,478,540,33,34
C6c,mk6 Production Cost,10,Cells,93,1.81e42,C6u,C6c,478,540,33,34
C7o,mk7 Enhancement,1,Cells,94,7.00e41,C7u,C7o,401,504,31,34
C7o,mk7 Enhancement,2,Cells,94,1.61e42,C7u,C7o,401,504,31,34
C7o,mk7 Enhancement,3,Cells,94,4.74e42,C7u,C7o,401,504,31,34
C7o,mk7 Enhancement,4,Cells,94,1.71e43,C7u,C7o,401,504,31,34
C7o,mk7 Enhancement,5,Cells,94,7.35e43,C7u,C7o,401,504,31,34
C7o,mk7 Enhancement,6,Cells,94,3.69e44,C7u,C7o,401,504,31,34
C7o,mk7 Enhancement,7,Cells,94,2.11e45,C7u,C7o,401,504,31,34
C7o,mk7 Enhancement,8,Cells,94,1.37e46,C7u,C7o,401,504,31,34
C7o,mk7 Enhancement,9,Cells,94,9.87e46,C7u,C7o,401,504,31,34
C7o,mk7 Enhancement,10,Cells,94,7.87e47,C7u,C7o,401,504,31,34
C7o,mk7 Enhancement,11,Cells,94,6.87e48,C7u,C7o,401,504,31,34
C7o,mk7 Enhancement,12,Cells,94,6.52e49,C7u,C7o,401,504,31,34
C7o,mk7 Enhancement,13,Cells,94,6.70e50,C7u,C7o,401,504,31,34
C7o,mk7 Enhancement,14,Cells,94,7.39e51,C7u,C7o,401,504,31,34
C7o,mk7 Enhancement,15,Cells,94,8.74e52,C7u,C7o,401,504,31,34
C7o,mk7 Enhancement,16,Cells,94,1.10e54,C7u,C7o,401,504,31,34
C7o,mk7 Enhancement,17,Cells,94,1.47e55,C7u,C7o,401,504,31,34
C7o,mk7 Enhancement,18,Cells,94,2.09e56,C7u,C7o,401,504,31,34
C7o,mk7 Enhancement,19,Cells,94,3.13e57,C7u,C7o,401,504,31,34
C7o,mk7 Enhancement,20,Cells,94,4.93e58,C7u,C7o,401,504,31,34
C7o,mk7 Enhancement,21,Cells,94,8.15e59,C7u,C7o,401,504,31,34
C7o,mk7 Enhancement,22,Cells,94,1.41e61,C7u,C7o,401,504,31,34
C7o,mk7 Enhancement,23,Cells,94,2.56e62,C7u,C7o,401,504,31,34
C7o,mk7 Enhancement,24,Cells,94,4.85e63,C7u,C7o,401,504,31,34
C7o,mk7 Enhancement,25,Cells,94,9.57e64,C7u,C7o,401,504,31,34
C7o,mk7 Enhancement,26,Cells,94,1.97e66,C7u,C7o,401,504,31,34
C7o,mk7 Enhancement,27,Cells,94,4.19e67,C7u,C7o,401,504,31,34
C7o,mk7 Enhancement,28,Cells,94,9.28e68,C7u,C7o,401,504,31,34
C7o,mk7 Enhancement,29,Cells,94,2.13e70,C7u,C7o,401,504,31,34
C7o,mk7 Enhancement,30,Cells,94,5.05e71,C7u,C7o,401,504,31,34
C7o,mk7 Enhancement,31,Cells,94,1.24e73,C7u,C7o,401,504,31,34
C7o,mk7 Enhancement,32,Cells,94,3.14e74,C7u,C7o,401,504,31,34
C7o,mk7 Enhancement,33,Cells,94,8.21e75,C7u,C7o,401,504,31,34
C7o,mk7 Enhancement,34,Cells,94,2.21e77,C7u,C7o,401,504,31,34
C7o,mk7 Enhancement,35,Cells,94,6.14e78,C7u,C7o,401,504,31,34
C7o,mk7 Enhancement,36,Cells,94,1.75e80,C7u,C7o,401,504,31,34
C7o,mk7 Enhancement,37,Cells,94,5.15e81,C7u,C7o,401,504,31,34
C7o,mk7 Enhancement,38,Cells,94,1.56e83,C7u,C7o,401,504,31,34
C7o,mk7 Enhancement,39,Cells,94,4.82e84,C7u,C7o,401,504,31,34
C7o,mk7 Enhancement,40,Cells,94,1.53e86,C7u,C7o,401,504,31,34
C7o,mk7 Enhancement,41,Cells,94,5.00e87,C7u,C7o,401,504,31,34
C7o,mk7 Enhancement,42,Cells,94,1.67e89,C7u,C7o,401,504,31,34
C7o,mk7 Enhancement,43,Cells,94,5.71e90,C7u,C7o,401,504,31,34
C7o,mk7 Enhancement,44,Cells,94,2.00e92,C7u,C7o,401,504,31,34
C7o,mk7 Enhancement,45,Cells,94,7.17e93,C7u,C7o,401,504,31,34
C7o,mk7 Enhancement,46,Cells,94,2.63e95,C7u,C7o,401,504,31,34
C7o,mk7 Enhancement,47,Cells,94,9.84e96,C7u,C7o,401,504,31,34
C7o,mk7 Enhancement,48,Cells,94,3.76e98,C7u,C7o,401,504,31,34
C7o,mk7 Enhancement,49,Cells,94,1.47e100,C7u,C7o,401,504,31,34
C7o,mk7 Enhancement,50,Cells,94,5.87e101,C7u,C7o,401,504,31,34
C7o,mk7 Enhancement,51,Cells,94,2.39e103,C7u,C7o,401,504,31,34
C7o,mk7 Enhancement,52,Cells,94,9.91e104,C7u,C7o,401,504,31,34
C7o,mk7 Enhancement,53,Cells,94,4.19e106,C7u,C7o,401,504,31,34
C7o,mk7 Enhancement,54,Cells,94,1.81e108,C7u,C7o,401,504,31,34
C7o,mk7 Enhancement,55,Cells,94,7.95e109,C7u,C7o,401,504,31,34
C7o,mk7 Enhancement,56,Cells,94,3.56e111,C7u,C7o,401,504,31,34
C7o,mk7 Enhancement,57,Cells,94,1.62e113,C7u,C7o,401,504,31,34
C7o,mk7 Enhancement,58,Cells,94,7.51e114,C7u,C7o,401,504,31,34
C7o,mk7 Enhancement,59,Cells,94,3.55e116,C7u,C7o,401,504,31,34
C7o,mk7 Enhancement,60,Cells,94,1.70e118,C7u,C7o,401,504,31,34
C7o,mk7 Enhancement,61,Cells,94,8.31e119,C7u,C7o,401,504,31,34
C7o,mk7 Enhancement,62,Cells,94,4.12e121,C7u,C7o,401,504,31,34
C7o,mk7 Enhancement,63,Cells,94,2.08e123,C7u,C7o,401,504,31,34
C7o,mk7 Enhancement,64,Cells,94,1.07e125,C7u,C7o,401,504,31,34
C7o,mk7 Enhancement,65,Cells,94,5.54e126,C7u,C7o,401,504,31,34
C7o,mk7 Enhancement,66,Cells,94,2.93e128,C7u,C7o,401,504,31,34
C7o,mk7 Enhancement,67,Cells,94,1.57e130,C7u,C7o,401,504,31,34
C7o,mk7 Enhancement,68,Cells,94,8.58e131,C7u,C7o,401,504,31,34
C7o,mk7 Enhancement,69,Cells,94,4.74e133,C7u,C7o,401,504,31,34
C7o,mk7 Enhancement,70,Cells,94,2.66e135,C7u,C7o,401,504,31,34
C7o,mk7 Enhancement,71,Cells,94,1.52e137,C7u,C7o,401,504,31,34
C7o,mk7 Enhancement,72,Cells,94,8.75e138,C7u,C7o,401,504,31,34
C7o,mk7 Enhancement,73,Cells,94,5.13e140,C7u,C7o,401,504,31,34
C7o,mk7 Enhancement,74,Cells,94,3.04e142,C7u,C7o,401,504,31,34
C7o,mk7 Enhancement,75,Cells,94,1.83e144,C7u,C7o,401,504,31,34
C7o,mk7 Enhancement,76,Cells,94,1.12e146,C7u,C7o,401,504,31,34
C7o,mk7 Enhancement,77,Cells,94,6.91e147,C7u,C7o,401,504,31,34
C7o,mk7 Enhancement,78,Cells,94,4.32e149,C7u,C7o,401,504,31,34
C7o,mk7 Enhancement,79,Cells,94,2.74e151,C7u,C7o,401,504,31,34
C7o,mk7 Enhancement,80,Cells,94,1.76e153,C7u,C7o,401,504,31,34
C7o,mk7 Enhancement,81,Cells,94,1.15e155,C7u,C7o,401,504,31,34
C7o,mk7 Enhancement,82,Cells,94,7.56e156,C7u,C7o,401,504,31,34
C7o,mk7 Enhancement,83,Cells,94,5.04e158,C7u,C7o,401,504,31,34
C7o,mk7 Enhancement,84,Cells,94,3.40e160,C7u,C7o,401,504,31,34
C7o,mk7 Enhancement,85,Cells,94,2.32e162,C7u,C7o,401,504,31,34
C7o,mk7 Enhancement,86,Cells,94,1.61e164,C7u,C7o,401,504,31,34
C7o,mk7 Enhancement,87,Cells,94,1.12e166,C7u,C7o,401,504,31,34
C7o,mk7 Enhancement,88,Cells,94,7.95e167,C7u,C7o,401,504,31,34
C7o,mk7 Enhancement,89,Cells,94,5.69e169,C7u,C7o,401,504,31,34
C7o,mk7 Enhancement,90,Cells,94,4.12e171,C7u,C7o,401,504,31,34
C7o,mk7 Enhancement,91,Cells,94,3.02e173,C7u,C7o,401,504,31,34
C7o,mk7 Enhancement,92,Cells,94,2.23e175,C7u,C7o,401,504,31,34
C7o,mk7 Enhancement,93,Cells,94,1.67e177,C7u,C7o,401,504,31,34
C7o,mk7 Enhancement,94,Cells,94,1.26e179,C7u,C7o,401,504,31,34
C7o,mk7 Enhancement,95,Cells,94,9.66e180,C7u,C7o,401,504,31,34
C7o,mk7 Enhancement,96,Cells,94,7.47e182,C7u,C7o,401,504,31,34
C7o,mk7 Enhancement,97,Cells,94,5.83e184,C7u,C7o,401,504,31,34
C7o,mk7 Enhancement,98,Cells,94,4.60e186,C7u,C7o,401,504,31,34
C7o,mk7 Enhancement,99,Cells,94,3.67e188,C7u,C7o,401,504,31,34
C7o,mk7 Enhancement,100,Cells,94,2.95e190,C7u,C7o,401,504,31,34
C7o,mk7 Enhancement,101,Cells,94,2.40e192,C7u,C7o,401,504,31,34
C7o,mk7 Enhancement,102,Cells,94,1.97e194,C7u,C7o,401,504,31,34
C7o,mk7 Enhancement,103,Cells,94,1.64e196,C7u,C7o,401,504,31,34
C7o,mk7 Enhancement,104,Cells,94,1.37e198,C7u,C7o,401,504,31,34
C7o,mk7 Enhancement,105,Cells,94,1.16e200,C7u,C7o,401,504,31,34
C7o,mk7 Enhancement,106,Cells,94,9.92e201,C7u,C7o,401,504,31,34
C7o,mk7 Enhancement,107,Cells,94,8.55e203,C7u,C7o,401,504,31,34
C7o,mk7 Enhancement,108,Cells,94,7.44e205,C7u,C7o,401,504,31,34
C7o,mk7 Enhancement,109,Cells,94,6.54e207,C7u,C7o,401,504,31,34
C7o,mk7 Enhancement,110,Cells,94,5.80e209,C7u,C7o,401,504,31,34
C7o,mk7 Enhancement,111,Cells,94,5.19e211,C7u,C7o,401,504,31,34
C7o,mk7 Enhancement,112,Cells,94,4.69e213,C7u,C7o,401,504,31,34
C7o,mk7 Enhancement,113,Cells,94,4.27e215,C7u,C7o,401,504,31,34
C7o,mk7 Enhancement,114,Cells,94,3.93e217,C7u,C7o,401,504,31,34
C7o,mk7 Enhancement,115,Cells,94,3.64e219,C7u,C7o,401,504,31,34
C7o,mk7 Enhancement,116,Cells,94,3.41e221,C7u,C7o,401,504,31,34
C7o,mk7 Enhancement,117,Cells,94,3.22e223,C7u,C7o,401,504,31,34
C7o,mk7 Enhancement,118,Cells,94,3.06e225,C7u,C7o,401,504,31,34
C7o,mk7 Enhancement,119,Cells,94,2.94e227,C7u,C7o,401,504,31,34
C7o,mk7 Enhancement,120,Cells,94,2.85e229,C7u,C7o,401,504,31,34
C7o,mk7 Enhancement,121,Cells,94,2.78e231,C7u,C7o,401,504,31,34
C7o,mk7 Enhancement,122,Cells,94,2.74e233,C7u,C7o,401,504,31,34
C7o,mk7 Enhancement,123,Cells,94,2.72e235,C7u,C7o,401,504,31,34
C7o,mk7 Enhancement,124,Cells,94,2.72e237,C7u,C7o,401,504,31,34
C7o,mk7 Enhancement,125,Cells,94,2.74e239,C7u,C7o,401,504,31,34
C7o,mk7 Enhancement,126,Cells,94,2.79e241,C7u,C7o,401,504,31,34
C7o,mk7 Enhancement,127,Cells,94,2.86e243,C7u,C7o,401,504,31,34
C7o,mk7 Enhancement,128,Cells,94,2.95e245,C7u,C7o,401,504,31,34
C7o,mk7 Enhancement,129,Cells,94,3.08e247,C7u,C7o,401,504,31,34
C7o,mk7 Enhancement,130,Cells,94,3.23e249,C7u,C7o,401,504,31,34
C7o,mk7 Enhancement,131,Cells,94,3.42e251,C7u,C7o,401,504,31,34
C7o,mk7 Enhancement,132,Cells,94,3.64e253,C7u,C7o,401,504,31,34
C7o,mk7 Enhancement,133,Cells,94,3.91e255,C7u,C7o,401,504,31,34
C7o,mk7 Enhancement,134,Cells,94,4.23e257,C7u,C7o,401,504,31,34
C7o,mk7 Enhancement,135,Cells,94,4.62e259,C7u,C7o,401,504,31,34
C7o,mk7 Enhancement,136,Cells,94,5.07e261,C7u,C7o,401,504,31,34
C7o,mk7 Enhancement,137,Cells,94,5.61e263,C7u,C7o,401,504,31,34
C7o,mk7 Enhancement,138,Cells,94,6.26e265,C7u,C7o,401,504,31,34
C7o,mk7 Enhancement,139,Cells,94,7.03e267,C7u,C7o,401,504,31,34
C7o,mk7 Enhancement,140,Cells,94,7.95e269,C7u,C7o,401,504,31,34
C7o,mk7 Enhancement,141,Cells,94,9.06e271,C7u,C7o,401,504,31,34
C7o,mk7 Enhancement,142,Cells,94,1.04e274,C7u,C7o,401,504,31,34
C7o,mk7 Enhancement,143,Cells,94,1.20e276,C7u,C7o,401,504,31,34
C7o,mk7 Enhancement,144,Cells,94,1.40e278,C7u,C7o,401,504,31,34
C7o,mk7 Enhancement,145,Cells,94,1.64e280,C7u,C7o,401,504,31,34
C7o,mk7 Enhancement,146,Cells,94,1.93e282,C7u,C7o,401,504,31,34
C7o,mk7 Enhancement,147,Cells,94,2.30e284,C7u,C7o,401,504,31,34
C7o,mk7 Enhancement,148,Cells,94,2.75e286,C7u,C7o,401,504,31,34
C7o,mk7 Enhancement,149,Cells,94,3.31e288,C7u,C7o,401,504,31,34
C7o,mk7 Enhancement,150,Cells,94,4.01e290,C7u,C7o,401,504,31,34
C7o,mk7 Enhancement,151,Cells,94,4.90e292,C7u,C7o,401,504,31,34
C7o,mk7 Enhancement,152,Cells,94,6.02e294,C7u,C7o,401,504,31,34
C7o,mk7 Enhancement,153,Cells,94,7.45e296,C7u,C7o,401,504,31,34
C7o,mk7 Enhancement,154,Cells,94,9.28e298,C7u,C7o,401,504,31,34
C7o,mk7 Enhancement,155,Cells,94,1.16e301,C7u,C7o,401,504,31,34
C7o,mk7 Enhancement,156,Cells,94,1.47e303,C7u,C7o,401,504,31,34
C7o,mk7 Enhancement,157,Cells,94,1.86e305,C7u,C7o,401,504,31,34
C7o,mk7 Enhancement,158,Cells,94,2.38e307,C7u,C7o,401,504,31,34
C7o,mk7 Enhancement,159,Cells,94,3.06e309,C7u,C7o,401,504,31,34
C7o,mk7 Enhancement,160,Cells,94,3.96e311,C7u,C7o,401,504,31,34
C7o,mk7 Enhancement,161,Cells,94,5.16e313,C7u,C7o,401,504,31,34
C7o,mk7 Enhancement,162,Cells,94,6.77e315,C7u,C7o,401,504,31,34
C7o,mk7 Enhancement,163,Cells,94,8.92e317,C7u,C7o,401,504,31,34
C7o,mk7 Enhancement,164,Cells,94,1.18e320,C7u,C7o,401,504,31,34
C7o,mk7 Enhancement,165,Cells,94,1.58e322,C7u,C7o,401,504,31,34
C7o,mk7 Enhancement,166,Cells,94,2.12e324,C7u,C7o,401,504,31,34
C7o,mk7 Enhancement,167,Cells,94,2.87e326,C7u,C7o,401,504,31,34
C7o,mk7 Enhancement,168,Cells,94,3.90e328,C7u,C7o,401,504,31,34
C7o,mk7 Enhancement,169,Cells,94,5.33e330,C7u,C7o,401,504,31,34
C7o,mk7 Enhancement,170,Cells,94,7.33e332,C7u,C7o,401,504,31,34
C7o,mk7 Enhancement,171,Cells,94,1.02e335,C7u,C7o,401,504,31,34
C7o,mk7 Enhancement,172,Cells,94,1.41e337,C7u,C7o,401,504,31,34
C7o,mk7 Enhancement,173,Cells,94,1.98e339,C7u,C7o,401,504,31,34
C7o,mk7 Enhancement,174,Cells,94,2.79e341,C7u,C7o,401,504,31,34
C7o,mk7 Enhancement,175,Cells,94,3.95e343,C7u,C7o,401,504,31,34
C7o,mk7 Enhancement,176,Cells,94,5.62e345,C7u,C7o,401,504,31,34
C7o,mk7 Enhancement,177,Cells,94,8.06e347,C7u,C7o,401,504,31,34
C7o,mk7 Enhancement,178,Cells,94,1.16e350,C7u,C7o,401,504,31,34
C7o,mk7 Enhancement,179,Cells,94,1.68e352,C7u,C7o,401,504,31,34
C7o,mk7 Enhancement,180,Cells,94,2.45e354,C7u,C7o,401,504,31,34
C7o,mk7 Enhancement,181,Cells,94,3.59e356,C7u,C7o,401,504,31,34
C7o,mk7 Enhancement,182,Cells,94,5.29e358,C7u,C7o,401,504,31,34
C7o,mk7 Enhancement,183,Cells,94,7.84e360,C7u,C7o,401,504,31,34
C7o,mk7 Enhancement,184,Cells,94,1.17e363,C7u,C7o,401,504,31,34
C7o,mk7 Enhancement,185,Cells,94,1.75e365,C7u,C7o,401,504,31,34
C7o,mk7 Enhancement,186,Cells,94,2.64e367,C7u,C7o,401,504,31,34
C7o,mk7 Enhancement,187,Cells,94,3.99e369,C7u,C7o,401,504,31,34
C7o,mk7 Enhancement,188,Cells,94,6.08e371,C7u,C7o,401,504,31,34
C7o,mk7 Enhancement,189,Cells,94,9.30e373,C7u,C7o,401,504,31,34
C7o,mk7 Enhancement,190,Cells,94,1.43e376,C7u,C7o,401,504,31,34
C7o,mk7 Enhancement,191,Cells,94,2.21e378,C7u,C7o,401,504,31,34
C7o,mk7 Enhancement,192,Cells,94,3.44e380,C7u,C7o,401,504,31,34
C7o,mk7 Enhancement,193,Cells,94,5.38e382,C7u,C7o,401,504,31,34
C7o,mk7 Enhancement,194,Cells,94,8.46e384,C7u,C7o,401,504,31,34
C7o,mk7 Enhancement,195,Cells,94,1.34e387,C7u,C7o,401,504,31,34
C7o,mk7 Enhancement,196,Cells,94,2.12e389,C7u,C7o,401,504,31,34
C7o,mk7 Enhancement,197,Cells,94,3.39e391,C7u,C7o,401,504,31,34
C7o,mk7 Enhancement,198,Cells,94,5.43e393,C7u,C7o,401,504,31,34
C7o,mk7 Enhancement,199,Cells,94,8.76e395,C7u,C7o,401,504,31,34
C7o,mk7 Enhancement,200,Cells,94,1.42e398,C7u,C7o,401,504,31,34
C7u,Tech Advance mk7,1,Cells,95,7.00e40,C6u,C7u,440,504,31,33
C7c,mk7 Production Cost,1,Cells,96,7.00e43,C7u,C7c,478,504,31,34
C7c,mk7 Production Cost,2,Cells,96,9.80e45,C7u,C7c,478,504,31,34
C7c,mk7 Production Cost,3,Cells,96,2.80e48,C7u,C7c,478,504,31,34
C7c,mk7 Production Cost,4,Cells,96,1.23e51,C7u,C7c,478,504,31,34
C7c,mk7 Production Cost,5,Cells,96,7.34e53,C7u,C7c,478,504,31,34
C7c,mk7 Production Cost,6,Cells,96,5.55e56,C7u,C7c,478,504,31,34
C7c,mk7 Production Cost,7,Cells,96,5.08e59,C7u,C7c,478,504,31,34
C7c,mk7 Production Cost,8,Cells,96,5.47e62,C7u,C7c,478,504,31,34
C7c,mk7 Production Cost,9,Cells,96,6.77e65,C7u,C7c,478,504,31,34
C7c,mk7 Production Cost,10,Cells,96,9.48e68,C7u,C7c,478,504,31,34
C8o,mk8 Enhancement,1,Cells,97,8.00e79,C8u,C8o,401,464,35,34
C8o,mk8 Enhancement,2,Cells,97,2.40e81,C8u,C8o,401,464,35,34
C8o,mk8 Enhancement,3,Cells,97,9.80e82,C8u,C8o,401,464,35,34
C8o,mk8 Enhancement,4,Cells,97,5.12e84,C8u,C8o,401,464,35,34
C8o,mk8 Enhancement,5,Cells,97,3.28e86,C8u,C8o,401,464,35,34
C8o,mk8 Enhancement,6,Cells,97,2.50e88,C8u,C8o,401,464,35,34
C8o,mk8 Enhancement,7,Cells,97,2.21e90,C8u,C8o,401,464,35,34
C8o,mk8 Enhancement,8,Cells,97,2.24e92,C8u,C8o,401,464,35,34
C8o,mk8 Enhancement,9,Cells,97,2.55e94,C8u,C8o,401,464,35,34
C8o,mk8 Enhancement,10,Cells,97,3.23e96,C8u,C8o,401,464,35,34
C8o,mk8 Enhancement,11,Cells,97,4.51e98,C8u,C8o,401,464,35,34
C8o,mk8 Enhancement,12,Cells,97,6.87e100,C8u,C8o,401,464,35,34
C8o,mk8 Enhancement,13,Cells,97,1.14e103,C8u,C8o,401,464,35,34
C8o,mk8 Enhancement,14,Cells,97,2.03e105,C8u,C8o,401,464,35,34
C8o,mk8 Enhancement,15,Cells,97,3.90e107,C8u,C8o,401,464,35,34
C8o,mk8 Enhancement,16,Cells,97,8.00e109,C8u,C8o,401,464,35,34
C8o,mk8 Enhancement,17,Cells,97,1.75e112,C8u,C8o,401,464,35,34
C8o,mk8 Enhancement,18,Cells,97,4.04e114,C8u,C8o,401,464,35,34
C8o,mk8 Enhancement,19,Cells,97,9.90e116,C8u,C8o,401,464,35,34
C8o,mk8 Enhancement,20,Cells,97,2.56e119,C8u,C8o,401,464,35,34
C8o,mk8 Enhancement,21,Cells,97,6.94e121,C8u,C8o,401,464,35,34
C8o,mk8 Enhancement,22,Cells,97,1.98e124,C8u,C8o,401,464,35,34
C8o,mk8 Enhancement,23,Cells,97,5.89e126,C8u,C8o,401,464,35,34
C8o,mk8 Enhancement,24,Cells,97,1.84e129,C8u,C8o,401,464,35,34
C8o,mk8 Enhancement,25,Cells,97,5.97e131,C8u,C8o,401,464,35,34
C8o,mk8 Enhancement,26,Cells,97,2.02e134,C8u,C8o,401,464,35,34
C8o,mk8 Enhancement,27,Cells,97,7.11e136,C8u,C8o,401,464,35,34
C8o,mk8 Enhancement,28,Cells,97,2.60e139,C8u,C8o,401,464,35,34
C8o,mk8 Enhancement,29,Cells,97,9.83e141,C8u,C8o,401,464,35,34
C8o,mk8 Enhancement,30,Cells,97,3.86e144,C8u,C8o,401,464,35,34
C8o,mk8 Enhancement,31,Cells,97,1.56e147,C8u,C8o,401,464,35,34
C8o,mk8 Enhancement,32,Cells,97,6.55e149,C8u,C8o,401,464,35,34
C8o,mk8 Enhancement,33,Cells,97,2.84e152,C8u,C8o,401,464,35,34
C8o,mk8 Enhancement,34,Cells,97,1.26e155,C8u,C8o,401,464,35,34
C8o,mk8 Enhancement,35,Cells,97,5.81e157,C8u,C8o,401,464,35,34
C8o,mk8 Enhancement,36,Cells,97,2.75e160,C8u,C8o,401,464,35,34
C8o,mk8 Enhancement,37,Cells,97,1.34e163,C8u,C8o,401,464,35,34
C8o,mk8 Enhancement,38,Cells,97,6.69e165,C8u,C8o,401,464,35,34
C8o,mk8 Enhancement,39,Cells,97,3.43e168,C8u,C8o,401,464,35,34
C8o,mk8 Enhancement,40,Cells,97,1.81e171,C8u,C8o,401,464,35,34
C8o,mk8 Enhancement,41,Cells,97,9.78e173,C8u,C8o,401,464,35,34
C8o,mk8 Enhancement,42,Cells,97,5.42e176,C8u,C8o,401,464,35,34
C8o,mk8 Enhancement,43,Cells,97,3.08e179,C8u,C8o,401,464,35,34
C8o,mk8 Enhancement,44,Cells,97,1.79e182,C8u,C8o,401,464,35,34
C8o,mk8 Enhancement,45,Cells,97,1.06e185,C8u,C8o,401,464,35,34
C8o,mk8 Enhancement,46,Cells,97,6.46e187,C8u,C8o,401,464,35,34
C8o,mk8 Enhancement,47,Cells,97,4.02e190,C8u,C8o,401,464,35,34
C8o,mk8 Enhancement,48,Cells,97,2.55e193,C8u,C8o,401,464,35,34
C8o,mk8 Enhancement,49,Cells,97,1.66e196,C8u,C8o,401,464,35,34
C8o,mk8 Enhancement,50,Cells,97,1.10e199,C8u,C8o,401,464,35,34
C8o,mk8 Enhancement,51,Cells,97,7.41e201,C8u,C8o,401,464,35,34
C8o,mk8 Enhancement,52,Cells,97,5.11e204,C8u,C8o,401,464,35,34
C8o,mk8 Enhancement,53,Cells,97,3.59e207,C8u,C8o,401,464,35,34
C8o,mk8 Enhancement,54,Cells,97,2.57e210,C8u,C8o,401,464,35,34
C8o,mk8 Enhancement,55,Cells,97,1.88e213,C8u,C8o,401,464,35,34
C8o,mk8 Enhancement,56,Cells,97,1.40e216,C8u,C8o,401,464,35,34
C8o,mk8 Enhancement,57,Cells,97,1.06e219,C8u,C8o,401,464,35,34
C8o,mk8 Enhancement,58,Cells,97,8.14e221,C8u,C8o,401,464,35,34
C8o,mk8 Enhancement,59,Cells,97,6.38e224,C8u,C8o,401,464,35,34
C8o,mk8 Enhancement,60,Cells,97,5.09e227,C8u,C8o,401,464,35,34
C8o,mk8 Enhancement,61,Cells,97,4.13e230,C8u,C8o,401,464,35,34
C8o,mk8 Enhancement,62,Cells,97,3.41e233,C8u,C8o,401,464,35,34
C8o,mk8 Enhancement,63,Cells,97,2.86e236,C8u,C8o,401,464,35,34
C8o,mk8 Enhancement,64,Cells,97,2.43e239,C8u,C8o,401,464,35,34
C8o,mk8 Enhancement,65,Cells,97,2.11e242,C8u,C8o,401,464,35,34
C8o,mk8 Enhancement,66,Cells,97,1.85e245,C8u,C8o,401,464,35,34
C8o,mk8 Enhancement,67,Cells,97,1.65e248,C8u,C8o,401,464,35,34
C8o,mk8 Enhancement,68,Cells,97,1.50e251,C8u,C8o,401,464,35,34
C8o,mk8 Enhancement,69,Cells,97,1.38e254,C8u,C8o,401,464,35,34
C8o,mk8 Enhancement,70,Cells,97,1.29e257,C8u,C8o,401,464,35,34
C8o,mk8 Enhancement,71,Cells,97,1.22e260,C8u,C8o,401,464,35,34
C8o,mk8 Enhancement,72,Cells,97,1.17e263,C8u,C8o,401,464,35,34
C8o,mk8 Enhancement,73,Cells,97,1.14e266,C8u,C8o,401,464,35,34
C8o,mk8 Enhancement,74,Cells,97,1.12e269,C8u,C8o,401,464,35,34
C8o,mk8 Enhancement,75,Cells,97,1.13e272,C8u,C8o,401,464,35,34
C8o,mk8 Enhancement,76,Cells,97,1.14e275,C8u,C8o,401,464,35,34
C8o,mk8 Enhancement,77,Cells,97,1.17e278,C8u,C8o,401,464,35,34
C8o,mk8 Enhancement,78,Cells,97,1.22e281,C8u,C8o,401,464,35,34
C8o,mk8 Enhancement,79,Cells,97,1.29e284,C8u,C8o,401,464,35,34
C8o,mk8 Enhancement,80,Cells,97,1.38e287,C8u,C8o,401,464,35,34
C8o,mk8 Enhancement,81,Cells,97,1.49e290,C8u,C8o,401,464,35,34
C8o,mk8 Enhancement,82,Cells,97,1.64e293,C8u,C8o,401,464,35,34
C8o,mk8 Enhancement,83,Cells,97,1.82e296,C8u,C8o,401,464,35,34
C8o,mk8 Enhancement,84,Cells,97,2.04e299,C8u,C8o,401,464,35,34
C8o,mk8 Enhancement,85,Cells,97,2.32e302,C8u,C8o,401,464,35,34
C8o,mk8 Enhancement,86,Cells,97,2.67e305,C8u,C8o,401,464,35,34
C8o,mk8 Enhancement,87,Cells,97,3.11e308,C8u,C8o,401,464,35,34
C8o,mk8 Enhancement,88,Cells,97,3.66e311,C8u,C8o,401,464,35,34
C8o,mk8 Enhancement,89,Cells,97,4.35e314,C8u,C8o,401,464,35,34
C8o,mk8 Enhancement,90,Cells,97,5.25e317,C8u,C8o,401,464,35,34
C8o,mk8 Enhancement,91,Cells,97,6.39e320,C8u,C8o,401,464,35,34
C8o,mk8 Enhancement,92,Cells,97,7.87e323,C8u,C8o,401,464,35,34
C8o,mk8 Enhancement,93,Cells,97,9.80e326,C8u,C8o,401,464,35,34
C8o,mk8 Enhancement,94,Cells,97,1.23e330,C8u,C8o,401,464,35,34
C8o,mk8 Enhancement,95,Cells,97,1.57e333,C8u,C8o,401,464,35,34
C8o,mk8 Enhancement,96,Cells,97,2.02e336,C8u,C8o,401,464,35,34
C8o,mk8 Enhancement,97,Cells,97,2.62e339,C8u,C8o,401,464,35,34
C8o,mk8 Enhancement,98,Cells,97,3.45e342,C8u,C8o,401,464,35,34
C8o,mk8 Enhancement,99,Cells,97,4.57e345,C8u,C8o,401,464,35,34
C8o,mk8 Enhancement,100,Cells,97,6.13e348,C8u,C8o,401,464,35,34
C8o,mk8 Enhancement,101,Cells,97,8.30e351,C8u,C8o,401,464,35,34
C8o,mk8 Enhancement,102,Cells,97,1.13e355,C8u,C8o,401,464,35,34
C8o,mk8 Enhancement,103,Cells,97,1.57e358,C8u,C8o,401,464,35,34
C8o,mk8 Enhancement,104,Cells,97,2.19e361,C8u,C8o,401,464,35,34
C8o,mk8 Enhancement,105,Cells,97,3.08e364,C8u,C8o,401,464,35,34
C8o,mk8 Enhancement,106,Cells,97,4.38e367,C8u,C8o,401,464,35,34
C8o,mk8 Enhancement,107,Cells,97,6.28e370,C8u,C8o,401,464,35,34
C8o,mk8 Enhancement,108,Cells,97,9.10e373,C8u,C8o,401,464,35,34
C8o,mk8 Enhancement,109,Cells,97,1.33e377,C8u,C8o,401,464,35,34
C8o,mk8 Enhancement,110,Cells,97,1.97e380,C8u,C8o,401,464,35,34
C8o,mk8 Enhancement,111,Cells,97,2.93e383,C8u,C8o,401,464,35,34
C8o,mk8 Enhancement,112,Cells,97,4.40e386,C8u,C8o,401,464,35,34
C8o,mk8 Enhancement,113,Cells,97,6.68e389,C8u,C8o,401,464,35,34
C8o,mk8 Enhancement,114,Cells,97,1.02e393,C8u,C8o,401,464,35,34
C8o,mk8 Enhancement,115,Cells,97,1.58e396,C8u,C8o,401,464,35,34
C8o,mk8 Enhancement,116,Cells,97,2.46e399,C8u,C8o,401,464,35,34
C8u,Tech Advance mk8,1,Cells,98,8.00e80,C7u,C8u,440,464,35,33
C8c,mk8 Production Cost,1,Cells,99,8.00e200,C8u,C8c,478,464,35,34
C8c,mk8 Production Cost,2,Cells,99,4.80e207,C8u,C8c,478,464,35,34
C8c,mk8 Production Cost,3,Cells,99,6.20e214,C8u,C8c,478,464,35,34
C8c,mk8 Production Cost,4,Cells,99,1.25e222,C8u,C8c,478,464,35,34
C8c,mk8 Production Cost,5,Cells,99,3.44e229,C8u,C8c,478,464,35,34
C8c,mk8 Production Cost,6,Cells,99,1.20e237,C8u,C8c,478,464,35,34
C8c,mk8 Production Cost,7,Cells,99,5.12e244,C8u,C8c,478,464,35,34
C8c,mk8 Production Cost,8,Cells,99,2.56e252,C8u,C8c,478,464,35,34
C8c,mk8 Production Cost,9,Cells,99,1.48e260,C8u,C8c,478,464,35,34
C8c,mk8 Production Cost,10,Cells,99,9.62e267,C8u,C8c,478,464,35,34
C09,Instant Diamond B2,1,Diamonds,100,1.00e88,C8u,C09,440,184,41,33
C1cb,mk1 Production Cost B,1,Cells,101,1.00e95,C1b,C1cb,402,148,35,33
C1cb,mk1 Production Cost B,2,Cells,101,2.00e101,C1b,C1cb,402,148,35,33
C1cb,mk1 Production Cost B,3,Cells,101,9.00e107,C1b,C1cb,402,148,35,33
C1cb,mk1 Production Cost B,4,Cells,101,6.40e114,C1b,C1cb,402,148,35,33
C1cb,mk1 Production Cost B,5,Cells,101,6.25e121,C1b,C1cb,402,148,35,33
C1cb,mk1 Production Cost B,6,Cells,101,7.78e128,C1b,C1cb,402,148,35,33
C1cb,mk1 Production Cost B,7,Cells,101,1.18e136,C1b,C1cb,402,148,35,33
C1cb,mk1 Production Cost B,8,Cells,101,2.10e143,C1b,C1cb,402,148,35,33
C1cb,mk1 Production Cost B,9,Cells,101,4.30e150,C1b,C1cb,402,148,35,33
C1cb,mk1 Production Cost B,10,Cells,101,1.00e158,C1b,C1cb,402,148,35,33
C1b,Tech Adv mk1 Bulk,1,Cells,102,1.00e90,C09,C1b,402,188,35,33
C1ob,mk1 Enhancement B,1,Cells,103,1.00e100,C1b,C1ob,402,228,35,33
C1ob,mk1 Enhancement B,2,Cells,103,1.20e100,C1b,C1ob,402,228,35,33
C1ob,mk1 Enhancement B,3,Cells,103,1.69e100,C1b,C1ob,402,228,35,33
C1ob,mk1 Enhancement B,4,Cells,103,2.74e100,C1b,C1ob,402,228,35,33
C1ob,mk1 Enhancement B,5,Cells,103,5.06e100,C1b,C1ob,402,228,35,33
C1ob,mk1 Enhancement B,6,Cells,103,1.05e101,C1b,C1ob,402,228,35,33
C1ob,mk1 Enhancement B,7,Cells,103,2.41e101,C1b,C1ob,402,228,35,33
C1ob,mk1 Enhancement B,8,Cells,103,6.12e101,C1b,C1ob,402,228,35,33
C1ob,mk1 Enhancement B,9,Cells,103,1.70e102,C1b,C1ob,402,228,35,33
C1ob,mk1 Enhancement B,10,Cells,103,5.12e102,C1b,C1ob,402,228,35,33
C1ob,mk1 Enhancement B,11,Cells,103,1.67e103,C1b,C1ob,402,228,35,33
C1ob,mk1 Enhancement B,12,Cells,103,5.84e103,C1b,C1ob,402,228,35,33
C1ob,mk1 Enhancement B,13,Cells,103,2.19e104,C1b,C1ob,402,228,35,33
C1ob,mk1 Enhancement B,14,Cells,103,8.76e104,C1b,C1ob,402,228,35,33
C1ob,mk1 Enhancement B,15,Cells,103,3.73e105,C1b,C1ob,402,228,35,33
C1ob,mk1 Enhancement B,16,Cells,103,1.68e106,C1b,C1ob,402,228,35,33
C1ob,mk1 Enhancement B,17,Cells,103,7.98e106,C1b,C1ob,402,228,35,33
C1ob,mk1 Enhancement B,18,Cells,103,4.00e107,C1b,C1ob,402,228,35,33
C1ob,mk1 Enhancement B,19,Cells,103,2.10e108,C1b,C1ob,402,228,35,33
C1ob,mk1 Enhancement B,20,Cells,103,1.16e109,C1b,C1ob,402,228,35,33
C1ob,mk1 Enhancement B,21,Cells,103,6.72e109,C1b,C1ob,402,228,35,33
C1ob,mk1 Enhancement B,22,Cells,103,4.06e110,C1b,C1ob,402,228,35,33
C1ob,mk1 Enhancement B,23,Cells,103,2.55e111,C1b,C1ob,402,228,35,33
C1ob,mk1 Enhancement B,24,Cells,103,1.68e112,C1b,C1ob,402,228,35,33
C1ob,mk1 Enhancement B,25,Cells,103,1.14e113,C1b,C1ob,402,228,35,33
C1ob,mk1 Enhancement B,26,Cells,103,8.08e113,C1b,C1ob,402,228,35,33
C1ob,mk1 Enhancement B,27,Cells,103,5.93e114,C1b,C1ob,402,228,35,33
C1ob,mk1 Enhancement B,28,Cells,103,4.51e115,C1b,C1ob,402,228,35,33
C1ob,mk1 Enhancement B,29,Cells,103,3.55e116,C1b,C1ob,402,228,35,33
C1ob,mk1 Enhancement B,30,Cells,103,2.88e117,C1b,C1ob,402,228,35,33
C1ob,mk1 Enhancement B,31,Cells,103,2.42e118,C1b,C1ob,402,228,35,33
C1ob,mk1 Enhancement B,32,Cells,103,2.09e119,C1b,C1ob,402,228,35,33
C1ob,mk1 Enhancement B,33,Cells,103,1.87e120,C1b,C1ob,402,228,35,33
C1ob,mk1 Enhancement B,34,Cells,103,1.71e121,C1b,C1ob,402,228,35,33
C1ob,mk1 Enhancement B,35,Cells,103,1.62e122,C1b,C1ob,402,228,35,33
C1ob,mk1 Enhancement B,36,Cells,103,1.57e123,C1b,C1ob,402,228,35,33
C1ob,mk1 Enhancement B,37,Cells,103,1.57e124,C1b,C1ob,402,228,35,33
C1ob,mk1 Enhancement B,38,Cells,103,1.61e125,C1b,C1ob,402,228,35,33
C1ob,mk1 Enhancement B,39,Cells,103,1.69e126,C1b,C1ob,402,228,35,33
C1ob,mk1 Enhancement B,40,Cells,103,1.82e127,C1b,C1ob,402,228,35,33
C1ob,mk1 Enhancement B,41,Cells,103,2.01e128,C1b,C1ob,402,228,35,33
C1ob,mk1 Enhancement B,42,Cells,103,2.27e129,C1b,C1ob,402,228,35,33
C1ob,mk1 Enhancement B,43,Cells,103,2.63e130,C1b,C1ob,402,228,35,33
C1ob,mk1 Enhancement B,44,Cells,103,3.11e131,C1b,C1ob,402,228,35,33
C1ob,mk1 Enhancement B,45,Cells,103,3.77e132,C1b,C1ob,402,228,35,33
C1ob,mk1 Enhancement B,46,Cells,103,4.66e133,C1b,C1ob,402,228,35,33
C1ob,mk1 Enhancement B,47,Cells,103,5.89e134,C1b,C1ob,402,228,35,33
C1ob,mk1 Enhancement B,48,Cells,103,7.61e135,C1b,C1ob,402,228,35,33
C1ob,mk1 Enhancement B,49,Cells,103,1.00e137,C1b,C1ob,402,228,35,33
C1ob,mk1 Enhancement B,50,Cells,103,1.35e138,C1b,C1ob,402,228,35,33
C1ob,mk1 Enhancement B,51,Cells,103,1.85e139,C1b,C1ob,402,228,35,33
C1ob,mk1 Enhancement B,52,Cells,103,2.58e140,C1b,C1ob,402,228,35,33
C1ob,mk1 Enhancement B,53,Cells,103,3.68e141,C1b,C1ob,402,228,35,33
C1ob,mk1 Enhancement B,54,Cells,103,5.34e142,C1b,C1ob,402,228,35,33
C1ob,mk1 Enhancement B,55,Cells,103,7.89e143,C1b,C1ob,402,228,35,33
C1ob,mk1 Enhancement B,56,Cells,103,1.19e145,C1b,C1ob,402,228,35,33
C1ob,mk1 Enhancement B,57,Cells,103,1.82e146,C1b,C1ob,402,228,35,33
C1ob,mk1 Enhancement B,58,Cells,103,2.84e147,C1b,C1ob,402,228,35,33
C1ob,mk1 Enhancement B,59,Cells,103,4.50e148,C1b,C1ob,402,228,35,33
C1ob,mk1 Enhancement B,60,Cells,103,7.26e149,C1b,C1ob,402,228,35,33
C1ob,mk1 Enhancement B,61,Cells,103,1.19e151,C1b,C1ob,402,228,35,33
C1ob,mk1 Enhancement B,62,Cells,103,1.98e152,C1b,C1ob,402,228,35,33
C1ob,mk1 Enhancement B,63,Cells,103,3.36e153,C1b,C1ob,402,228,35,33
C1ob,mk1 Enhancement B,64,Cells,103,5.78e154,C1b,C1ob,402,228,35,33
C1ob,mk1 Enhancement B,65,Cells,103,1.01e156,C1b,C1ob,402,228,35,33
C1ob,mk1 Enhancement B,66,Cells,103,1.79e157,C1b,C1ob,402,228,35,33
C1ob,mk1 Enhancement B,67,Cells,103,3.22e158,C1b,C1ob,402,228,35,33
C1ob,mk1 Enhancement B,68,Cells,103,5.89e159,C1b,C1ob,402,228,35,33
C1ob,mk1 Enhancement B,69,Cells,103,1.09e161,C1b,C1ob,402,228,35,33
C1ob,mk1 Enhancement B,70,Cells,103,2.06e162,C1b,C1ob,402,228,35,33
C1ob,mk1 Enhancement B,71,Cells,103,3.93e163,C1b,C1ob,402,228,35,33
C1ob,mk1 Enhancement B,72,Cells,103,7.60e164,C1b,C1ob,402,228,35,33
C1ob,mk1 Enhancement B,73,Cells,103,1.49e166,C1b,C1ob,402,228,35,33
C1ob,mk1 Enhancement B,74,Cells,103,2.97e167,C1b,C1ob,402,228,35,33
C1ob,mk1 Enhancement B,75,Cells,103,5.98e168,C1b,C1ob,402,228,35,33
C1ob,mk1 Enhancement B,76,Cells,103,1.22e170,C1b,C1ob,402,228,35,33
C1ob,mk1 Enhancement B,77,Cells,103,2.53e171,C1b,C1ob,402,228,35,33
C1ob,mk1 Enhancement B,78,Cells,103,5.31e172,C1b,C1ob,402,228,35,33
C1ob,mk1 Enhancement B,79,Cells,103,1.13e174,C1b,C1ob,402,228,35,33
C1ob,mk1 Enhancement B,80,Cells,103,2.43e175,C1b,C1ob,402,228,35,33
C1ob,mk1 Enhancement B,81,Cells,103,5.29e176,C1b,C1ob,402,228,35,33
C1ob,mk1 Enhancement B,82,Cells,103,1.17e178,C1b,C1ob,402,228,35,33
C1ob,mk1 Enhancement B,83,Cells,103,2.60e179,C1b,C1ob,402,228,35,33
C1ob,mk1 Enhancement B,84,Cells,103,5.88e180,C1b,C1ob,402,228,35,33
C1ob,mk1 Enhancement B,85,Cells,103,1.35e182,C1b,C1ob,402,228,35,33
C1ob,mk1 Enhancement B,86,Cells,103,3.11e183,C1b,C1ob,402,228,35,33
C1ob,mk1 Enhancement B,87,Cells,103,7.28e184,C1b,C1ob,402,228,35,33
C1ob,mk1 Enhancement B,88,Cells,103,1.72e186,C1b,C1ob,402,228,35,33
C1ob,mk1 Enhancement B,89,Cells,103,4.13e187,C1b,C1ob,402,228,35,33
C1ob,mk1 Enhancement B,90,Cells,103,1.00e189,C1b,C1ob,402,228,35,33
C1ob,mk1 Enhancement B,91,Cells,103,2.45e190,C1b,C1ob,402,228,35,33
C1ob,mk1 Enhancement B,92,Cells,103,6.06e191,C1b,C1ob,402,228,35,33
C1ob,mk1 Enhancement B,93,Cells,103,1.52e193,C1b,C1ob,402,228,35,33
C1ob,mk1 Enhancement B,94,Cells,103,3.84e194,C1b,C1ob,402,228,35,33
C1ob,mk1 Enhancement B,95,Cells,103,9.81e195,C1b,C1ob,402,228,35,33
C1ob,mk1 Enhancement B,96,Cells,103,2.54e197,C1b,C1ob,402,228,35,33
C1ob,mk1 Enhancement B,97,Cells,103,6.62e198,C1b,C1ob,402,228,35,33
C1ob,mk1 Enhancement B,98,Cells,103,1.75e200,C1b,C1ob,402,228,35,33
C1ob,mk1 Enhancement B,99,Cells,103,4.65e201,C1b,C1ob,402,228,35,33
C1ob,mk1 Enhancement B,100,Cells,103,1.25e203,C1b,C1ob,402,228,35,33
C1ob,mk1 Enhancement B,101,Cells,103,3.41e204,C1b,C1ob,402,228,35,33
C1ob,mk1 Enhancement B,102,Cells,103,9.35e205,C1b,C1ob,402,228,35,33
C1ob,mk1 Enhancement B,103,Cells,103,2.59e207,C1b,C1ob,402,228,35,33
C1ob,mk1 Enhancement B,104,Cells,103,7.26e208,C1b,C1ob,402,228,35,33
C1ob,mk1 Enhancement B,105,Cells,103,2.05e210,C1b,C1ob,402,228,35,33
C1ob,mk1 Enhancement B,106,Cells,103,5.86e211,C1b,C1ob,402,228,35,33
C1ob,mk1 Enhancement B,107,Cells,103,1.69e213,C1b,C1ob,402,228,35,33
C1ob,mk1 Enhancement B,108,Cells,103,4.91e214,C1b,C1ob,402,228,35,33
C1ob,mk1 Enhancement B,109,Cells,103,1.44e216,C1b,C1ob,402,228,35,33
C1ob,mk1 Enhancement B,110,Cells,103,4.27e217,C1b,C1ob,402,228,35,33
C1ob,mk1 Enhancement B,111,Cells,103,1.28e219,C1b,C1ob,402,228,35,33
C1ob,mk1 Enhancement B,112,Cells,103,3.85e220,C1b,C1ob,402,228,35,33
C1ob,mk1 Enhancement B,113,Cells,103,1.17e222,C1b,C1ob,402,228,35,33
C1ob,mk1 Enhancement B,114,Cells,103,3.60e223,C1b,C1ob,402,228,35,33
C1ob,mk1 Enhancement B,115,Cells,103,1.12e225,C1b,C1ob,402,228,35,33
C1ob,mk1 Enhancement B,116,Cells,103,3.49e226,C1b,C1ob,402,228,35,33
C1ob,mk1 Enhancement B,117,Cells,103,1.10e228,C1b,C1ob,402,228,35,33
C1ob,mk1 Enhancement B,118,Cells,103,3.50e229,C1b,C1ob,402,228,35,33
C1ob,mk1 Enhancement B,119,Cells,103,1.12e231,C1b,C1ob,402,228,35,33
C1ob,mk1 Enhancement B,120,Cells,103,3.62e232,C1b,C1ob,402,228,35,33
C1ob,mk1 Enhancement B,121,Cells,103,1.18e234,C1b,C1ob,402,228,35,33
C1ob,mk1 Enhancement B,122,Cells,103,3.89e235,C1b,C1ob,402,228,35,33
C1ob,mk1 Enhancement B,123,Cells,103,1.29e237,C1b,C1ob,402,228,35,33
C1ob,mk1 Enhancement B,124,Cells,103,4.30e238,C1b,C1ob,402,228,35,33
C1ob,mk1 Enhancement B,125,Cells,103,1.45e240,C1b,C1ob,402,228,35,33
C1ob,mk1 Enhancement B,126,Cells,103,4.92e241,C1b,C1ob,402,228,35,33
C1ob,mk1 Enhancement B,127,Cells,103,1.69e243,C1b,C1ob,402,228,35,33
C1ob,mk1 Enhancement B,128,Cells,103,5.82e244,C1b,C1ob,402,228,35,33
C1ob,mk1 Enhancement B,129,Cells,103,2.02e246,C1b,C1ob,402,228,35,33
C1ob,mk1 Enhancement B,130,Cells,103,7.09e247,C1b,C1ob,402,228,35,33
C1ob,mk1 Enhancement B,131,Cells,103,2.50e249,C1b,C1ob,402,228,35,33
C1ob,mk1 Enhancement B,132,Cells,103,8.91e250,C1b,C1ob,402,228,35,33
C1ob,mk1 Enhancement B,133,Cells,103,3.19e252,C1b,C1ob,402,228,35,33
C1ob,mk1 Enhancement B,134,Cells,103,1.15e254,C1b,C1ob,402,228,35,33
C1ob,mk1 Enhancement B,135,Cells,103,4.20e255,C1b,C1ob,402,228,35,33
C1ob,mk1 Enhancement B,136,Cells,103,1.54e257,C1b,C1ob,402,228,35,33
C1ob,mk1 Enhancement B,137,Cells,103,5.69e258,C1b,C1ob,402,228,35,33
C1ob,mk1 Enhancement B,138,Cells,103,2.12e260,C1b,C1ob,402,228,35,33
C1ob,mk1 Enhancement B,139,Cells,103,7.94e261,C1b,C1ob,402,228,35,33
C1ob,mk1 Enhancement B,140,Cells,103,3.00e263,C1b,C1ob,402,228,35,33
C1ob,mk1 Enhancement B,141,Cells,103,1.14e265,C1b,C1ob,402,228,35,33
C1ob,mk1 Enhancement B,142,Cells,103,4.36e266,C1b,C1ob,402,228,35,33
C1ob,mk1 Enhancement B,143,Cells,103,1.68e268,C1b,C1ob,402,228,35,33
C1ob,mk1 Enhancement B,144,Cells,103,6.54e269,C1b,C1ob,402,228,35,33
C1ob,mk1 Enhancement B,145,Cells,103,2.56e271,C1b,C1ob,402,228,35,33
C1ob,mk1 Enhancement B,146,Cells,103,1.01e273,C1b,C1ob,402,228,35,33
C1ob,mk1 Enhancement B,147,Cells,103,3.99e274,C1b,C1ob,402,228,35,33
C1ob,mk1 Enhancement B,148,Cells,103,1.59e276,C1b,C1ob,402,228,35,33
C1ob,mk1 Enhancement B,149,Cells,103,6.41e277,C1b,C1ob,402,228,35,33
C1ob,mk1 Enhancement B,150,Cells,103,2.59e279,C1b,C1ob,402,228,35,33
C1ob,mk1 Enhancement B,151,Cells,103,1.06e281,C1b,C1ob,402,228,35,33
C1ob,mk1 Enhancement B,152,Cells,103,4.33e282,C1b,C1ob,402,228,35,33
C1ob,mk1 Enhancement B,153,Cells,103,1.79e284,C1b,C1ob,402,228,35,33
C1ob,mk1 Enhancement B,154,Cells,103,7.43e285,C1b,C1ob,402,228,35,33
C1ob,mk1 Enhancement B,155,Cells,103,3.11e287,C1b,C1ob,402,228,35,33
C1ob,mk1 Enhancement B,156,Cells,103,1.31e289,C1b,C1ob,402,228,35,33
C1ob,mk1 Enhancement B,157,Cells,103,5.54e290,C1b,C1ob,402,228,35,33
C1ob,mk1 Enhancement B,158,Cells,103,2.36e292,C1b,C1ob,402,228,35,33
C1ob,mk1 Enhancement B,159,Cells,103,1.01e294,C1b,C1ob,402,228,35,33
C1ob,mk1 Enhancement B,160,Cells,103,4.38e295,C1b,C1ob,402,228,35,33
C1ob,mk1 Enhancement B,161,Cells,103,1.90e297,C1b,C1ob,402,228,35,33
C1ob,mk1 Enhancement B,162,Cells,103,8.32e298,C1b,C1ob,402,228,35,33
C1ob,mk1 Enhancement B,163,Cells,103,3.66e300,C1b,C1ob,402,228,35,33
C1ob,mk1 Enhancement B,164,Cells,103,1.62e302,C1b,C1ob,402,228,35,33
C1ob,mk1 Enhancement B,165,Cells,103,7.22e303,C1b,C1ob,402,228,35,33
C1ob,mk1 Enhancement B,166,Cells,103,3.23e305,C1b,C1ob,402,228,35,33
C1ob,mk1 Enhancement B,167,Cells,103,1.46e307,C1b,C1ob,402,228,35,33
C1ob,mk1 Enhancement B,168,Cells,103,6.61e308,C1b,C1ob,402,228,35,33
C1ob,mk1 Enhancement B,169,Cells,103,3.02e310,C1b,C1ob,402,228,35,33
C1ob,mk1 Enhancement B,170,Cells,103,1.38e312,C1b,C1ob,402,228,35,33
C1ob,mk1 Enhancement B,171,Cells,103,6.39e313,C1b,C1ob,402,228,35,33
C1ob,mk1 Enhancement B,172,Cells,103,2.97e315,C1b,C1ob,402,228,35,33
C1ob,mk1 Enhancement B,173,Cells,103,1.39e317,C1b,C1ob,402,228,35,33
C1ob,mk1 Enhancement B,174,Cells,103,6.51e318,C1b,C1ob,402,228,35,33
C1ob,mk1 Enhancement B,175,Cells,103,3.08e320,C1b,C1ob,402,228,35,33
C1ob,mk1 Enhancement B,176,Cells,103,1.46e322,C1b,C1ob,402,228,35,33
C1ob,mk1 Enhancement B,177,Cells,103,6.98e323,C1b,C1ob,402,228,35,33
C1ob,mk1 Enhancement B,178,Cells,103,3.36e325,C1b,C1ob,402,228,35,33
C1ob,mk1 Enhancement B,179,Cells,103,1.62e327,C1b,C1ob,402,228,35,33
C1ob,mk1 Enhancement B,180,Cells,103,7.89e328,C1b,C1ob,402,228,35,33
C1ob,mk1 Enhancement B,181,Cells,103,3.85e330,C1b,C1ob,402,228,35,33
C1ob,mk1 Enhancement B,182,Cells,103,1.89e332,C1b,C1ob,402,228,35,33
C1ob,mk1 Enhancement B,183,Cells,103,9.36e333,C1b,C1ob,402,228,35,33
C1ob,mk1 Enhancement B,184,Cells,103,4.65e335,C1b,C1ob,402,228,35,33
C1ob,mk1 Enhancement B,185,Cells,103,2.32e337,C1b,C1ob,402,228,35,33
C1ob,mk1 Enhancement B,186,Cells,103,1.17e339,C1b,C1ob,402,228,35,33
C1ob,mk1 Enhancement B,187,Cells,103,5.90e340,C1b,C1ob,402,228,35,33
C1ob,mk1 Enhancement B,188,Cells,103,2.99e342,C1b,C1ob,402,228,35,33
C1ob,mk1 Enhancement B,189,Cells,103,1.53e344,C1b,C1ob,402,228,35,33
C1ob,mk1 Enhancement B,190,Cells,103,7.85e345,C1b,C1ob,402,228,35,33
C1ob,mk1 Enhancement B,191,Cells,103,4.05e347,C1b,C1ob,402,228,35,33
C1ob,mk1 Enhancement B,192,Cells,103,2.10e349,C1b,C1ob,402,228,35,33
C1ob,mk1 Enhancement B,193,Cells,103,1.09e351,C1b,C1ob,402,228,35,33
C1ob,mk1 Enhancement B,194,Cells,103,5.74e352,C1b,C1ob,402,228,35,33
C1ob,mk1 Enhancement B,195,Cells,103,3.02e354,C1b,C1ob,402,228,35,33
C1ob,mk1 Enhancement B,196,Cells,103,1.60e356,C1b,C1ob,402,228,35,33
C1ob,mk1 Enhancement B,197,Cells,103,8.52e357,C1b,C1ob,402,228,35,33
C1ob,mk1 Enhancement B,198,Cells,103,4.55e359,C1b,C1ob,402,228,35,33
C1ob,mk1 Enhancement B,199,Cells,103,2.45e361,C1b,C1ob,402,228,35,33
C1ob,mk1 Enhancement B,200,Cells,103,1.32e363,C1b,C1ob,402,228,35,33
C2cb,mk2 Production Cost B,1,Cells,104,2.00e135,C2b,C2cb,362,148,35,35
C2cb,mk2 Production Cost B,2,Cells,104,4.00e142,C2b,C2cb,362,148,35,35
C2cb,mk2 Production Cost B,3,Cells,104,1.80e150,C2b,C2cb,362,148,35,35
C2cb,mk2 Production Cost B,4,Cells,104,1.28e158,C2b,C2cb,362,148,35,35
C2cb,mk2 Production Cost B,5,Cells,104,1.25e166,C2b,C2cb,362,148,35,35
C2cb,mk2 Production Cost B,6,Cells,104,1.56e174,C2b,C2cb,362,148,35,35
C2cb,mk2 Production Cost B,7,Cells,104,2.35e182,C2b,C2cb,362,148,35,35
C2cb,mk2 Production Cost B,8,Cells,104,4.19e190,C2b,C2cb,362,148,35,35
C2cb,mk2 Production Cost B,9,Cells,104,8.61e198,C2b,C2cb,362,148,35,35
C2cb,mk2 Production Cost B,10,Cells,104,2.00e207,C2b,C2cb,362,148,35,35
C2b,Tech Adv mk2 Bulk,1,Cells,105,2.00e130,C1b,C2b,362,188,35,35
C2ob,mk2 Enhancement B,1,Cells,106,2.00e140,C2b,C2ob,362,228,35,35
C2ob,mk2 Enhancement B,2,Cells,106,2.70e140,C2b,C2ob,362,228,35,35
C2ob,mk2 Enhancement B,3,Cells,106,4.50e140,C2b,C2ob,362,228,35,35
C2ob,mk2 Enhancement B,4,Cells,106,8.98e140,C2b,C2ob,362,228,35,35
C2ob,mk2 Enhancement B,5,Cells,106,2.10e141,C2b,C2ob,362,228,35,35
C2ob,mk2 Enhancement B,6,Cells,106,5.64e141,C2b,C2ob,362,228,35,35
C2ob,mk2 Enhancement B,7,Cells,106,1.72e142,C2b,C2ob,362,228,35,35
C2ob,mk2 Enhancement B,8,Cells,106,5.84e142,C2b,C2ob,362,228,35,35
C2ob,mk2 Enhancement B,9,Cells,106,2.20e143,C2b,C2ob,362,228,35,35
C2ob,mk2 Enhancement B,10,Cells,106,9.12e143,C2b,C2ob,362,228,35,35
C2ob,mk2 Enhancement B,11,Cells,106,4.12e144,C2b,C2ob,362,228,35,35
C2ob,mk2 Enhancement B,12,Cells,106,2.02e145,C2b,C2ob,362,228,35,35
C2ob,mk2 Enhancement B,13,Cells,106,1.06e146,C2b,C2ob,362,228,35,35
C2ob,mk2 Enhancement B,14,Cells,106,6.01e146,C2b,C2ob,362,228,35,35
C2ob,mk2 Enhancement B,15,Cells,106,3.63e147,C2b,C2ob,362,228,35,35
C2ob,mk2 Enhancement B,16,Cells,106,2.34e148,C2b,C2ob,362,228,35,35
C2ob,mk2 Enhancement B,17,Cells,106,1.59e149,C2b,C2ob,362,228,35,35
C2ob,mk2 Enhancement B,18,Cells,106,1.15e150,C2b,C2ob,362,228,35,35
C2ob,mk2 Enhancement B,19,Cells,106,8.71e150,C2b,C2ob,362,228,35,35
C2ob,mk2 Enhancement B,20,Cells,106,6.96e151,C2b,C2ob,362,228,35,35
C2ob,mk2 Enhancement B,21,Cells,106,5.83e152,C2b,C2ob,362,228,35,35
C2ob,mk2 Enhancement B,22,Cells,106,5.12e153,C2b,C2ob,362,228,35,35
C2ob,mk2 Enhancement B,23,Cells,106,4.70e154,C2b,C2ob,362,228,35,35
C2ob,mk2 Enhancement B,24,Cells,106,4.49e155,C2b,C2ob,362,228,35,35
C2ob,mk2 Enhancement B,25,Cells,106,4.48e156,C2b,C2ob,362,228,35,35
C2ob,mk2 Enhancement B,26,Cells,106,4.64e157,C2b,C2ob,362,228,35,35
C2ob,mk2 Enhancement B,27,Cells,106,4.99e158,C2b,C2ob,362,228,35,35
C2ob,mk2 Enhancement B,28,Cells,106,5.56e159,C2b,C2ob,362,228,35,35
C2ob,mk2 Enhancement B,29,Cells,106,6.43e160,C2b,C2ob,362,228,35,35
C2ob,mk2 Enhancement B,30,Cells,106,7.68e161,C2b,C2ob,362,228,35,35
C2ob,mk2 Enhancement B,31,Cells,106,9.49e162,C2b,C2ob,362,228,35,35
C2ob,mk2 Enhancement B,32,Cells,106,1.21e164,C2b,C2ob,362,228,35,35
C2ob,mk2 Enhancement B,33,Cells,106,1.59e165,C2b,C2ob,362,228,35,35
C2ob,mk2 Enhancement B,34,Cells,106,2.16e166,C2b,C2ob,362,228,35,35
C2ob,mk2 Enhancement B,35,Cells,106,3.01e167,C2b,C2ob,362,228,35,35
C2ob,mk2 Enhancement B,36,Cells,106,4.32e168,C2b,C2ob,362,228,35,35
C2ob,mk2 Enhancement B,37,Cells,106,6.38e169,C2b,C2ob,362,228,35,35
C2ob,mk2 Enhancement B,38,Cells,106,9.67e170,C2b,C2ob,362,228,35,35
C2ob,mk2 Enhancement B,39,Cells,106,1.50e172,C2b,C2ob,362,228,35,35
C2ob,mk2 Enhancement B,40,Cells,106,2.40e173,C2b,C2ob,362,228,35,35
C2ob,mk2 Enhancement B,41,Cells,106,3.93e174,C2b,C2ob,362,228,35,35
C2ob,mk2 Enhancement B,42,Cells,106,6.59e175,C2b,C2ob,362,228,35,35
C2ob,mk2 Enhancement B,43,Cells,106,1.13e177,C2b,C2ob,362,228,35,35
C2ob,mk2 Enhancement B,44,Cells,106,1.99e178,C2b,C2ob,362,228,35,35
C2ob,mk2 Enhancement B,45,Cells,106,3.57e179,C2b,C2ob,362,228,35,35
C2ob,mk2 Enhancement B,46,Cells,106,6.57e180,C2b,C2ob,362,228,35,35
C2ob,mk2 Enhancement B,47,Cells,106,1.23e182,C2b,C2ob,362,228,35,35
C2ob,mk2 Enhancement B,48,Cells,106,2.37e183,C2b,C2ob,362,228,35,35
C2ob,mk2 Enhancement B,49,Cells,106,4.64e184,C2b,C2ob,362,228,35,35
C2ob,mk2 Enhancement B,50,Cells,106,9.28e185,C2b,C2ob,362,228,35,35
C2ob,mk2 Enhancement B,51,Cells,106,1.89e187,C2b,C2ob,362,228,35,35
C2ob,mk2 Enhancement B,52,Cells,106,3.94e188,C2b,C2ob,362,228,35,35
C2ob,mk2 Enhancement B,53,Cells,106,8.35e189,C2b,C2ob,362,228,35,35
C2ob,mk2 Enhancement B,54,Cells,106,1.80e191,C2b,C2ob,362,228,35,35
C2ob,mk2 Enhancement B,55,Cells,106,3.97e192,C2b,C2ob,362,228,35,35
C2ob,mk2 Enhancement B,56,Cells,106,8.91e193,C2b,C2ob,362,228,35,35
C2ob,mk2 Enhancement B,57,Cells,106,2.03e195,C2b,C2ob,362,228,35,35
C2ob,mk2 Enhancement B,58,Cells,106,4.72e196,C2b,C2ob,362,228,35,35
C2ob,mk2 Enhancement B,59,Cells,106,1.12e198,C2b,C2ob,362,228,35,35
C2ob,mk2 Enhancement B,60,Cells,106,2.68e199,C2b,C2ob,362,228,35,35
C2ob,mk2 Enhancement B,61,Cells,106,6.56e200,C2b,C2ob,362,228,35,35
C2ob,mk2 Enhancement B,62,Cells,106,1.63e202,C2b,C2ob,362,228,35,35
C2ob,mk2 Enhancement B,63,Cells,106,4.12e203,C2b,C2ob,362,228,35,35
C2ob,mk2 Enhancement B,64,Cells,106,1.06e205,C2b,C2ob,362,228,35,35
C2ob,mk2 Enhancement B,65,Cells,106,2.76e206,C2b,C2ob,362,228,35,35
C2ob,mk2 Enhancement B,66,Cells,106,7.29e207,C2b,C2ob,362,228,35,35
C2ob,mk2 Enhancement B,67,Cells,106,1.96e209,C2b,C2ob,362,228,35,35
C2ob,mk2 Enhancement B,68,Cells,106,5.35e210,C2b,C2ob,362,228,35,35
C2ob,mk2 Enhancement B,69,Cells,106,1.48e212,C2b,C2ob,362,228,35,35
C2ob,mk2 Enhancement B,70,Cells,106,4.16e213,C2b,C2ob,362,228,35,35
C2ob,mk2 Enhancement B,71,Cells,106,1.19e215,C2b,C2ob,362,228,35,35
C2ob,mk2 Enhancement B,72,Cells,106,3.43e216,C2b,C2ob,362,228,35,35
C2ob,mk2 Enhancement B,73,Cells,106,1.00e218,C2b,C2ob,362,228,35,35
C2ob,mk2 Enhancement B,74,Cells,106,2.99e219,C2b,C2ob,362,228,35,35
C2ob,mk2 Enhancement B,75,Cells,106,9.00e220,C2b,C2ob,362,228,35,35
C2ob,mk2 Enhancement B,76,Cells,106,2.75e222,C2b,C2ob,362,228,35,35
C2ob,mk2 Enhancement B,77,Cells,106,8.50e223,C2b,C2ob,362,228,35,35
C2ob,mk2 Enhancement B,78,Cells,106,2.66e225,C2b,C2ob,362,228,35,35
C2ob,mk2 Enhancement B,79,Cells,106,8.45e226,C2b,C2ob,362,228,35,35
C2ob,mk2 Enhancement B,80,Cells,106,2.72e228,C2b,C2ob,362,228,35,35
C2ob,mk2 Enhancement B,81,Cells,106,8.85e229,C2b,C2ob,362,228,35,35
C2ob,mk2 Enhancement B,82,Cells,106,2.92e231,C2b,C2ob,362,228,35,35
C2ob,mk2 Enhancement B,83,Cells,106,9.74e232,C2b,C2ob,362,228,35,35
C2ob,mk2 Enhancement B,84,Cells,106,3.29e234,C2b,C2ob,362,228,35,35
C2ob,mk2 Enhancement B,85,Cells,106,1.12e236,C2b,C2ob,362,228,35,35
C2ob,mk2 Enhancement B,86,Cells,106,3.89e237,C2b,C2ob,362,228,35,35
C2ob,mk2 Enhancement B,87,Cells,106,1.36e239,C2b,C2ob,362,228,35,35
C2ob,mk2 Enhancement B,88,Cells,106,4.82e240,C2b,C2ob,362,228,35,35
C2ob,mk2 Enhancement B,89,Cells,106,1.73e242,C2b,C2ob,362,228,35,35
C2ob,mk2 Enhancement B,90,Cells,106,6.25e243,C2b,C2ob,362,228,35,35
C2ob,mk2 Enhancement B,91,Cells,106,2.29e245,C2b,C2ob,362,228,35,35
C2ob,mk2 Enhancement B,92,Cells,106,8.47e246,C2b,C2ob,362,228,35,35
C2ob,mk2 Enhancement B,93,Cells,106,3.17e248,C2b,C2ob,362,228,35,35
C2ob,mk2 Enhancement B,94,Cells,106,1.20e250,C2b,C2ob,362,228,35,35
C2ob,mk2 Enhancement B,95,Cells,106,4.59e251,C2b,C2ob,362,228,35,35
C2ob,mk2 Enhancement B,96,Cells,106,1.78e253,C2b,C2ob,362,228,35,35
C2ob,mk2 Enhancement B,97,Cells,106,6.93e254,C2b,C2ob,362,228,35,35
C2ob,mk2 Enhancement B,98,Cells,106,2.74e256,C2b,C2ob,362,228,35,35
C2ob,mk2 Enhancement B,99,Cells,106,1.09e258,C2b,C2ob,362,228,35,35
C2ob,mk2 Enhancement B,100,Cells,106,4.40e259,C2b,C2ob,362,228,35,35
C2ob,mk2 Enhancement B,101,Cells,106,1.79e261,C2b,C2ob,362,228,35,35
C2ob,mk2 Enhancement B,102,Cells,106,7.35e262,C2b,C2ob,362,228,35,35
C2ob,mk2 Enhancement B,103,Cells,106,3.05e264,C2b,C2ob,362,228,35,35
C2ob,mk2 Enhancement B,104,Cells,106,1.28e266,C2b,C2ob,362,228,35,35
C2ob,mk2 Enhancement B,105,Cells,106,5.41e267,C2b,C2ob,362,228,35,35
C2ob,mk2 Enhancement B,106,Cells,106,2.31e269,C2b,C2ob,362,228,35,35
C2ob,mk2 Enhancement B,107,Cells,106,9.97e270,C2b,C2ob,362,228,35,35
C2ob,mk2 Enhancement B,108,Cells,106,4.34e272,C2b,C2ob,362,228,35,35
C2ob,mk2 Enhancement B,109,Cells,106,1.91e274,C2b,C2ob,362,228,35,35
C2ob,mk2 Enhancement B,110,Cells,106,8.46e275,C2b,C2ob,362,228,35,35
C2ob,mk2 Enhancement B,111,Cells,106,3.79e277,C2b,C2ob,362,228,35,35
C2ob,mk2 Enhancement B,112,Cells,106,1.71e279,C2b,C2ob,362,228,35,35
C2ob,mk2 Enhancement B,113,Cells,106,7.79e280,C2b,C2ob,362,228,35,35
C2ob,mk2 Enhancement B,114,Cells,106,3.58e282,C2b,C2ob,362,228,35,35
C2ob,mk2 Enhancement B,115,Cells,106,1.66e284,C2b,C2ob,362,228,35,35
C2ob,mk2 Enhancement B,116,Cells,106,7.77e285,C2b,C2ob,362,228,35,35
C2ob,mk2 Enhancement B,117,Cells,106,3.67e287,C2b,C2ob,362,228,35,35
C2ob,mk2 Enhancement B,118,Cells,106,1.75e289,C2b,C2ob,362,228,35,35
C2ob,mk2 Enhancement B,119,Cells,106,8.39e290,C2b,C2ob,362,228,35,35
C2ob,mk2 Enhancement B,120,Cells,106,4.06e292,C2b,C2ob,362,228,35,35
C2ob,mk2 Enhancement B,121,Cells,106,1.98e294,C2b,C2ob,362,228,35,35
C2ob,mk2 Enhancement B,122,Cells,106,9.76e295,C2b,C2ob,362,228,35,35
C2ob,mk2 Enhancement B,123,Cells,106,4.84e297,C2b,C2ob,362,228,35,35
C2ob,mk2 Enhancement B,124,Cells,106,2.42e299,C2b,C2ob,362,228,35,35
C2ob,mk2 Enhancement B,125,Cells,106,1.22e301,C2b,C2ob,362,228,35,35
C2ob,mk2 Enhancement B,126,Cells,106,6.22e302,C2b,C2ob,362,228,35,35
C2ob,mk2 Enhancement B,127,Cells,106,3.19e304,C2b,C2ob,362,228,35,35
C2ob,mk2 Enhancement B,128,Cells,106,1.65e306,C2b,C2ob,362,228,35,35
C2ob,mk2 Enhancement B,129,Cells,106,8.58e307,C2b,C2ob,362,228,35,35
C2ob,mk2 Enhancement B,130,Cells,106,4.51e309,C2b,C2ob,362,228,35,35
C2ob,mk2 Enhancement B,131,Cells,106,2.38e311,C2b,C2ob,362,228,35,35
C2ob,mk2 Enhancement B,132,Cells,106,1.27e313,C2b,C2ob,362,228,35,35
C2ob,mk2 Enhancement B,133,Cells,106,6.82e314,C2b,C2ob,362,228,35,35
C2ob,mk2 Enhancement B,134,Cells,106,3.69e316,C2b,C2ob,362,228,35,35
C2ob,mk2 Enhancement B,135,Cells,106,2.01e318,C2b,C2ob,362,228,35,35
C2ob,mk2 Enhancement B,136,Cells,106,1.11e320,C2b,C2ob,362,228,35,35
C2ob,mk2 Enhancement B,137,Cells,106,6.12e321,C2b,C2ob,362,228,35,35
C2ob,mk2 Enhancement B,138,Cells,106,3.41e323,C2b,C2ob,362,228,35,35
C2ob,mk2 Enhancement B,139,Cells,106,1.92e325,C2b,C2ob,362,228,35,35
C2ob,mk2 Enhancement B,140,Cells,106,1.08e327,C2b,C2ob,362,228,35,35
C2ob,mk2 Enhancement B,141,Cells,106,6.17e328,C2b,C2ob,362,228,35,35
C2ob,mk2 Enhancement B,142,Cells,106,3.54e330,C2b,C2ob,362,228,35,35
C2ob,mk2 Enhancement B,143,Cells,106,2.05e332,C2b,C2ob,362,228,35,35
C2ob,mk2 Enhancement B,144,Cells,106,1.19e334,C2b,C2ob,362,228,35,35
C2ob,mk2 Enhancement B,145,Cells,106,6.98e335,C2b,C2ob,362,228,35,35
C2ob,mk2 Enhancement B,146,Cells,106,4.12e337,C2b,C2ob,362,228,35,35
C2ob,mk2 Enhancement B,147,Cells,106,2.45e339,C2b,C2ob,362,228,35,35
C2ob,mk2 Enhancement B,148,Cells,106,1.46e341,C2b,C2ob,362,228,35,35
C2ob,mk2 Enhancement B,149,Cells,106,8.81e342,C2b,C2ob,362,228,35,35
C2ob,mk2 Enhancement B,150,Cells,106,5.34e344,C2b,C2ob,362,228,35,35
C2ob,mk2 Enhancement B,151,Cells,106,3.26e346,C2b,C2ob,362,228,35,35
C2ob,mk2 Enhancement B,152,Cells,106,2.00e348,C2b,C2ob,362,228,35,35
C2ob,mk2 Enhancement B,153,Cells,106,1.24e350,C2b,C2ob,362,228,35,35
C2ob,mk2 Enhancement B,154,Cells,106,7.72e351,C2b,C2ob,362,228,35,35
C2ob,mk2 Enhancement B,155,Cells,106,4.83e353,C2b,C2ob,362,228,35,35
C2ob,mk2 Enhancement B,156,Cells,106,3.05e355,C2b,C2ob,362,228,35,35
C2ob,mk2 Enhancement B,157,Cells,106,1.94e357,C2b,C2ob,362,228,35,35
C2ob,mk2 Enhancement B,158,Cells,106,1.24e359,C2b,C2ob,362,228,35,35
C2ob,mk2 Enhancement B,159,Cells,106,7.95e360,C2b,C2ob,362,228,35,35
C2ob,mk2 Enhancement B,160,Cells,106,5.15e362,C2b,C2ob,362,228,35,35
C2ob,mk2 Enhancement B,161,Cells,106,3.35e364,C2b,C2ob,362,228,35,35
C2ob,mk2 Enhancement B,162,Cells,106,2.20e366,C2b,C2ob,362,228,35,35
C2ob,mk2 Enhancement B,163,Cells,106,1.45e368,C2b,C2ob,362,228,35,35
C2ob,mk2 Enhancement B,164,Cells,106,9.60e369,C2b,C2ob,362,228,35,35
C2ob,mk2 Enhancement B,165,Cells,106,6.41e371,C2b,C2ob,362,228,35,35
C2ob,mk2 Enhancement B,166,Cells,106,4.30e373,C2b,C2ob,362,228,35,35
C2ob,mk2 Enhancement B,167,Cells,106,2.91e375,C2b,C2ob,362,228,35,35
C2ob,mk2 Enhancement B,168,Cells,106,1.98e377,C2b,C2ob,362,228,35,35
C2ob,mk2 Enhancement B,169,Cells,106,1.35e379,C2b,C2ob,362,228,35,35
C2ob,mk2 Enhancement B,170,Cells,106,9.29e380,C2b,C2ob,362,228,35,35
C2ob,mk2 Enhancement B,171,Cells,106,6.43e382,C2b,C2ob,362,228,35,35
C2ob,mk2 Enhancement B,172,Cells,106,4.47e384,C2b,C2ob,362,228,35,35
C2ob,mk2 Enhancement B,173,Cells,106,3.13e386,C2b,C2ob,362,228,35,35
C2ob,mk2 Enhancement B,174,Cells,106,2.20e388,C2b,C2ob,362,228,35,35
C2ob,mk2 Enhancement B,175,Cells,106,1.56e390,C2b,C2ob,362,228,35,35
C2ob,mk2 Enhancement B,176,Cells,106,1.11e392,C2b,C2ob,362,228,35,35
C2ob,mk2 Enhancement B,177,Cells,106,7.96e393,C2b,C2ob,362,228,35,35
C2ob,mk2 Enhancement B,178,Cells,106,5.74e395,C2b,C2ob,362,228,35,35
C2ob,mk2 Enhancement B,179,Cells,106,4.16e397,C2b,C2ob,362,228,35,35
C2ob,mk2 Enhancement B,180,Cells,106,3.03e399,C2b,C2ob,362,228,35,35
C3cb,mk3 Production Cost B,1,Cells,107,3.00e165,C3b,C3cb,326,148,35,31
C3cb,mk3 Production Cost B,2,Cells,107,6.00e173,C3b,C3cb,326,148,35,31
C3cb,mk3 Production Cost B,3,Cells,107,2.70e182,C3b,C3cb,326,148,35,31
C3cb,mk3 Production Cost B,4,Cells,107,1.92e191,C3b,C3cb,326,148,35,31
C3cb,mk3 Production Cost B,5,Cells,107,1.87e200,C3b,C3cb,326,148,35,31
C3cb,mk3 Production Cost B,6,Cells,107,2.33e209,C3b,C3cb,326,148,35,31
C3cb,mk3 Production Cost B,7,Cells,107,3.53e218,C3b,C3cb,326,148,35,31
C3cb,mk3 Production Cost B,8,Cells,107,6.29e227,C3b,C3cb,326,148,35,31
C3cb,mk3 Production Cost B,9,Cells,107,1.29e237,C3b,C3cb,326,148,35,31
C3cb,mk3 Production Cost B,10,Cells,107,3.00e246,C3b,C3cb,326,148,35,31
C3b,Tech Adv mk3 Bulk,1,Cells,108,3.00e160,C2b,C3b,326,188,35,31
C3ob,mk3 Enhancement B,1,Cells,109,3.00e170,C3b,C3ob,326,228,35,31
C3ob,mk3 Enhancement B,2,Cells,109,4.50e170,C3b,C3ob,326,228,35,31
C3ob,mk3 Enhancement B,3,Cells,109,8.67e170,C3b,C3ob,326,228,35,31
C3ob,mk3 Enhancement B,4,Cells,109,2.06e171,C3b,C3ob,326,228,35,31
C3ob,mk3 Enhancement B,5,Cells,109,5.83e171,C3b,C3ob,326,228,35,31
C3ob,mk3 Enhancement B,6,Cells,109,1.93e172,C3b,C3ob,326,228,35,31
C3ob,mk3 Enhancement B,7,Cells,109,7.32e172,C3b,C3ob,326,228,35,31
C3ob,mk3 Enhancement B,8,Cells,109,3.14e173,C3b,C3ob,326,228,35,31
C3ob,mk3 Enhancement B,9,Cells,109,1.50e174,C3b,C3ob,326,228,35,31
C3ob,mk3 Enhancement B,10,Cells,109,7.93e174,C3b,C3ob,326,228,35,31
C3ob,mk3 Enhancement B,11,Cells,109,4.59e175,C3b,C3ob,326,228,35,31
C3ob,mk3 Enhancement B,12,Cells,109,2.90e176,C3b,C3ob,326,228,35,31
C3ob,mk3 Enhancement B,13,Cells,109,1.97e177,C3b,C3ob,326,228,35,31
C3ob,mk3 Enhancement B,14,Cells,109,1.45e178,C3b,C3ob,326,228,35,31
C3ob,mk3 Enhancement B,15,Cells,109,1.14e179,C3b,C3ob,326,228,35,31
C3ob,mk3 Enhancement B,16,Cells,109,9.53e179,C3b,C3ob,326,228,35,31
C3ob,mk3 Enhancement B,17,Cells,109,8.48e180,C3b,C3ob,326,228,35,31
C3ob,mk3 Enhancement B,18,Cells,109,7.99e181,C3b,C3ob,326,228,35,31
C3ob,mk3 Enhancement B,19,Cells,109,7.96e182,C3b,C3ob,326,228,35,31
C3ob,mk3 Enhancement B,20,Cells,109,8.34e183,C3b,C3ob,326,228,35,31
C3ob,mk3 Enhancement B,21,Cells,109,9.18e184,C3b,C3ob,326,228,35,31
C3ob,mk3 Enhancement B,22,Cells,109,1.06e186,C3b,C3ob,326,228,35,31
C3ob,mk3 Enhancement B,23,Cells,109,1.28e187,C3b,C3ob,326,228,35,31
C3ob,mk3 Enhancement B,24,Cells,109,1.61e188,C3b,C3ob,326,228,35,31
C3ob,mk3 Enhancement B,25,Cells,109,2.11e189,C3b,C3ob,326,228,35,31
C3ob,mk3 Enhancement B,26,Cells,109,2.89e190,C3b,C3ob,326,228,35,31
C3ob,mk3 Enhancement B,27,Cells,109,4.10e191,C3b,C3ob,326,228,35,31
C3ob,mk3 Enhancement B,28,Cells,109,6.04e192,C3b,C3ob,326,228,35,31
C3ob,mk3 Enhancement B,29,Cells,109,9.22e193,C3b,C3ob,326,228,35,31
C3ob,mk3 Enhancement B,30,Cells,109,1.46e195,C3b,C3ob,326,228,35,31
C3ob,mk3 Enhancement B,31,Cells,109,2.38e196,C3b,C3ob,326,228,35,31
C3ob,mk3 Enhancement B,32,Cells,109,4.02e197,C3b,C3ob,326,228,35,31
C3ob,mk3 Enhancement B,33,Cells,109,7.00e198,C3b,C3ob,326,228,35,31
C3ob,mk3 Enhancement B,34,Cells,109,1.26e200,C3b,C3ob,326,228,35,31
C3ob,mk3 Enhancement B,35,Cells,109,2.32e201,C3b,C3ob,326,228,35,31
C3ob,mk3 Enhancement B,36,Cells,109,4.41e202,C3b,C3ob,326,228,35,31
C3ob,mk3 Enhancement B,37,Cells,109,8.63e203,C3b,C3ob,326,228,35,31
C3ob,mk3 Enhancement B,38,Cells,109,1.74e205,C3b,C3ob,326,228,35,31
C3ob,mk3 Enhancement B,39,Cells,109,3.58e206,C3b,C3ob,326,228,35,31
C3ob,mk3 Enhancement B,40,Cells,109,7.58e207,C3b,C3ob,326,228,35,31
C3ob,mk3 Enhancement B,41,Cells,109,1.65e209,C3b,C3ob,326,228,35,31
C3ob,mk3 Enhancement B,42,Cells,109,3.66e210,C3b,C3ob,326,228,35,31
C3ob,mk3 Enhancement B,43,Cells,109,8.35e211,C3b,C3ob,326,228,35,31
C3ob,mk3 Enhancement B,44,Cells,109,1.95e213,C3b,C3ob,326,228,35,31
C3ob,mk3 Enhancement B,45,Cells,109,4.65e214,C3b,C3ob,326,228,35,31
C3ob,mk3 Enhancement B,46,Cells,109,1.13e216,C3b,C3ob,326,228,35,31
C3ob,mk3 Enhancement B,47,Cells,109,2.83e217,C3b,C3ob,326,228,35,31
C3ob,mk3 Enhancement B,48,Cells,109,7.21e218,C3b,C3ob,326,228,35,31
C3ob,mk3 Enhancement B,49,Cells,109,1.88e220,C3b,C3ob,326,228,35,31
C3ob,mk3 Enhancement B,50,Cells,109,4.99e221,C3b,C3ob,326,228,35,31
C3ob,mk3 Enhancement B,51,Cells,109,1.35e223,C3b,C3ob,326,228,35,31
C3ob,mk3 Enhancement B,52,Cells,109,3.74e224,C3b,C3ob,326,228,35,31
C3ob,mk3 Enhancement B,53,Cells,109,1.05e226,C3b,C3ob,326,228,35,31
C3ob,mk3 Enhancement B,54,Cells,109,3.03e227,C3b,C3ob,326,228,35,31
C3ob,mk3 Enhancement B,55,Cells,109,8.86e228,C3b,C3ob,326,228,35,31
C3ob,mk3 Enhancement B,56,Cells,109,2.64e230,C3b,C3ob,326,228,35,31
C3ob,mk3 Enhancement B,57,Cells,109,8.02e231,C3b,C3ob,326,228,35,31
C3ob,mk3 Enhancement B,58,Cells,109,2.48e233,C3b,C3ob,326,228,35,31
C3ob,mk3 Enhancement B,59,Cells,109,7.79e234,C3b,C3ob,326,228,35,31
C3ob,mk3 Enhancement B,60,Cells,109,2.49e236,C3b,C3ob,326,228,35,31
C3ob,mk3 Enhancement B,61,Cells,109,8.10e237,C3b,C3ob,326,228,35,31
C3ob,mk3 Enhancement B,62,Cells,109,2.68e239,C3b,C3ob,326,228,35,31
C3ob,mk3 Enhancement B,63,Cells,109,8.99e240,C3b,C3ob,326,228,35,31
C3ob,mk3 Enhancement B,64,Cells,109,3.07e242,C3b,C3ob,326,228,35,31
C3ob,mk3 Enhancement B,65,Cells,109,1.06e244,C3b,C3ob,326,228,35,31
C3ob,mk3 Enhancement B,66,Cells,109,3.75e245,C3b,C3ob,326,228,35,31
C3ob,mk3 Enhancement B,67,Cells,109,1.34e247,C3b,C3ob,326,228,35,31
C3ob,mk3 Enhancement B,68,Cells,109,4.87e248,C3b,C3ob,326,228,35,31
C3ob,mk3 Enhancement B,69,Cells,109,1.79e250,C3b,C3ob,326,228,35,31
C3ob,mk3 Enhancement B,70,Cells,109,6.71e251,C3b,C3ob,326,228,35,31
C3ob,mk3 Enhancement B,71,Cells,109,2.54e253,C3b,C3ob,326,228,35,31
C3ob,mk3 Enhancement B,72,Cells,109,9.79e254,C3b,C3ob,326,228,35,31
C3ob,mk3 Enhancement B,73,Cells,109,3.82e256,C3b,C3ob,326,228,35,31
C3ob,mk3 Enhancement B,74,Cells,109,1.51e258,C3b,C3ob,326,228,35,31
C3ob,mk3 Enhancement B,75,Cells,109,6.06e259,C3b,C3ob,326,228,35,31
C3ob,mk3 Enhancement B,76,Cells,109,2.46e261,C3b,C3ob,326,228,35,31
C3ob,mk3 Enhancement B,77,Cells,109,1.01e263,C3b,C3ob,326,228,35,31
C3ob,mk3 Enhancement B,78,Cells,109,4.23e264,C3b,C3ob,326,228,35,31
C3ob,mk3 Enhancement B,79,Cells,109,1.79e266,C3b,C3ob,326,228,35,31
C3ob,mk3 Enhancement B,80,Cells,109,7.65e267,C3b,C3ob,326,228,35,31
C3ob,mk3 Enhancement B,81,Cells,109,3.32e269,C3b,C3ob,326,228,35,31
C3ob,mk3 Enhancement B,82,Cells,109,1.46e271,C3b,C3ob,326,228,35,31
C3ob,mk3 Enhancement B,83,Cells,109,6.47e272,C3b,C3ob,326,228,35,31
C3ob,mk3 Enhancement B,84,Cells,109,2.91e274,C3b,C3ob,326,228,35,31
C3ob,mk3 Enhancement B,85,Cells,109,1.32e276,C3b,C3ob,326,228,35,31
C3ob,mk3 Enhancement B,86,Cells,109,6.10e277,C3b,C3ob,326,228,35,31
C3ob,mk3 Enhancement B,87,Cells,109,2.84e279,C3b,C3ob,326,228,35,31
C3ob,mk3 Enhancement B,88,Cells,109,1.34e281,C3b,C3ob,326,228,35,31
C3ob,mk3 Enhancement B,89,Cells,109,6.39e282,C3b,C3ob,326,228,35,31
C3ob,mk3 Enhancement B,90,Cells,109,3.08e284,C3b,C3ob,326,228,35,31
C3ob,mk3 Enhancement B,91,Cells,109,1.50e286,C3b,C3ob,326,228,35,31
C3ob,mk3 Enhancement B,92,Cells,109,7.42e287,C3b,C3ob,326,228,35,31
C3ob,mk3 Enhancement B,93,Cells,109,3.70e289,C3b,C3ob,326,228,35,31
C3ob,mk3 Enhancement B,94,Cells,109,1.86e291,C3b,C3ob,326,228,35,31
C3ob,mk3 Enhancement B,95,Cells,109,9.50e292,C3b,C3ob,326,228,35,31
C3ob,mk3 Enhancement B,96,Cells,109,4.89e294,C3b,C3ob,326,228,35,31
C3ob,mk3 Enhancement B,97,Cells,109,2.54e296,C3b,C3ob,326,228,35,31
C3ob,mk3 Enhancement B,98,Cells,109,1.34e298,C3b,C3ob,326,228,35,31
C3ob,mk3 Enhancement B,99,Cells,109,7.10e299,C3b,C3ob,326,228,35,31
C3ob,mk3 Enhancement B,100,Cells,109,3.81e301,C3b,C3ob,326,228,35,31
C3ob,mk3 Enhancement B,101,Cells,109,2.07e303,C3b,C3ob,326,228,35,31
C3ob,mk3 Enhancement B,102,Cells,109,1.13e305,C3b,C3ob,326,228,35,31
C3ob,mk3 Enhancement B,103,Cells,109,6.25e306,C3b,C3ob,326,228,35,31
C3ob,mk3 Enhancement B,104,Cells,109,3.49e308,C3b,C3ob,326,228,35,31
C3ob,mk3 Enhancement B,105,Cells,109,1.97e310,C3b,C3ob,326,228,35,31
C3ob,mk3 Enhancement B,106,Cells,109,1.12e312,C3b,C3ob,326,228,35,31
C3ob,mk3 Enhancement B,107,Cells,109,6.43e313,C3b,C3ob,326,228,35,31
C3ob,mk3 Enhancement B,108,Cells,109,3.73e315,C3b,C3ob,326,228,35,31
C3ob,mk3 Enhancement B,109,Cells,109,2.18e317,C3b,C3ob,326,228,35,31
C3ob,mk3 Enhancement B,110,Cells,109,1.29e319,C3b,C3ob,326,228,35,31
C3ob,mk3 Enhancement B,111,Cells,109,7.70e320,C3b,C3ob,326,228,35,31
C3ob,mk3 Enhancement B,112,Cells,109,4.63e322,C3b,C3ob,326,228,35,31
C3ob,mk3 Enhancement B,113,Cells,109,2.81e324,C3b,C3ob,326,228,35,31
C3ob,mk3 Enhancement B,114,Cells,109,1.72e326,C3b,C3ob,326,228,35,31
C3ob,mk3 Enhancement B,115,Cells,109,1.06e328,C3b,C3ob,326,228,35,31
C3ob,mk3 Enhancement B,116,Cells,109,6.64e329,C3b,C3ob,326,228,35,31
C3ob,mk3 Enhancement B,117,Cells,109,4.17e331,C3b,C3ob,326,228,35,31
C3ob,mk3 Enhancement B,118,Cells,109,2.65e333,C3b,C3ob,326,228,35,31
C3ob,mk3 Enhancement B,119,Cells,109,1.69e335,C3b,C3ob,326,228,35,31
C3ob,mk3 Enhancement B,120,Cells,109,1.09e337,C3b,C3ob,326,228,35,31
C3ob,mk3 Enhancement B,121,Cells,109,7.11e338,C3b,C3ob,326,228,35,31
C3ob,mk3 Enhancement B,122,Cells,109,4.66e340,C3b,C3ob,326,228,35,31
C3ob,mk3 Enhancement B,123,Cells,109,3.08e342,C3b,C3ob,326,228,35,31
C3ob,mk3 Enhancement B,124,Cells,109,2.06e344,C3b,C3ob,326,228,35,31
C3ob,mk3 Enhancement B,125,Cells,109,1.38e346,C3b,C3ob,326,228,35,31
C3ob,mk3 Enhancement B,126,Cells,109,9.37e347,C3b,C3ob,326,228,35,31
C3ob,mk3 Enhancement B,127,Cells,109,6.40e349,C3b,C3ob,326,228,35,31
C3ob,mk3 Enhancement B,128,Cells,109,4.41e351,C3b,C3ob,326,228,35,31
C3ob,mk3 Enhancement B,129,Cells,109,3.06e353,C3b,C3ob,326,228,35,31
C3ob,mk3 Enhancement B,130,Cells,109,2.14e355,C3b,C3ob,326,228,35,31
C3ob,mk3 Enhancement B,131,Cells,109,1.51e357,C3b,C3ob,326,228,35,31
C3ob,mk3 Enhancement B,132,Cells,109,1.07e359,C3b,C3ob,326,228,35,31
C3ob,mk3 Enhancement B,133,Cells,109,7.66e360,C3b,C3ob,326,228,35,31
C3ob,mk3 Enhancement B,134,Cells,109,5.53e362,C3b,C3ob,326,228,35,31
C3ob,mk3 Enhancement B,135,Cells,109,4.02e364,C3b,C3ob,326,228,35,31
C3ob,mk3 Enhancement B,136,Cells,109,2.94e366,C3b,C3ob,326,228,35,31
C3ob,mk3 Enhancement B,137,Cells,109,2.17e368,C3b,C3ob,326,228,35,31
C3ob,mk3 Enhancement B,138,Cells,109,1.61e370,C3b,C3ob,326,228,35,31
C3ob,mk3 Enhancement B,139,Cells,109,1.21e372,C3b,C3ob,326,228,35,31
C3ob,mk3 Enhancement B,140,Cells,109,9.08e373,C3b,C3ob,326,228,35,31
C3ob,mk3 Enhancement B,141,Cells,109,6.90e375,C3b,C3ob,326,228,35,31
C3ob,mk3 Enhancement B,142,Cells,109,5.27e377,C3b,C3ob,326,228,35,31
C3ob,mk3 Enhancement B,143,Cells,109,4.06e379,C3b,C3ob,326,228,35,31
C3ob,mk3 Enhancement B,144,Cells,109,3.15e381,C3b,C3ob,326,228,35,31
C3ob,mk3 Enhancement B,145,Cells,109,2.46e383,C3b,C3ob,326,228,35,31
C3ob,mk3 Enhancement B,146,Cells,109,1.93e385,C3b,C3ob,326,228,35,31
C3ob,mk3 Enhancement B,147,Cells,109,1.53e387,C3b,C3ob,326,228,35,31
C3ob,mk3 Enhancement B,148,Cells,109,1.22e389,C3b,C3ob,326,228,35,31
C3ob,mk3 Enhancement B,149,Cells,109,9.79e390,C3b,C3ob,326,228,35,31
C3ob,mk3 Enhancement B,150,Cells,109,7.91e392,C3b,C3ob,326,228,35,31
C3ob,mk3 Enhancement B,151,Cells,109,6.44e394,C3b,C3ob,326,228,35,31
C3ob,mk3 Enhancement B,152,Cells,109,5.27e396,C3b,C3ob,326,228,35,31
C3ob,mk3 Enhancement B,153,Cells,109,4.35e398,C3b,C3ob,326,228,35,31
C4cb,mk4 Production Cost B,1,Cells,110,4.00e205,C4b,C4cb,286,148,35,35
C4cb,mk4 Production Cost B,2,Cells,110,8.00e214,C4b,C4cb,286,148,35,35
C4cb,mk4 Production Cost B,3,Cells,110,3.60e224,C4b,C4cb,286,148,35,35
C4cb,mk4 Production Cost B,4,Cells,110,2.56e234,C4b,C4cb,286,148,35,35
C4cb,mk4 Production Cost B,5,Cells,110,2.50e244,C4b,C4cb,286,148,35,35
C4cb,mk4 Production Cost B,6,Cells,110,3.11e254,C4b,C4cb,286,148,35,35
C4cb,mk4 Production Cost B,7,Cells,110,4.71e264,C4b,C4cb,286,148,35,35
C4cb,mk4 Production Cost B,8,Cells,110,8.39e274,C4b,C4cb,286,148,35,35
C4cb,mk4 Production Cost B,9,Cells,110,1.72e285,C4b,C4cb,286,148,35,35
C4cb,mk4 Production Cost B,10,Cells,110,4.00e295,C4b,C4cb,286,148,35,35
C4b,Tech Adv mk4 Bulk,1,Cells,111,4.00e200,C3b,C4b,286,188,35,35
C4ob,mk4 Enhancement B,1,Cells,112,4.00e210,C4b,C4ob,286,228,35,35
C4ob,mk4 Enhancement B,2,Cells,112,6.80e210,C4b,C4ob,286,228,35,35
C4ob,mk4 Enhancement B,3,Cells,112,1.60e211,C4b,C4ob,286,228,35,35
C4ob,mk4 Enhancement B,4,Cells,112,4.87e211,C4b,C4ob,286,228,35,35
C4ob,mk4 Enhancement B,5,Cells,112,1.83e212,C4b,C4ob,286,228,35,35
C4ob,mk4 Enhancement B,6,Cells,112,8.20e212,C4b,C4ob,286,228,35,35
C4ob,mk4 Enhancement B,7,Cells,112,4.29e213,C4b,C4ob,286,228,35,35
C4ob,mk4 Enhancement B,8,Cells,112,2.57e214,C4b,C4ob,286,228,35,35
C4ob,mk4 Enhancement B,9,Cells,112,1.74e215,C4b,C4ob,286,228,35,35
C4ob,mk4 Enhancement B,10,Cells,112,1.31e216,C4b,C4ob,286,228,35,35
C4ob,mk4 Enhancement B,11,Cells,112,1.09e217,C4b,C4ob,286,228,35,35
C4ob,mk4 Enhancement B,12,Cells,112,9.89e217,C4b,C4ob,286,228,35,35
C4ob,mk4 Enhancement B,13,Cells,112,9.77e218,C4b,C4ob,286,228,35,35
C4ob,mk4 Enhancement B,14,Cells,112,1.04e220,C4b,C4ob,286,228,35,35
C4ob,mk4 Enhancement B,15,Cells,112,1.19e221,C4b,C4ob,286,228,35,35
C4ob,mk4 Enhancement B,16,Cells,112,1.46e222,C4b,C4ob,286,228,35,35
C4ob,mk4 Enhancement B,17,Cells,112,1.91e223,C4b,C4ob,286,228,35,35
C4ob,mk4 Enhancement B,18,Cells,112,2.64e224,C4b,C4ob,286,228,35,35
C4ob,mk4 Enhancement B,19,Cells,112,3.87e225,C4b,C4ob,286,228,35,35
C4ob,mk4 Enhancement B,20,Cells,112,5.97e226,C4b,C4ob,286,228,35,35
C4ob,mk4 Enhancement B,21,Cells,112,9.70e227,C4b,C4ob,286,228,35,35
C4ob,mk4 Enhancement B,22,Cells,112,1.65e229,C4b,C4ob,286,228,35,35
C4ob,mk4 Enhancement B,23,Cells,112,2.95e230,C4b,C4ob,286,228,35,35
C4ob,mk4 Enhancement B,24,Cells,112,5.51e231,C4b,C4ob,286,228,35,35
C4ob,mk4 Enhancement B,25,Cells,112,1.07e233,C4b,C4ob,286,228,35,35
C4ob,mk4 Enhancement B,26,Cells,112,2.17e234,C4b,C4ob,286,228,35,35
C4ob,mk4 Enhancement B,27,Cells,112,4.58e235,C4b,C4ob,286,228,35,35
C4ob,mk4 Enhancement B,28,Cells,112,1.00e237,C4b,C4ob,286,228,35,35
C4ob,mk4 Enhancement B,29,Cells,112,2.27e238,C4b,C4ob,286,228,35,35
C4ob,mk4 Enhancement B,30,Cells,112,5.34e239,C4b,C4ob,286,228,35,35
C4ob,mk4 Enhancement B,31,Cells,112,1.30e241,C4b,C4ob,286,228,35,35
C4ob,mk4 Enhancement B,32,Cells,112,3.26e242,C4b,C4ob,286,228,35,35
C4ob,mk4 Enhancement B,33,Cells,112,8.45e243,C4b,C4ob,286,228,35,35
C4ob,mk4 Enhancement B,34,Cells,112,2.26e245,C4b,C4ob,286,228,35,35
C4ob,mk4 Enhancement B,35,Cells,112,6.22e246,C4b,C4ob,286,228,35,35
C4ob,mk4 Enhancement B,36,Cells,112,1.76e248,C4b,C4ob,286,228,35,35
C4ob,mk4 Enhancement B,37,Cells,112,5.14e249,C4b,C4ob,286,228,35,35
C4ob,mk4 Enhancement B,38,Cells,112,1.54e251,C4b,C4ob,286,228,35,35
C4ob,mk4 Enhancement B,39,Cells,112,4.74e252,C4b,C4ob,286,228,35,35
C4ob,mk4 Enhancement B,40,Cells,112,1.50e254,C4b,C4ob,286,228,35,35
C4ob,mk4 Enhancement B,41,Cells,112,4.86e255,C4b,C4ob,286,228,35,35
C4ob,mk4 Enhancement B,42,Cells,112,1.61e257,C4b,C4ob,286,228,35,35
C4ob,mk4 Enhancement B,43,Cells,112,5.49e258,C4b,C4ob,286,228,35,35
C4ob,mk4 Enhancement B,44,Cells,112,1.91e260,C4b,C4ob,286,228,35,35
C4ob,mk4 Enhancement B,45,Cells,112,6.82e261,C4b,C4ob,286,228,35,35
C4ob,mk4 Enhancement B,46,Cells,112,2.49e263,C4b,C4ob,286,228,35,35
C4ob,mk4 Enhancement B,47,Cells,112,9.27e264,C4b,C4ob,286,228,35,35
C4ob,mk4 Enhancement B,48,Cells,112,3.53e266,C4b,C4ob,286,228,35,35
C4ob,mk4 Enhancement B,49,Cells,112,1.37e268,C4b,C4ob,286,228,35,35
C4ob,mk4 Enhancement B,50,Cells,112,5.45e269,C4b,C4ob,286,228,35,35
C4ob,mk4 Enhancement B,51,Cells,112,2.21e271,C4b,C4ob,286,228,35,35
C4ob,mk4 Enhancement B,52,Cells,112,9.13e272,C4b,C4ob,286,228,35,35
C4ob,mk4 Enhancement B,53,Cells,112,3.85e274,C4b,C4ob,286,228,35,35
C4ob,mk4 Enhancement B,54,Cells,112,1.65e276,C4b,C4ob,286,228,35,35
C4ob,mk4 Enhancement B,55,Cells,112,7.24e277,C4b,C4ob,286,228,35,35
C4ob,mk4 Enhancement B,56,Cells,112,3.23e279,C4b,C4ob,286,228,35,35
C4ob,mk4 Enhancement B,57,Cells,112,1.47e281,C4b,C4ob,286,228,35,35
C4ob,mk4 Enhancement B,58,Cells,112,6.77e282,C4b,C4ob,286,228,35,35
C4ob,mk4 Enhancement B,59,Cells,112,3.19e284,C4b,C4ob,286,228,35,35
C4ob,mk4 Enhancement B,60,Cells,112,1.52e286,C4b,C4ob,286,228,35,35
C4ob,mk4 Enhancement B,61,Cells,112,7.42e287,C4b,C4ob,286,228,35,35
C4ob,mk4 Enhancement B,62,Cells,112,3.67e289,C4b,C4ob,286,228,35,35
C4ob,mk4 Enhancement B,63,Cells,112,1.84e291,C4b,C4ob,286,228,35,35
C4ob,mk4 Enhancement B,64,Cells,112,9.43e292,C4b,C4ob,286,228,35,35
C4ob,mk4 Enhancement B,65,Cells,112,4.89e294,C4b,C4ob,286,228,35,35
C4ob,mk4 Enhancement B,66,Cells,112,2.58e296,C4b,C4ob,286,228,35,35
C4ob,mk4 Enhancement B,67,Cells,112,1.38e298,C4b,C4ob,286,228,35,35
C4ob,mk4 Enhancement B,68,Cells,112,7.51e299,C4b,C4ob,286,228,35,35
C4ob,mk4 Enhancement B,69,Cells,112,4.14e301,C4b,C4ob,286,228,35,35
C4ob,mk4 Enhancement B,70,Cells,112,2.32e303,C4b,C4ob,286,228,35,35
C4ob,mk4 Enhancement B,71,Cells,112,1.32e305,C4b,C4ob,286,228,35,35
C4ob,mk4 Enhancement B,72,Cells,112,7.58e306,C4b,C4ob,286,228,35,35
C4ob,mk4 Enhancement B,73,Cells,112,4.43e308,C4b,C4ob,286,228,35,35
C4ob,mk4 Enhancement B,74,Cells,112,2.62e310,C4b,C4ob,286,228,35,35
C4ob,mk4 Enhancement B,75,Cells,112,1.58e312,C4b,C4ob,286,228,35,35
C4ob,mk4 Enhancement B,76,Cells,112,9.59e313,C4b,C4ob,286,228,35,35
C4ob,mk4 Enhancement B,77,Cells,112,5.92e315,C4b,C4ob,286,228,35,35
C4ob,mk4 Enhancement B,78,Cells,112,3.70e317,C4b,C4ob,286,228,35,35
C4ob,mk4 Enhancement B,79,Cells,112,2.34e319,C4b,C4ob,286,228,35,35
C4ob,mk4 Enhancement B,80,Cells,112,1.50e321,C4b,C4ob,286,228,35,35
C4ob,mk4 Enhancement B,81,Cells,112,9.74e322,C4b,C4ob,286,228,35,35
C4ob,mk4 Enhancement B,82,Cells,112,6.41e324,C4b,C4ob,286,228,35,35
C4ob,mk4 Enhancement B,83,Cells,112,4.26e326,C4b,C4ob,286,228,35,35
C4ob,mk4 Enhancement B,84,Cells,112,2.87e328,C4b,C4ob,286,228,35,35
C4ob,mk4 Enhancement B,85,Cells,112,1.96e330,C4b,C4ob,286,228,35,35
C4ob,mk4 Enhancement B,86,Cells,112,1.35e332,C4b,C4ob,286,228,35,35
C4ob,mk4 Enhancement B,87,Cells,112,9.44e333,C4b,C4ob,286,228,35,35
C4ob,mk4 Enhancement B,88,Cells,112,6.67e335,C4b,C4ob,286,228,35,35
C4ob,mk4 Enhancement B,89,Cells,112,4.76e337,C4b,C4ob,286,228,35,35
C4ob,mk4 Enhancement B,90,Cells,112,3.44e339,C4b,C4ob,286,228,35,35
C4ob,mk4 Enhancement B,91,Cells,112,2.52e341,C4b,C4ob,286,228,35,35
C4ob,mk4 Enhancement B,92,Cells,112,1.86e343,C4b,C4ob,286,228,35,35
C4ob,mk4 Enhancement B,93,Cells,112,1.39e345,C4b,C4ob,286,228,35,35
C4ob,mk4 Enhancement B,94,Cells,112,1.05e347,C4b,C4ob,286,228,35,35
C4ob,mk4 Enhancement B,95,Cells,112,8.01e348,C4b,C4ob,286,228,35,35
C4ob,mk4 Enhancement B,96,Cells,112,6.18e350,C4b,C4ob,286,228,35,35
C4ob,mk4 Enhancement B,97,Cells,112,4.82e352,C4b,C4ob,286,228,35,35
C4ob,mk4 Enhancement B,98,Cells,112,3.79e354,C4b,C4ob,286,228,35,35
C4ob,mk4 Enhancement B,99,Cells,112,3.02e356,C4b,C4ob,286,228,35,35
C4ob,mk4 Enhancement B,100,Cells,112,2.43e358,C4b,C4ob,286,228,35,35
C4ob,mk4 Enhancement B,101,Cells,112,1.97e360,C4b,C4ob,286,228,35,35
C4ob,mk4 Enhancement B,102,Cells,112,1.62e362,C4b,C4ob,286,228,35,35
C4ob,mk4 Enhancement B,103,Cells,112,1.34e364,C4b,C4ob,286,228,35,35
C4ob,mk4 Enhancement B,104,Cells,112,1.12e366,C4b,C4ob,286,228,35,35
C4ob,mk4 Enhancement B,105,Cells,112,9.48e367,C4b,C4ob,286,228,35,35
C4ob,mk4 Enhancement B,106,Cells,112,8.08e369,C4b,C4ob,286,228,35,35
C4ob,mk4 Enhancement B,107,Cells,112,6.96e371,C4b,C4ob,286,228,35,35
C4ob,mk4 Enhancement B,108,Cells,112,6.05e373,C4b,C4ob,286,228,35,35
C4ob,mk4 Enhancement B,109,Cells,112,5.31e375,C4b,C4ob,286,228,35,35
C4ob,mk4 Enhancement B,110,Cells,112,4.70e377,C4b,C4ob,286,228,35,35
C4ob,mk4 Enhancement B,111,Cells,112,4.20e379,C4b,C4ob,286,228,35,35
C4ob,mk4 Enhancement B,112,Cells,112,3.79e381,C4b,C4ob,286,228,35,35
C4ob,mk4 Enhancement B,113,Cells,112,3.45e383,C4b,C4ob,286,228,35,35
C4ob,mk4 Enhancement B,114,Cells,112,3.17e385,C4b,C4ob,286,228,35,35
C4ob,mk4 Enhancement B,115,Cells,112,2.93e387,C4b,C4ob,286,228,35,35
C4ob,mk4 Enhancement B,116,Cells,112,2.74e389,C4b,C4ob,286,228,35,35
C4ob,mk4 Enhancement B,117,Cells,112,2.58e391,C4b,C4ob,286,228,35,35
C4ob,mk4 Enhancement B,118,Cells,112,2.46e393,C4b,C4ob,286,228,35,35
C4ob,mk4 Enhancement B,119,Cells,112,2.36e395,C4b,C4ob,286,228,35,35
C4ob,mk4 Enhancement B,120,Cells,112,2.28e397,C4b,C4ob,286,228,35,35
C4ob,mk4 Enhancement B,121,Cells,112,2.22e399,C4b,C4ob,286,228,35,35
C5cb,mk5 Production Cost B,1,Cells,113,5.00e255,C5b,C5cb,250,148,35,31
C5cb,mk5 Production Cost B,2,Cells,113,1.00e265,C5b,C5cb,250,148,35,31
C5cb,mk5 Production Cost B,3,Cells,113,4.50e274,C5b,C5cb,250,148,35,31
C5cb,mk5 Production Cost B,4,Cells,113,3.20e284,C5b,C5cb,250,148,35,31
C5cb,mk5 Production Cost B,5,Cells,113,3.13e294,C5b,C5cb,250,148,35,31
C5cb,mk5 Production Cost B,6,Cells,113,3.89e304,C5b,C5cb,250,148,35,31
C5cb,mk5 Production Cost B,7,Cells,113,5.88e314,C5b,C5cb,250,148,35,31
C5cb,mk5 Production Cost B,8,Cells,113,1.05e325,C5b,C5cb,250,148,35,31
C5cb,mk5 Production Cost B,9,Cells,113,2.15e335,C5b,C5cb,250,148,35,31
C5cb,mk5 Production Cost B,10,Cells,113,5.00e345,C5b,C5cb,250,148,35,31
C5b,Tech Adv mk5 Bulk,1,Cells,114,5.00e250,C4b,C5b,250,188,35,31
C5ob,mk5 Enhancement B,1,Cells,115,5.00e260,C5b,C5ob,250,228,35,31
C5ob,mk5 Enhancement B,2,Cells,115,9.50e260,C5b,C5ob,250,228,35,31
C5ob,mk5 Enhancement B,3,Cells,115,2.64e261,C5b,C5ob,250,228,35,31
C5ob,mk5 Enhancement B,4,Cells,115,9.84e261,C5b,C5ob,250,228,35,31
C5ob,mk5 Enhancement B,5,Cells,115,4.62e262,C5b,C5ob,250,228,35,31
C5ob,mk5 Enhancement B,6,Cells,115,2.63e263,C5b,C5ob,250,228,35,31
C5ob,mk5 Enhancement B,7,Cells,115,1.76e264,C5b,C5ob,250,228,35,31
C5ob,mk5 Enhancement B,8,Cells,115,1.36e265,C5b,C5ob,250,228,35,31
C5ob,mk5 Enhancement B,9,Cells,115,1.19e266,C5b,C5ob,250,228,35,31
C5ob,mk5 Enhancement B,10,Cells,115,1.17e267,C5b,C5ob,250,228,35,31
C5ob,mk5 Enhancement B,11,Cells,115,1.27e268,C5b,C5ob,250,228,35,31
C5ob,mk5 Enhancement B,12,Cells,115,1.51e269,C5b,C5ob,250,228,35,31
C5ob,mk5 Enhancement B,13,Cells,115,1.95e270,C5b,C5ob,250,228,35,31
C5ob,mk5 Enhancement B,14,Cells,115,2.74e271,C5b,C5ob,250,228,35,31
C5ob,mk5 Enhancement B,15,Cells,115,4.14e272,C5b,C5ob,250,228,35,31
C5ob,mk5 Enhancement B,16,Cells,115,6.68e273,C5b,C5ob,250,228,35,31
C5ob,mk5 Enhancement B,17,Cells,115,1.15e275,C5b,C5ob,250,228,35,31
C5ob,mk5 Enhancement B,18,Cells,115,2.11e276,C5b,C5ob,250,228,35,31
C5ob,mk5 Enhancement B,19,Cells,115,4.08e277,C5b,C5ob,250,228,35,31
C5ob,mk5 Enhancement B,20,Cells,115,8.33e278,C5b,C5ob,250,228,35,31
C5ob,mk5 Enhancement B,21,Cells,115,1.79e280,C5b,C5ob,250,228,35,31
C5ob,mk5 Enhancement B,22,Cells,115,4.05e281,C5b,C5ob,250,228,35,31
C5ob,mk5 Enhancement B,23,Cells,115,9.58e282,C5b,C5ob,250,228,35,31
C5ob,mk5 Enhancement B,24,Cells,115,2.37e284,C5b,C5ob,250,228,35,31
C5ob,mk5 Enhancement B,25,Cells,115,6.12e285,C5b,C5ob,250,228,35,31
C5ob,mk5 Enhancement B,26,Cells,115,1.65e287,C5b,C5ob,250,228,35,31
C5ob,mk5 Enhancement B,27,Cells,115,4.60e288,C5b,C5ob,250,228,35,31
C5ob,mk5 Enhancement B,28,Cells,115,1.34e290,C5b,C5ob,250,228,35,31
C5ob,mk5 Enhancement B,29,Cells,115,4.03e291,C5b,C5ob,250,228,35,31
C5ob,mk5 Enhancement B,30,Cells,115,1.26e293,C5b,C5ob,250,228,35,31
C5ob,mk5 Enhancement B,31,Cells,115,4.06e294,C5b,C5ob,250,228,35,31
C5ob,mk5 Enhancement B,32,Cells,115,1.36e296,C5b,C5ob,250,228,35,31
C5ob,mk5 Enhancement B,33,Cells,115,4.67e297,C5b,C5ob,250,228,35,31
C5ob,mk5 Enhancement B,34,Cells,115,1.66e299,C5b,C5ob,250,228,35,31
C5ob,mk5 Enhancement B,35,Cells,115,6.08e300,C5b,C5ob,250,228,35,31
C5ob,mk5 Enhancement B,36,Cells,115,2.29e302,C5b,C5ob,250,228,35,31
C5ob,mk5 Enhancement B,37,Cells,115,8.90e303,C5b,C5ob,250,228,35,31
C5ob,mk5 Enhancement B,38,Cells,115,3.55e305,C5b,C5ob,250,228,35,31
C5ob,mk5 Enhancement B,39,Cells,115,1.45e307,C5b,C5ob,250,228,35,31
C5ob,mk5 Enhancement B,40,Cells,115,6.11e308,C5b,C5ob,250,228,35,31
C5ob,mk5 Enhancement B,41,Cells,115,2.63e310,C5b,C5ob,250,228,35,31
C5ob,mk5 Enhancement B,42,Cells,115,1.16e312,C5b,C5ob,250,228,35,31
C5ob,mk5 Enhancement B,43,Cells,115,5.27e313,C5b,C5ob,250,228,35,31
C5ob,mk5 Enhancement B,44,Cells,115,2.44e315,C5b,C5ob,250,228,35,31
C5ob,mk5 Enhancement B,45,Cells,115,1.16e317,C5b,C5ob,250,228,35,31
C5ob,mk5 Enhancement B,46,Cells,115,5.63e318,C5b,C5ob,250,228,35,31
C5ob,mk5 Enhancement B,47,Cells,115,2.79e320,C5b,C5ob,250,228,35,31
C5ob,mk5 Enhancement B,48,Cells,115,1.42e322,C5b,C5ob,250,228,35,31
C5ob,mk5 Enhancement B,49,Cells,115,7.34e323,C5b,C5ob,250,228,35,31
C5ob,mk5 Enhancement B,50,Cells,115,3.88e325,C5b,C5ob,250,228,35,31
C5ob,mk5 Enhancement B,51,Cells,115,2.09e327,C5b,C5ob,250,228,35,31
C5ob,mk5 Enhancement B,52,Cells,115,1.15e329,C5b,C5ob,250,228,35,31
C5ob,mk5 Enhancement B,53,Cells,115,6.47e330,C5b,C5ob,250,228,35,31
C5ob,mk5 Enhancement B,54,Cells,115,3.70e332,C5b,C5ob,250,228,35,31
C5ob,mk5 Enhancement B,55,Cells,115,2.16e334,C5b,C5ob,250,228,35,31
C5ob,mk5 Enhancement B,56,Cells,115,1.28e336,C5b,C5ob,250,228,35,31
C5ob,mk5 Enhancement B,57,Cells,115,7.75e337,C5b,C5ob,250,228,35,31
C5ob,mk5 Enhancement B,58,Cells,115,4.77e339,C5b,C5ob,250,228,35,31
C5ob,mk5 Enhancement B,59,Cells,115,2.99e341,C5b,C5ob,250,228,35,31
C5ob,mk5 Enhancement B,60,Cells,115,1.90e343,C5b,C5ob,250,228,35,31
C5ob,mk5 Enhancement B,61,Cells,115,1.23e345,C5b,C5ob,250,228,35,31
C5ob,mk5 Enhancement B,62,Cells,115,8.13e346,C5b,C5ob,250,228,35,31
C5ob,mk5 Enhancement B,63,Cells,115,5.45e348,C5b,C5ob,250,228,35,31
C5ob,mk5 Enhancement B,64,Cells,115,3.71e350,C5b,C5ob,250,228,35,31
C5ob,mk5 Enhancement B,65,Cells,115,2.56e352,C5b,C5ob,250,228,35,31
C5ob,mk5 Enhancement B,66,Cells,115,1.80e354,C5b,C5ob,250,228,35,31
C5ob,mk5 Enhancement B,67,Cells,115,1.28e356,C5b,C5ob,250,228,35,31
C5ob,mk5 Enhancement B,68,Cells,115,9.30e357,C5b,C5ob,250,228,35,31
C5ob,mk5 Enhancement B,69,Cells,115,6.84e359,C5b,C5ob,250,228,35,31
C5ob,mk5 Enhancement B,70,Cells,115,5.10e361,C5b,C5ob,250,228,35,31
C5ob,mk5 Enhancement B,71,Cells,115,3.86e363,C5b,C5ob,250,228,35,31
C5ob,mk5 Enhancement B,72,Cells,115,2.96e365,C5b,C5ob,250,228,35,31
C5ob,mk5 Enhancement B,73,Cells,115,2.31e367,C5b,C5ob,250,228,35,31
C5ob,mk5 Enhancement B,74,Cells,115,1.82e369,C5b,C5ob,250,228,35,31
C5ob,mk5 Enhancement B,75,Cells,115,1.46e371,C5b,C5ob,250,228,35,31
C5ob,mk5 Enhancement B,76,Cells,115,1.18e373,C5b,C5ob,250,228,35,31
C5ob,mk5 Enhancement B,77,Cells,115,9.71e374,C5b,C5ob,250,228,35,31
C5ob,mk5 Enhancement B,78,Cells,115,8.08e376,C5b,C5ob,250,228,35,31
C5ob,mk5 Enhancement B,79,Cells,115,6.82e378,C5b,C5ob,250,228,35,31
C5ob,mk5 Enhancement B,80,Cells,115,5.83e380,C5b,C5ob,250,228,35,31
C5ob,mk5 Enhancement B,81,Cells,115,5.04e382,C5b,C5ob,250,228,35,31
C5ob,mk5 Enhancement B,82,Cells,115,4.42e384,C5b,C5ob,250,228,35,31
C5ob,mk5 Enhancement B,83,Cells,115,3.92e386,C5b,C5ob,250,228,35,31
C5ob,mk5 Enhancement B,84,Cells,115,3.52e388,C5b,C5ob,250,228,35,31
C5ob,mk5 Enhancement B,85,Cells,115,3.20e390,C5b,C5ob,250,228,35,31
C5ob,mk5 Enhancement B,86,Cells,115,2.94e392,C5b,C5ob,250,228,35,31
C5ob,mk5 Enhancement B,87,Cells,115,2.74e394,C5b,C5ob,250,228,35,31
C5ob,mk5 Enhancement B,88,Cells,115,2.58e396,C5b,C5ob,250,228,35,31
C5ob,mk5 Enhancement B,89,Cells,115,2.45e398,C5b,C5ob,250,228,35,31
C6ob,mk6 Enhancement B,1,Cells,116,6.00e330,C6b,C6ob,212,228,35,33
C6ob,mk6 Enhancement B,2,Cells,116,1.20e331,C6b,C6ob,212,228,35,33
C6ob,mk6 Enhancement B,3,Cells,116,3.46e331,C6b,C6ob,212,228,35,33
C6ob,mk6 Enhancement B,4,Cells,116,1.32e332,C6b,C6ob,212,228,35,33
C6ob,mk6 Enhancement B,5,Cells,116,6.29e332,C6b,C6ob,212,228,35,33
C6ob,mk6 Enhancement B,6,Cells,116,3.63e333,C6b,C6ob,212,228,35,33
C6ob,mk6 Enhancement B,7,Cells,116,2.46e334,C6b,C6ob,212,228,35,33
C6ob,mk6 Enhancement B,8,Cells,116,1.92e335,C6b,C6ob,212,228,35,33
C6ob,mk6 Enhancement B,9,Cells,116,1.69e336,C6b,C6ob,212,228,35,33
C6ob,mk6 Enhancement B,10,Cells,116,1.67e337,C6b,C6ob,212,228,35,33
C6ob,mk6 Enhancement B,11,Cells,116,1.82e338,C6b,C6ob,212,228,35,33
C6ob,mk6 Enhancement B,12,Cells,116,2.18e339,C6b,C6ob,212,228,35,33
C6ob,mk6 Enhancement B,13,Cells,116,2.83e340,C6b,C6ob,212,228,35,33
C6ob,mk6 Enhancement B,14,Cells,116,3.99e341,C6b,C6ob,212,228,35,33
C6ob,mk6 Enhancement B,15,Cells,116,6.04e342,C6b,C6ob,212,228,35,33
C6ob,mk6 Enhancement B,16,Cells,116,9.78e343,C6b,C6ob,212,228,35,33
C6ob,mk6 Enhancement B,17,Cells,116,1.69e345,C6b,C6ob,212,228,35,33
C6ob,mk6 Enhancement B,18,Cells,116,3.10e346,C6b,C6ob,212,228,35,33
C6ob,mk6 Enhancement B,19,Cells,116,6.01e347,C6b,C6ob,212,228,35,33
C6ob,mk6 Enhancement B,20,Cells,116,1.23e349,C6b,C6ob,212,228,35,33
C6ob,mk6 Enhancement B,21,Cells,116,2.65e350,C6b,C6ob,212,228,35,33
C6ob,mk6 Enhancement B,22,Cells,116,6.00e351,C6b,C6ob,212,228,35,33
C6ob,mk6 Enhancement B,23,Cells,116,1.42e353,C6b,C6ob,212,228,35,33
C6ob,mk6 Enhancement B,24,Cells,116,3.52e354,C6b,C6ob,212,228,35,33
C6ob,mk6 Enhancement B,25,Cells,116,9.11e355,C6b,C6ob,212,228,35,33
C6ob,mk6 Enhancement B,26,Cells,116,2.45e357,C6b,C6ob,212,228,35,33
C6ob,mk6 Enhancement B,27,Cells,116,6.87e358,C6b,C6ob,212,228,35,33
C6ob,mk6 Enhancement B,28,Cells,116,2.00e360,C6b,C6ob,212,228,35,33
C6ob,mk6 Enhancement B,29,Cells,116,6.03e361,C6b,C6ob,212,228,35,33
C6ob,mk6 Enhancement B,30,Cells,116,1.88e363,C6b,C6ob,212,228,35,33
C6ob,mk6 Enhancement B,31,Cells,116,6.09e364,C6b,C6ob,212,228,35,33
C6ob,mk6 Enhancement B,32,Cells,116,2.03e366,C6b,C6ob,212,228,35,33
C6ob,mk6 Enhancement B,33,Cells,116,7.01e367,C6b,C6ob,212,228,35,33
C6ob,mk6 Enhancement B,34,Cells,116,2.49e369,C6b,C6ob,212,228,35,33
C6ob,mk6 Enhancement B,35,Cells,116,9.14e370,C6b,C6ob,212,228,35,33
C6ob,mk6 Enhancement B,36,Cells,116,3.45e372,C6b,C6ob,212,228,35,33
C6ob,mk6 Enhancement B,37,Cells,116,1.34e374,C6b,C6ob,212,228,35,33
C6ob,mk6 Enhancement B,38,Cells,116,5.34e375,C6b,C6ob,212,228,35,33
C6ob,mk6 Enhancement B,39,Cells,116,2.19e377,C6b,C6ob,212,228,35,33
C6ob,mk6 Enhancement B,40,Cells,116,9.20e378,C6b,C6ob,212,228,35,33
C6ob,mk6 Enhancement B,41,Cells,116,3.97e380,C6b,C6ob,212,228,35,33
C6ob,mk6 Enhancement B,42,Cells,116,1.76e382,C6b,C6ob,212,228,35,33
C6ob,mk6 Enhancement B,43,Cells,116,7.95e383,C6b,C6ob,212,228,35,33
C6ob,mk6 Enhancement B,44,Cells,116,3.69e385,C6b,C6ob,212,228,35,33
C6ob,mk6 Enhancement B,45,Cells,116,1.75e387,C6b,C6ob,212,228,35,33
C6ob,mk6 Enhancement B,46,Cells,116,8.51e388,C6b,C6ob,212,228,35,33
C6ob,mk6 Enhancement B,47,Cells,116,4.22e390,C6b,C6ob,212,228,35,33
C6ob,mk6 Enhancement B,48,Cells,116,2.14e392,C6b,C6ob,212,228,35,33
C6ob,mk6 Enhancement B,49,Cells,116,1.11e394,C6b,C6ob,212,228,35,33
C6ob,mk6 Enhancement B,50,Cells,116,5.87e395,C6b,C6ob,212,228,35,33
C6ob,mk6 Enhancement B,51,Cells,116,3.17e397,C6b,C6ob,212,228,35,33
C6ob,mk6 Enhancement B,52,Cells,116,1.74e399,C6b,C6ob,212,228,35,33
C6b,Tech Adv mk6 Bulk,1,Cells,117,6.00e320,C5b,C6b,212,188,35,33
C6cb,mk6 Production Cost B,1,Cells,118,6.00e325,C6b,C6cb,212,148,35,33
C6cb,mk6 Production Cost B,2,Cells,118,1.20e336,C6b,C6cb,212,148,35,33
C6cb,mk6 Production Cost B,3,Cells,118,5.40e346,C6b,C6cb,212,148,35,33
C6cb,mk6 Production Cost B,4,Cells,118,3.84e357,C6b,C6cb,212,148,35,33
C6cb,mk6 Production Cost B,5,Cells,118,3.75e368,C6b,C6cb,212,148,35,33
C6cb,mk6 Production Cost B,6,Cells,118,4.67e379,C6b,C6cb,212,148,35,33
C6cb,mk6 Production Cost B,7,Cells,118,7.06e390,C6b,C6cb,212,148,35,33
B10,Instant LP B,1,LP,119,1.00n,B06,B10,682,705,34,33
B10,Instant LP B,2,LP,119,1.00e40,B06,B10,682,705,34,33
B10,Instant LP B,3,LP,119,1.00e50,B06,B10,682,705,34,33
B10,Instant LP B,4,LP,119,1.00e60,B06,B10,682,705,34,33
B10,Instant LP B,5,LP,119,1.00e70,B06,B10,682,705,34,33
B10,Instant LP B,6,LP,119,1.00e80,B06,B10,682,705,34,33
B10,Instant LP B,7,LP,119,1.00e90,B06,B10,682,705,34,33
B10,Instant LP B,8,LP,119,1.00e100,B06,B10,682,705,34,33
B10,Instant LP B,9,LP,119,1.00e110,B06,B10,682,705,34,33
B10,Instant LP B,10,LP,119,1.00e120,B06,B10,682,705,34,33
B10,Instant LP B,11,LP,119,1.00e130,B06,B10,682,705,34,33
B10,Instant LP B,12,LP,119,1.00e140,B06,B10,682,705,34,33
B10,Instant LP B,13,LP,119,1.00e150,B06,B10,682,705,34,33
B10,Instant LP B,14,LP,119,1.00e160,B06,B10,682,705,34,33
B10,Instant LP B,15,LP,119,1.00e170,B06,B10,682,705,34,33
B10,Instant LP B,16,LP,119,1.00e180,B06,B10,682,705,34,33
B10,Instant LP B,17,LP,119,1.00e190,B06,B10,682,705,34,33
B10,Instant LP B,18,LP,119,1.00e200,B06,B10,682,705,34,33
B10,Instant LP B,19,LP,119,1.00e210,B06,B10,682,705,34,33
B10,Instant LP B,20,LP,119,1.00e220,B06,B10,682,705,34,33
B10,Instant LP B,21,LP,119,1.00e230,B06,B10,682,705,34,33
B10,Instant LP B,22,LP,119,1.00e240,B06,B10,682,705,34,33
B10,Instant LP B,23,LP,119,1.00e250,B06,B10,682,705,34,33
B10,Instant LP B,24,LP,119,1.00e260,B06,B10,682,705,34,33
B10,Instant LP B,25,LP,119,1.00e270,B06,B10,682,705,34,33
B10,Instant LP B,26,LP,119,1.00e280,B06,B10,682,705,34,33
B10,Instant LP B,27,LP,119,1.00e290,B06,B10,682,705,34,33
B10,Instant LP B,28,LP,119,1.00e300,B06,B10,682,705,34,33
B10,Instant LP B,29,LP,119,1.00e310,B06,B10,682,705,34,33
B10,Instant LP B,30,LP,119,1.00e320,B06,B10,682,705,34,33
B06,Time Dilation mk3,1,Tickspeed Mult,120,6.40b,B05,B06,684,651,38,32
B06,Time Dilation mk3,2,Tickspeed Mult,120,38.1b,B05,B06,684,651,38,32
B06,Time Dilation mk3,3,Tickspeed Mult,120,312b,B05,B06,684,651,38,32
B06,Time Dilation mk3,4,Tickspeed Mult,120,3.30t,B05,B06,684,651,38,32
B06,Time Dilation mk3,5,Tickspeed Mult,120,43.0t,B05,B06,684,651,38,32
B06,Time Dilation mk3,6,Tickspeed Mult,120,668t,B05,B06,684,651,38,32
B06,Time Dilation mk3,7,Tickspeed Mult,120,12.1qa,B05,B06,684,651,38,32
B06,Time Dilation mk3,8,Tickspeed Mult,120,248qa,B05,B06,684,651,38,32
B06,Time Dilation mk3,9,Tickspeed Mult,120,5.75qu,B05,B06,684,651,38,32
B06,Time Dilation mk3,10,Tickspeed Mult,120,148qu,B05,B06,684,651,38,32
I18,Instant LP C,1,LP,121,1.00e123,I03,I18,964,705,33,33
I18,Instant LP C,2,LP,121,1.00e137,I03,I18,964,705,33,33
I18,Instant LP C,3,LP,121,1.00e151,I03,I18,964,705,33,33
I18,Instant LP C,4,LP,121,1.00e165,I03,I18,964,705,33,33
I18,Instant LP C,5,LP,121,1.00e179,I03,I18,964,705,33,33
I18,Instant LP C,6,LP,121,1.00e193,I03,I18,964,705,33,33
I18,Instant LP C,7,LP,121,1.00e207,I03,I18,964,705,33,33
I18,Instant LP C,8,LP,121,1.00e221,I03,I18,964,705,33,33
I18,Instant LP C,9,LP,121,1.00e235,I03,I18,964,705,33,33
I18,Instant LP C,10,LP,121,1.00e249,I03,I18,964,705,33,33
I18,Instant LP C,11,LP,121,1.00e263,I03,I18,964,705,33,33
I18,Instant LP C,12,LP,121,1.00e277,I03,I18,964,705,33,33
I18,Instant LP C,13,LP,121,1.00e291,I03,I18,964,705,33,33
I18,Instant LP C,14,LP,121,1.00e305,I03,I18,964,705,33,33
I18,Instant LP C,15,LP,121,1.00e319,I03,I18,964,705,33,33
I18,Instant LP C,16,LP,121,1.00e333,I03,I18,964,705,33,33
I18,Instant LP C,17,LP,121,1.00e347,I03,I18,964,705,33,33
I18,Instant LP C,18,LP,121,1.00e361,I03,I18,964,705,33,33
I18,Instant LP C,19,LP,121,1.00e375,I03,I18,964,705,33,33
I18,Instant LP C,20,LP,121,1.00e389,I03,I18,964,705,33,33
I03,Time Dilation mk6,1,Tickspeed Mult,122,1.00e120,I02,I03,963,653,35,35
I03,Time Dilation mk6,2,Tickspeed Mult,122,1.00e126,I02,I03,963,653,35,35
I03,Time Dilation mk6,3,Tickspeed Mult,122,1.00e132,I02,I03,963,653,35,35
I03,Time Dilation mk6,4,Tickspeed Mult,122,1.00e138,I02,I03,963,653,35,35
I03,Time Dilation mk6,5,Tickspeed Mult,122,1.00e144,I02,I03,963,653,35,35
I25,"Jerreh, The Mastery Asst",1,Unknown,123,7.00e315,I24,I25,1002,942,37,35
I25,"Jerreh, The Mastery Asst",2,Unknown,123,1.30e318,I24,I25,1002,942,37,35
I25,"Jerreh, The Mastery Asst",3,Unknown,123,2.42e320,I24,I25,1002,942,37,35
I25,"Jerreh, The Mastery Asst",4,Unknown,123,4.50e322,I24,I25,1002,942,37,35
I25,"Jerreh, The Mastery Asst",5,Unknown,123,8.38e324,I24,I25,1002,942,37,35
I25,"Jerreh, The Mastery Asst",6,Unknown,123,1.56e327,I24,I25,1002,942,37,35
I25,"Jerreh, The Mastery Asst",7,Unknown,123,2.90e329,I24,I25,1002,942,37,35
I25,"Jerreh, The Mastery Asst",8,Unknown,123,5.39e331,I24,I25,1002,942,37,35
I25,"Jerreh, The Mastery Asst",9,Unknown,123,1.00e334,I24,I25,1002,942,37,35
I25,"Jerreh, The Mastery Asst",10,Unknown,123,1.87e336,I24,I25,1002,942,37,35
I25,"Jerreh, The Mastery Asst",11,Unknown,123,3.47e338,I24,I25,1002,942,37,35
I25,"Jerreh, The Mastery Asst",12,Unknown,123,6.45e340,I24,I25,1002,942,37,35
I25,"Jerreh, The Mastery Asst",13,Unknown,123,1.20e343,I24,I25,1002,942,37,35
I25,"Jerreh, The Mastery Asst",14,Unknown,123,2.23e345,I24,I25,1002,942,37,35
I25,"Jerreh, The Mastery Asst",15,Unknown,123,4.15e347,I24,I25,1002,942,37,35
I25,"Jerreh, The Mastery Asst",16,Unknown,123,7.72e349,I24,I25,1002,942,37,35
I25,"Jerreh, The Mastery Asst",17,Unknown,123,1.44e352,I24,I25,1002,942,37,35
I25,"Jerreh, The Mastery Asst",18,Unknown,123,2.67e354,I24,I25,1002,942,37,35
I25,"Jerreh, The Mastery Asst",19,Unknown,123,4.97e356,I24,I25,1002,942,37,35
I25,"Jerreh, The Mastery Asst",20,Unknown,123,9.24e358,I24,I25,1002,942,37,35
I25,"Jerreh, The Mastery Asst",21,Unknown,123,1.72e361,I24,I25,1002,942,37,35
I25,"Jerreh, The Mastery Asst",22,Unknown,123,3.20e363,I24,I25,1002,942,37,35
I25,"Jerreh, The Mastery Asst",23,Unknown,123,5.95e365,I24,I25,1002,942,37,35
I25,"Jerreh, The Mastery Asst",24,Unknown,123,1.11e368,I24,I25,1002,942,37,35
I25,"Jerreh, The Mastery Asst",25,Unknown,123,2.06e370,I24,I25,1002,942,37,35
I25,"Jerreh, The Mastery Asst",26,Unknown,123,3.83e372,I24,I25,1002,942,37,35
I25,"Jerreh, The Mastery Asst",27,Unknown,123,7.12e374,I24,I25,1002,942,37,35
I25,"Jerreh, The Mastery Asst",28,Unknown,123,1.32e377,I24,I25,1002,942,37,35
I25,"Jerreh, The Mastery Asst",29,Unknown,123,2.46e379,I24,I25,1002,942,37,35
I25,"Jerreh, The Mastery Asst",30,Unknown,123,4.58e381,I24,I25,1002,942,37,35
I25,"Jerreh, The Mastery Asst",31,Unknown,123,8.52e383,I24,I25,1002,942,37,35
I25,"Jerreh, The Mastery Asst",32,Unknown,123,1.58e386,I24,I25,1002,942,37,35
I25,"Jerreh, The Mastery Asst",33,Unknown,123,2.95e388,I24,I25,1002,942,37,35
I25,"Jerreh, The Mastery Asst",34,Unknown,123,5.48e390,I24,I25,1002,942,37,35
I25,"Jerreh, The Mastery Asst",35,Unknown,123,1.02e393,I24,I25,1002,942,37,35
I25,"Jerreh, The Mastery Asst",36,Unknown,123,1.90e395,I24,I25,1002,942,37,35
I25,"Jerreh, The Mastery Asst",37,Unknown,123,3.53e397,I24,I25,1002,942,37,35
I25,"Jerreh, The Mastery Asst",38,Unknown,123,6.56e399,I24,I25,1002,942,37,35
I24,Mastery Modif: All,1,MP,124,8.00e165,I23,I24,1002,903,34,35
I24,Mastery Modif: All,2,MP,124,1.20e179,I23,I24,1002,903,34,35
I24,Mastery Modif: All,3,MP,124,1.80e192,I23,I24,1002,903,34,35
I24,Mastery Modif: All,4,MP,124,2.70e205,I23,I24,1002,903,34,35
I24,Mastery Modif: All,5,MP,124,4.05e218,I23,I24,1002,903,34,35
I24,Mastery Modif: All,6,MP,124,6.08e231,I23,I24,1002,903,34,35
I24,Mastery Modif: All,7,MP,124,9.11e244,I23,I24,1002,903,34,35
I24,Mastery Modif: All,8,MP,124,1.37e258,I23,I24,1002,903,34,35
I24,Mastery Modif: All,9,MP,124,2.05e271,I23,I24,1002,903,34,35
I24,Mastery Modif: All,10,MP,124,3.08e284,I23,I24,1002,903,34,35
I24,Mastery Modif: All,11,MP,124,4.61e297,I23,I24,1002,903,34,35
I24,Mastery Modif: All,12,MP,124,6.92e310,I23,I24,1002,903,34,35
I24,Mastery Modif: All,13,MP,124,1.04e324,I23,I24,1002,903,34,35
I24,Mastery Modif: All,14,MP,124,1.56e337,I23,I24,1002,903,34,35
I24,Mastery Modif: All,15,MP,124,2.34e350,I23,I24,1002,903,34,35
I24,Mastery Modif: All,16,MP,124,3.50e363,I23,I24,1002,903,34,35
I24,Mastery Modif: All,17,MP,124,5.25e376,I23,I24,1002,903,34,35
I24,Mastery Modif: All,18,MP,124,7.88e389,I23,I24,1002,903,34,35
I23,Mastery Modif: Gens,1,Cells,125,6.00e160,I22,I23,1002,863,34,35
I23,Mastery Modif: Gens,2,Cells,125,9.00e168,I22,I23,1002,863,34,35
I23,Mastery Modif: Gens,3,Cells,125,1.35e177,I22,I23,1002,863,34,35
I23,Mastery Modif: Gens,4,Cells,125,2.03e185,I22,I23,1002,863,34,35
I23,Mastery Modif: Gens,5,Cells,125,3.04e193,I22,I23,1002,863,34,35
I23,Mastery Modif: Gens,6,Cells,125,4.56e201,I22,I23,1002,863,34,35
I23,Mastery Modif: Gens,7,Cells,125,6.83e209,I22,I23,1002,863,34,35
I23,Mastery Modif: Gens,8,Cells,125,1.03e218,I22,I23,1002,863,34,35
I23,Mastery Modif: Gens,9,Cells,125,1.54e226,I22,I23,1002,863,34,35
I23,Mastery Modif: Gens,10,Cells,125,2.31e234,I22,I23,1002,863,34,35
I23,Mastery Modif: Gens,11,Cells,125,3.46e242,I22,I23,1002,863,34,35
I23,Mastery Modif: Gens,12,Cells,125,5.19e250,I22,I23,1002,863,34,35
I23,Mastery Modif: Gens,13,Cells,125,7.78e258,I22,I23,1002,863,34,35
I23,Mastery Modif: Gens,14,Cells,125,1.17e267,I22,I23,1002,863,34,35
I23,Mastery Modif: Gens,15,Cells,125,1.75e275,I22,I23,1002,863,34,35
I23,Mastery Modif: Gens,16,Cells,125,2.63e283,I22,I23,1002,863,34,35
I23,Mastery Modif: Gens,17,Cells,125,3.94e291,I22,I23,1002,863,34,35
I23,Mastery Modif: Gens,18,Cells,125,5.91e299,I22,I23,1002,863,34,35
I23,Mastery Modif: Gens,19,Cells,125,8.87e307,I22,I23,1002,863,34,35
I23,Mastery Modif: Gens,20,Cells,125,1.33e316,I22,I23,1002,863,34,35
I23,Mastery Modif: Gens,21,Cells,125,2.00e324,I22,I23,1002,863,34,35
I23,Mastery Modif: Gens,22,Cells,125,2.99e332,I22,I23,1002,863,34,35
I23,Mastery Modif: Gens,23,Cells,125,4.49e340,I22,I23,1002,863,34,35
I23,Mastery Modif: Gens,24,Cells,125,6.73e348,I22,I23,1002,863,34,35
I23,Mastery Modif: Gens,25,Cells,125,1.01e357,I22,I23,1002,863,34,35
I23,Mastery Modif: Gens,26,Cells,125,1.52e365,I22,I23,1002,863,34,35
I23,Mastery Modif: Gens,27,Cells,125,2.27e373,I22,I23,1002,863,34,35
I23,Mastery Modif: Gens,28,Cells,125,3.41e381,I22,I23,1002,863,34,35
I23,Mastery Modif: Gens,29,Cells,125,5.11e389,I22,I23,1002,863,34,35
I23,Mastery Modif: Gens,30,Cells,125,7.67e397,I22,I23,1002,863,34,35
I22,Mastery Modif: RP,1,Research,126,5.00e155,I21,I22,1002,823,35,35
I22,Mastery Modif: RP,2,Research,126,7.50e161,I21,I22,1002,823,35,35
I22,Mastery Modif: RP,3,Research,126,1.13e168,I21,I22,1002,823,35,35
I22,Mastery Modif: RP,4,Research,126,1.69e174,I21,I22,1002,823,35,35
I22,Mastery Modif: RP,5,Research,126,2.53e180,I21,I22,1002,823,35,35
I22,Mastery Modif: RP,6,Research,126,3.80e186,I21,I22,1002,823,35,35
I22,Mastery Modif: RP,7,Research,126,5.70e192,I21,I22,1002,823,35,35
I22,Mastery Modif: RP,8,Research,126,8.54e198,I21,I22,1002,823,35,35
I22,Mastery Modif: RP,9,Research,126,1.28e205,I21,I22,1002,823,35,35
I22,Mastery Modif: RP,10,Research,126,1.92e211,I21,I22,1002,823,35,35
I22,Mastery Modif: RP,11,Research,126,2.88e217,I21,I22,1002,823,35,35
I22,Mastery Modif: RP,12,Research,126,4.32e223,I21,I22,1002,823,35,35
I22,Mastery Modif: RP,13,Research,126,6.49e229,I21,I22,1002,823,35,35
I22,Mastery Modif: RP,14,Research,126,9.73e235,I21,I22,1002,823,35,35
I22,Mastery Modif: RP,15,Research,126,1.46e242,I21,I22,1002,823,35,35
I22,Mastery Modif: RP,16,Research,126,2.19e248,I21,I22,1002,823,35,35
I22,Mastery Modif: RP,17,Research,126,3.28e254,I21,I22,1002,823,35,35
I22,Mastery Modif: RP,18,Research,126,4.93e260,I21,I22,1002,823,35,35
I22,Mastery Modif: RP,19,Research,126,7.39e266,I21,I22,1002,823,35,35
I22,Mastery Modif: RP,20,Research,126,1.11e273,I21,I22,1002,823,35,35
I22,Mastery Modif: RP,21,Research,126,1.66e279,I21,I22,1002,823,35,35
I22,Mastery Modif: RP,22,Research,126,2.49e285,I21,I22,1002,823,35,35
I22,Mastery Modif: RP,23,Research,126,3.74e291,I21,I22,1002,823,35,35
I22,Mastery Modif: RP,24,Research,126,5.61e297,I21,I22,1002,823,35,35
I22,Mastery Modif: RP,25,Research,126,8.42e303,I21,I22,1002,823,35,35
I22,Mastery Modif: RP,26,Research,126,1.26e310,I21,I22,1002,823,35,35
I22,Mastery Modif: RP,27,Research,126,1.89e316,I21,I22,1002,823,35,35
I22,Mastery Modif: RP,28,Research,126,2.84e322,I21,I22,1002,823,35,35
I22,Mastery Modif: RP,29,Research,126,4.26e328,I21,I22,1002,823,35,35
I22,Mastery Modif: RP,30,Research,126,6.39e334,I21,I22,1002,823,35,35
I22,Mastery Modif: RP,31,Research,126,9.59e340,I21,I22,1002,823,35,35
I22,Mastery Modif: RP,32,Research,126,1.44e347,I21,I22,1002,823,35,35
I22,Mastery Modif: RP,33,Research,126,2.16e353,I21,I22,1002,823,35,35
I22,Mastery Modif: RP,34,Research,126,3.24e359,I21,I22,1002,823,35,35
I22,Mastery Modif: RP,35,Research,126,4.85e365,I21,I22,1002,823,35,35
I22,Mastery Modif: RP,36,Research,126,7.28e371,I21,I22,1002,823,35,35
I22,Mastery Modif: RP,37,Research,126,1.09e378,I21,I22,1002,823,35,35
I22,Mastery Modif: RP,38,Research,126,1.64e384,I21,I22,1002,823,35,35
I22,Mastery Modif: RP,39,Research,126,2.46e390,I21,I22,1002,823,35,35
I22,Mastery Modif: RP,40,Research,126,3.69e396,I21,I22,1002,823,35,35
I21,Mastery Modif: Shards,1,Shards,127,4.00e150,I20,I21,1002,784,34,35
I21,Mastery Modif: Shards,2,Shards,127,6.00e155,I20,I21,1002,784,34,35
I21,Mastery Modif: Shards,3,Shards,127,9.00e160,I20,I21,1002,784,34,35
I21,Mastery Modif: Shards,4,Shards,127,1.35e166,I20,I21,1002,784,34,35
I21,Mastery Modif: Shards,5,Shards,127,2.03e171,I20,I21,1002,784,34,35
I21,Mastery Modif: Shards,6,Shards,127,3.04e176,I20,I21,1002,784,34,35
I21,Mastery Modif: Shards,7,Shards,127,4.56e181,I20,I21,1002,784,34,35
I21,Mastery Modif: Shards,8,Shards,127,6.83e186,I20,I21,1002,784,34,35
I21,Mastery Modif: Shards,9,Shards,127,1.03e192,I20,I21,1002,784,34,35
I21,Mastery Modif: Shards,10,Shards,127,1.54e197,I20,I21,1002,784,34,35
I21,Mastery Modif: Shards,11,Shards,127,2.31e202,I20,I21,1002,784,34,35
I21,Mastery Modif: Shards,12,Shards,127,3.46e207,I20,I21,1002,784,34,35
I21,Mastery Modif: Shards,13,Shards,127,5.19e212,I20,I21,1002,784,34,35
I21,Mastery Modif: Shards,14,Shards,127,7.78e217,I20,I21,1002,784,34,35
I21,Mastery Modif: Shards,15,Shards,127,1.17e223,I20,I21,1002,784,34,35
I21,Mastery Modif: Shards,16,Shards,127,1.75e228,I20,I21,1002,784,34,35
I21,Mastery Modif: Shards,17,Shards,127,2.63e233,I20,I21,1002,784,34,35
I21,Mastery Modif: Shards,18,Shards,127,3.94e238,I20,I21,1002,784,34,35
I21,Mastery Modif: Shards,19,Shards,127,5.91e243,I20,I21,1002,784,34,35
I21,Mastery Modif: Shards,20,Shards,127,8.87e248,I20,I21,1002,784,34,35
I21,Mastery Modif: Shards,21,Shards,127,1.33e254,I20,I21,1002,784,34,35
I21,Mastery Modif: Shards,22,Shards,127,2.00e259,I20,I21,1002,784,34,35
I21,Mastery Modif: Shards,23,Shards,127,2.99e264,I20,I21,1002,784,34,35
I21,Mastery Modif: Shards,24,Shards,127,4.49e269,I20,I21,1002,784,34,35
I21,Mastery Modif: Shards,25,Shards,127,6.73e274,I20,I21,1002,784,34,35
I21,Mastery Modif: Shards,26,Shards,127,1.01e280,I20,I21,1002,784,34,35
I21,Mastery Modif: Shards,27,Shards,127,1.52e285,I20,I21,1002,784,34,35
I21,Mastery Modif: Shards,28,Shards,127,2.27e290,I20,I21,1002,784,34,35
I21,Mastery Modif: Shards,29,Shards,127,3.41e295,I20,I21,1002,784,34,35
I21,Mastery Modif: Shards,30,Shards,127,5.11e300,I20,I21,1002,784,34,35
I21,Mastery Modif: Shards,31,Shards,127,7.67e305,I20,I21,1002,784,34,35
I21,Mastery Modif: Shards,32,Shards,127,1.15e311,I20,I21,1002,784,34,35
I21,Mastery Modif: Shards,33,Shards,127,1.73e316,I20,I21,1002,784,34,35
I21,Mastery Modif: Shards,34,Shards,127,2.59e321,I20,I21,1002,784,34,35
I21,Mastery Modif: Shards,35,Shards,127,3.88e326,I20,I21,1002,784,34,35
I21,Mastery Modif: Shards,36,Shards,127,5.82e331,I20,I21,1002,784,34,35
I21,Mastery Modif: Shards,37,Shards,127,8.74e336,I20,I21,1002,784,34,35
I21,Mastery Modif: Shards,38,Shards,127,1.31e342,I20,I21,1002,784,34,35
I21,Mastery Modif: Shards,39,Shards,127,1.97e347,I20,I21,1002,784,34,35
I21,Mastery Modif: Shards,40,Shards,127,2.95e352,I20,I21,1002,784,34,35
I21,Mastery Modif: Shards,41,Shards,127,4.42e357,I20,I21,1002,784,34,35
I21,Mastery Modif: Shards,42,Shards,127,6.63e362,I20,I21,1002,784,34,35
I21,Mastery Modif: Shards,43,Shards,127,9.95e367,I20,I21,1002,784,34,35
I21,Mastery Modif: Shards,44,Shards,127,1.49e373,I20,I21,1002,784,34,35
I21,Mastery Modif: Shards,45,Shards,127,2.24e378,I20,I21,1002,784,34,35
I21,Mastery Modif: Shards,46,Shards,127,3.36e383,I20,I21,1002,784,34,35
I21,Mastery Modif: Shards,47,Shards,127,5.04e388,I20,I21,1002,784,34,35
I21,Mastery Modif: Shards,48,Shards,127,7.56e393,I20,I21,1002,784,34,35
I21,Mastery Modif: Shards,49,Shards,127,1.13e399,I20,I21,1002,784,34,35
I20,Mastery Modif: MP,1,MP,128,3.00e145,I19,I20,1002,743,36,35
I20,Mastery Modif: MP,2,MP,128,4.50e149,I19,I20,1002,743,36,35
I20,Mastery Modif: MP,3,MP,128,6.75e153,I19,I20,1002,743,36,35
I20,Mastery Modif: MP,4,MP,128,1.01e158,I19,I20,1002,743,36,35
I20,Mastery Modif: MP,5,MP,128,1.52e162,I19,I20,1002,743,36,35
I20,Mastery Modif: MP,6,MP,128,2.28e166,I19,I20,1002,743,36,35
I20,Mastery Modif: MP,7,MP,128,3.42e170,I19,I20,1002,743,36,35
I20,Mastery Modif: MP,8,MP,128,5.13e174,I19,I20,1002,743,36,35
I20,Mastery Modif: MP,9,MP,128,7.69e178,I19,I20,1002,743,36,35
I20,Mastery Modif: MP,10,MP,128,1.15e183,I19,I20,1002,743,36,35
I20,Mastery Modif: MP,11,MP,128,1.73e187,I19,I20,1002,743,36,35
I20,Mastery Modif: MP,12,MP,128,2.59e191,I19,I20,1002,743,36,35
I20,Mastery Modif: MP,13,MP,128,3.89e195,I19,I20,1002,743,36,35
I20,Mastery Modif: MP,14,MP,128,5.84e199,I19,I20,1002,743,36,35
I20,Mastery Modif: MP,15,MP,128,8.76e203,I19,I20,1002,743,36,35
I20,Mastery Modif: MP,16,MP,128,1.31e208,I19,I20,1002,743,36,35
I20,Mastery Modif: MP,17,MP,128,1.97e212,I19,I20,1002,743,36,35
I20,Mastery Modif: MP,18,MP,128,2.96e216,I19,I20,1002,743,36,35
I20,Mastery Modif: MP,19,MP,128,4.43e220,I19,I20,1002,743,36,35
I20,Mastery Modif: MP,20,MP,128,6.65e224,I19,I20,1002,743,36,35
I20,Mastery Modif: MP,21,MP,128,9.98e228,I19,I20,1002,743,36,35
I20,Mastery Modif: MP,22,MP,128,1.50e233,I19,I20,1002,743,36,35
I20,Mastery Modif: MP,23,MP,128,2.24e237,I19,I20,1002,743,36,35
I20,Mastery Modif: MP,24,MP,128,3.37e241,I19,I20,1002,743,36,35
I20,Mastery Modif: MP,25,MP,128,5.05e245,I19,I20,1002,743,36,35
I20,Mastery Modif: MP,26,MP,128,7.58e249,I19,I20,1002,743,36,35
I20,Mastery Modif: MP,27,MP,128,1.14e254,I19,I20,1002,743,36,35
I20,Mastery Modif: MP,28,MP,128,1.70e258,I19,I20,1002,743,36,35
I20,Mastery Modif: MP,29,MP,128,2.56e262,I19,I20,1002,743,36,35
I20,Mastery Modif: MP,30,MP,128,3.84e266,I19,I20,1002,743,36,35
I20,Mastery Modif: MP,31,MP,128,5.75e270,I19,I20,1002,743,36,35
I20,Mastery Modif: MP,32,MP,128,8.63e274,I19,I20,1002,743,36,35
I20,Mastery Modif: MP,33,MP,128,1.29e279,I19,I20,1002,743,36,35
I20,Mastery Modif: MP,34,MP,128,1.94e283,I19,I20,1002,743,36,35
I20,Mastery Modif: MP,35,MP,128,2.91e287,I19,I20,1002,743,36,35
I20,Mastery Modif: MP,36,MP,128,4.37e291,I19,I20,1002,743,36,35
I20,Mastery Modif: MP,37,MP,128,6.55e295,I19,I20,1002,743,36,35
I20,Mastery Modif: MP,38,MP,128,9.83e299,I19,I20,1002,743,36,35
I20,Mastery Modif: MP,39,MP,128,1.47e304,I19,I20,1002,743,36,35
I20,Mastery Modif: MP,40,MP,128,2.21e308,I19,I20,1002,743,36,35
I20,Mastery Modif: MP,41,MP,128,3.32e312,I19,I20,1002,743,36,35
I20,Mastery Modif: MP,42,MP,128,4.98e316,I19,I20,1002,743,36,35
I20,Mastery Modif: MP,43,MP,128,7.46e320,I19,I20,1002,743,36,35
I20,Mastery Modif: MP,44,MP,128,1.12e325,I19,I20,1002,743,36,35
I20,Mastery Modif: MP,45,MP,128,1.68e329,I19,I20,1002,743,36,35
I20,Mastery Modif: MP,46,MP,128,2.52e333,I19,I20,1002,743,36,35
I20,Mastery Modif: MP,47,MP,128,3.78e337,I19,I20,1002,743,36,35
I20,Mastery Modif: MP,48,MP,128,5.67e341,I19,I20,1002,743,36,35
I20,Mastery Modif: MP,49,MP,128,8.50e345,I19,I20,1002,743,36,35
I20,Mastery Modif: MP,50,MP,128,1.28e350,I19,I20,1002,743,36,35
I20,Mastery Modif: MP,51,MP,128,1.91e354,I19,I20,1002,743,36,35
I20,Mastery Modif: MP,52,MP,128,2.87e358,I19,I20,1002,743,36,35
I20,Mastery Modif: MP,53,MP,128,4.30e362,I19,I20,1002,743,36,35
I20,Mastery Modif: MP,54,MP,128,6.46e366,I19,I20,1002,743,36,35
I20,Mastery Modif: MP,55,MP,128,9.68e370,I19,I20,1002,743,36,35
I20,Mastery Modif: MP,56,MP,128,1.45e375,I19,I20,1002,743,36,35
I20,Mastery Modif: MP,57,MP,128,2.18e379,I19,I20,1002,743,36,35
I20,Mastery Modif: MP,58,MP,128,3.27e383,I19,I20,1002,743,36,35
I20,Mastery Modif: MP,59,MP,128,4.90e387,I19,I20,1002,743,36,35
I20,Mastery Modif: MP,60,MP,128,7.35e391,I19,I20,1002,743,36,35
I20,Mastery Modif: MP,61,MP,128,1.10e396,I19,I20,1002,743,36,35
I19,Mastery Modif: Cells,1,Cells,129,2.00e140,I04,I19,1002,705,33,35
I19,Mastery Modif: Cells,2,Cells,129,3.00e142,I04,I19,1002,705,33,35
I19,Mastery Modif: Cells,3,Cells,129,4.50e144,I04,I19,1002,705,33,35
I19,Mastery Modif: Cells,4,Cells,129,6.75e146,I04,I19,1002,705,33,35
I19,Mastery Modif: Cells,5,Cells,129,1.01e149,I04,I19,1002,705,33,35
I19,Mastery Modif: Cells,6,Cells,129,1.52e151,I04,I19,1002,705,33,35
I19,Mastery Modif: Cells,7,Cells,129,2.28e153,I04,I19,1002,705,33,35
I19,Mastery Modif: Cells,8,Cells,129,3.42e155,I04,I19,1002,705,33,35
I19,Mastery Modif: Cells,9,Cells,129,5.13e157,I04,I19,1002,705,33,35
I19,Mastery Modif: Cells,10,Cells,129,7.69e159,I04,I19,1002,705,33,35
I19,Mastery Modif: Cells,11,Cells,129,1.15e162,I04,I19,1002,705,33,35
I19,Mastery Modif: Cells,12,Cells,129,1.73e164,I04,I19,1002,705,33,35
I19,Mastery Modif: Cells,13,Cells,129,2.59e166,I04,I19,1002,705,33,35
I19,Mastery Modif: Cells,14,Cells,129,3.89e168,I04,I19,1002,705,33,35
I19,Mastery Modif: Cells,15,Cells,129,5.84e170,I04,I19,1002,705,33,35
I19,Mastery Modif: Cells,16,Cells,129,8.76e172,I04,I19,1002,705,33,35
I19,Mastery Modif: Cells,17,Cells,129,1.31e175,I04,I19,1002,705,33,35
I19,Mastery Modif: Cells,18,Cells,129,1.97e177,I04,I19,1002,705,33,35
I19,Mastery Modif: Cells,19,Cells,129,2.96e179,I04,I19,1002,705,33,35
I19,Mastery Modif: Cells,20,Cells,129,4.43e181,I04,I19,1002,705,33,35
I19,Mastery Modif: Cells,21,Cells,129,6.65e183,I04,I19,1002,705,33,35
I19,Mastery Modif: Cells,22,Cells,129,9.98e185,I04,I19,1002,705,33,35
I19,Mastery Modif: Cells,23,Cells,129,1.50e188,I04,I19,1002,705,33,35
I19,Mastery Modif: Cells,24,Cells,129,2.24e190,I04,I19,1002,705,33,35
I19,Mastery Modif: Cells,25,Cells,129,3.37e192,I04,I19,1002,705,33,35
I19,Mastery Modif: Cells,26,Cells,129,5.05e194,I04,I19,1002,705,33,35
I19,Mastery Modif: Cells,27,Cells,129,7.58e196,I04,I19,1002,705,33,35
I19,Mastery Modif: Cells,28,Cells,129,1.14e199,I04,I19,1002,705,33,35
I19,Mastery Modif: Cells,29,Cells,129,1.70e201,I04,I19,1002,705,33,35
I19,Mastery Modif: Cells,30,Cells,129,2.56e203,I04,I19,1002,705,33,35
I19,Mastery Modif: Cells,31,Cells,129,3.84e205,I04,I19,1002,705,33,35
I19,Mastery Modif: Cells,32,Cells,129,5.75e207,I04,I19,1002,705,33,35
I19,Mastery Modif: Cells,33,Cells,129,8.63e209,I04,I19,1002,705,33,35
I19,Mastery Modif: Cells,34,Cells,129,1.29e212,I04,I19,1002,705,33,35
I19,Mastery Modif: Cells,35,Cells,129,1.94e214,I04,I19,1002,705,33,35
I19,Mastery Modif: Cells,36,Cells,129,2.91e216,I04,I19,1002,705,33,35
I19,Mastery Modif: Cells,37,Cells,129,4.37e218,I04,I19,1002,705,33,35
I19,Mastery Modif: Cells,38,Cells,129,6.55e220,I04,I19,1002,705,33,35
I19,Mastery Modif: Cells,39,Cells,129,9.83e222,I04,I19,1002,705,33,35
I19,Mastery Modif: Cells,40,Cells,129,1.47e225,I04,I19,1002,705,33,35
I19,Mastery Modif: Cells,41,Cells,129,2.21e227,I04,I19,1002,705,33,35
I19,Mastery Modif: Cells,42,Cells,129,3.32e229,I04,I19,1002,705,33,35
I19,Mastery Modif: Cells,43,Cells,129,4.98e231,I04,I19,1002,705,33,35
I19,Mastery Modif: Cells,44,Cells,129,7.46e233,I04,I19,1002,705,33,35
I19,Mastery Modif: Cells,45,Cells,129,1.12e236,I04,I19,1002,705,33,35
I19,Mastery Modif: Cells,46,Cells,129,1.68e238,I04,I19,1002,705,33,35
I19,Mastery Modif: Cells,47,Cells,129,2.52e240,I04,I19,1002,705,33,35
I19,Mastery Modif: Cells,48,Cells,129,3.78e242,I04,I19,1002,705,33,35
I19,Mastery Modif: Cells,49,Cells,129,5.67e244,I04,I19,1002,705,33,35
I19,Mastery Modif: Cells,50,Cells,129,8.50e246,I04,I19,1002,705,33,35
I19,Mastery Modif: Cells,51,Cells,129,1.28e249,I04,I19,1002,705,33,35
I19,Mastery Modif: Cells,52,Cells,129,1.91e251,I04,I19,1002,705,33,35
I19,Mastery Modif: Cells,53,Cells,129,2.87e253,I04,I19,1002,705,33,35
I19,Mastery Modif: Cells,54,Cells,129,4.30e255,I04,I19,1002,705,33,35
I19,Mastery Modif: Cells,55,Cells,129,6.46e257,I04,I19,1002,705,33,35
I19,Mastery Modif: Cells,56,Cells,129,9.68e259,I04,I19,1002,705,33,35
I19,Mastery Modif: Cells,57,Cells,129,1.45e262,I04,I19,1002,705,33,35
I19,Mastery Modif: Cells,58,Cells,129,2.18e264,I04,I19,1002,705,33,35
I19,Mastery Modif: Cells,59,Cells,129,3.27e266,I04,I19,1002,705,33,35
I19,Mastery Modif: Cells,60,Cells,129,4.90e268,I04,I19,1002,705,33,35
I19,Mastery Modif: Cells,61,Cells,129,7.35e270,I04,I19,1002,705,33,35
I19,Mastery Modif: Cells,62,Cells,129,1.10e273,I04,I19,1002,705,33,35
I19,Mastery Modif: Cells,63,Cells,129,1.65e275,I04,I19,1002,705,33,35
I19,Mastery Modif: Cells,64,Cells,129,2.48e277,I04,I19,1002,705,33,35
I19,Mastery Modif: Cells,65,Cells,129,3.72e279,I04,I19,1002,705,33,35
I19,Mastery Modif: Cells,66,Cells,129,5.58e281,I04,I19,1002,705,33,35
I19,Mastery Modif: Cells,67,Cells,129,8.38e283,I04,I19,1002,705,33,35
I19,Mastery Modif: Cells,68,Cells,129,1.26e286,I04,I19,1002,705,33,35
I19,Mastery Modif: Cells,69,Cells,129,1.88e288,I04,I19,1002,705,33,35
I19,Mastery Modif: Cells,70,Cells,129,2.83e290,I04,I19,1002,705,33,35
I19,Mastery Modif: Cells,71,Cells,129,4.24e292,I04,I19,1002,705,33,35
I19,Mastery Modif: Cells,72,Cells,129,6.36e294,I04,I19,1002,705,33,35
I19,Mastery Modif: Cells,73,Cells,129,9.54e296,I04,I19,1002,705,33,35
I19,Mastery Modif: Cells,74,Cells,129,1.43e299,I04,I19,1002,705,33,35
I19,Mastery Modif: Cells,75,Cells,129,2.15e301,I04,I19,1002,705,33,35
I19,Mastery Modif: Cells,76,Cells,129,3.22e303,I04,I19,1002,705,33,35
I19,Mastery Modif: Cells,77,Cells,129,4.83e305,I04,I19,1002,705,33,35
I19,Mastery Modif: Cells,78,Cells,129,7.25e307,I04,I19,1002,705,33,35
I19,Mastery Modif: Cells,79,Cells,129,1.09e310,I04,I19,1002,705,33,35
I19,Mastery Modif: Cells,80,Cells,129,1.63e312,I04,I19,1002,705,33,35
I19,Mastery Modif: Cells,81,Cells,129,2.45e314,I04,I19,1002,705,33,35
I19,Mastery Modif: Cells,82,Cells,129,3.67e316,I04,I19,1002,705,33,35
I19,Mastery Modif: Cells,83,Cells,129,5.50e318,I04,I19,1002,705,33,35
I19,Mastery Modif: Cells,84,Cells,129,8.25e320,I04,I19,1002,705,33,35
I19,Mastery Modif: Cells,85,Cells,129,1.24e323,I04,I19,1002,705,33,35
I19,Mastery Modif: Cells,86,Cells,129,1.86e325,I04,I19,1002,705,33,35
I19,Mastery Modif: Cells,87,Cells,129,2.79e327,I04,I19,1002,705,33,35
I19,Mastery Modif: Cells,88,Cells,129,4.18e329,I04,I19,1002,705,33,35
I19,Mastery Modif: Cells,89,Cells,129,6.27e331,I04,I19,1002,705,33,35
I19,Mastery Modif: Cells,90,Cells,129,9.40e333,I04,I19,1002,705,33,35
I19,Mastery Modif: Cells,91,Cells,129,1.41e336,I04,I19,1002,705,33,35
I19,Mastery Modif: Cells,92,Cells,129,2.12e338,I04,I19,1002,705,33,35
I19,Mastery Modif: Cells,93,Cells,129,3.17e340,I04,I19,1002,705,33,35
I19,Mastery Modif: Cells,94,Cells,129,4.76e342,I04,I19,1002,705,33,35
I19,Mastery Modif: Cells,95,Cells,129,7.14e344,I04,I19,1002,705,33,35
I19,Mastery Modif: Cells,96,Cells,129,1.07e347,I04,I19,1002,705,33,35
I19,Mastery Modif: Cells,97,Cells,129,1.61e349,I04,I19,1002,705,33,35
I19,Mastery Modif: Cells,98,Cells,129,2.41e351,I04,I19,1002,705,33,35
I19,Mastery Modif: Cells,99,Cells,129,3.61e353,I04,I19,1002,705,33,35
I19,Mastery Modif: Cells,100,Cells,129,5.42e355,I04,I19,1002,705,33,35
I04,Exp Modification,1,MP,130,1.00e123,I03,I04,1003,653,35,34
I04,Exp Modification,2,MP,130,1.50e128,I03,I04,1003,653,35,34
I04,Exp Modification,3,MP,130,2.25e133,I03,I04,1003,653,35,34
I04,Exp Modification,4,MP,130,3.38e138,I03,I04,1003,653,35,34
I04,Exp Modification,5,MP,130,5.06e143,I03,I04,1003,653,35,34
I04,Exp Modification,6,MP,130,7.59e148,I03,I04,1003,653,35,34
I04,Exp Modification,7,MP,130,1.14e154,I03,I04,1003,653,35,34
I04,Exp Modification,8,MP,130,1.71e159,I03,I04,1003,653,35,34
I04,Exp Modification,9,MP,130,2.56e164,I03,I04,1003,653,35,34
I04,Exp Modification,10,MP,130,3.84e169,I03,I04,1003,653,35,34
I04,Exp Modification,11,MP,130,5.77e174,I03,I04,1003,653,35,34
I04,Exp Modification,12,MP,130,8.65e179,I03,I04,1003,653,35,34
I04,Exp Modification,13,MP,130,1.30e185,I03,I04,1003,653,35,34
I04,Exp Modification,14,MP,130,1.95e190,I03,I04,1003,653,35,34
I04,Exp Modification,15,MP,130,2.92e195,I03,I04,1003,653,35,34
I04,Exp Modification,16,MP,130,4.38e200,I03,I04,1003,653,35,34
I04,Exp Modification,17,MP,130,6.57e205,I03,I04,1003,653,35,34
I04,Exp Modification,18,MP,130,9.85e210,I03,I04,1003,653,35,34
I04,Exp Modification,19,MP,130,1.48e216,I03,I04,1003,653,35,34
I04,Exp Modification,20,MP,130,2.22e221,I03,I04,1003,653,35,34
I04,Exp Modification,21,MP,130,3.33e226,I03,I04,1003,653,35,34
I04,Exp Modification,22,MP,130,4.99e231,I03,I04,1003,653,35,34
I04,Exp Modification,23,MP,130,7.48e236,I03,I04,1003,653,35,34
I04,Exp Modification,24,MP,130,1.12e242,I03,I04,1003,653,35,34
I04,Exp Modification,25,MP,130,1.68e247,I03,I04,1003,653,35,34
I04,Exp Modification,26,MP,130,2.53e252,I03,I04,1003,653,35,34
I04,Exp Modification,27,MP,130,3.79e257,I03,I04,1003,653,35,34
I04,Exp Modification,28,MP,130,5.68e262,I03,I04,1003,653,35,34
I04,Exp Modification,29,MP,130,8.52e267,I03,I04,1003,653,35,34
I04,Exp Modification,30,MP,130,1.28e273,I03,I04,1003,653,35,34
I04,Exp Modification,31,MP,130,1.92e278,I03,I04,1003,653,35,34
I04,Exp Modification,32,MP,130,2.88e283,I03,I04,1003,653,35,34
I04,Exp Modification,33,MP,130,4.31e288,I03,I04,1003,653,35,34
I04,Exp Modification,34,MP,130,6.47e293,I03,I04,1003,653,35,34
I04,Exp Modification,35,MP,130,9.71e298,I03,I04,1003,653,35,34
I04,Exp Modification,36,MP,130,1.46e304,I03,I04,1003,653,35,34
I04,Exp Modification,37,MP,130,2.18e309,I03,I04,1003,653,35,34
I04,Exp Modification,38,MP,130,3.28e314,I03,I04,1003,653,35,34
I04,Exp Modification,39,MP,130,4.91e319,I03,I04,1003,653,35,34
I04,Exp Modification,40,MP,130,7.37e324,I03,I04,1003,653,35,34
I04,Exp Modification,41,MP,130,1.11e330,I03,I04,1003,653,35,34
I04,Exp Modification,42,MP,130,1.66e335,I03,I04,1003,653,35,34
I04,Exp Modification,43,MP,130,2.49e340,I03,I04,1003,653,35,34
I04,Exp Modification,44,MP,130,3.73e345,I03,I04,1003,653,35,34
I04,Exp Modification,45,MP,130,5.60e350,I03,I04,1003,653,35,34
I04,Exp Modification,46,MP,130,8.40e355,I03,I04,1003,653,35,34
I04,Exp Modification,47,MP,130,1.26e361,I03,I04,1003,653,35,34
I04,Exp Modification,48,MP,130,1.89e366,I03,I04,1003,653,35,34
I04,Exp Modification,49,MP,130,2.83e371,I03,I04,1003,653,35,34
I04,Exp Modification,50,MP,130,4.25e376,I03,I04,1003,653,35,34
I04,Exp Modification,51,MP,130,6.38e381,I03,I04,1003,653,35,34
I04,Exp Modification,52,MP,130,9.56e386,I03,I04,1003,653,35,34
I04,Exp Modification,53,MP,130,1.43e392,I03,I04,1003,653,35,34
I04,Exp Modification,54,MP,130,2.15e397,I03,I04,1003,653,35,34
IU3,Ultima Loop: Mastery,1,MP,131,2.50e303,IU1,IU3,1127,573,31,33
IU3,Ultima Loop: Mastery,2,MP,131,8.75e318,IU1,IU3,1127,573,31,33
IU3,Ultima Loop: Mastery,3,MP,131,3.06e334,IU1,IU3,1127,573,31,33
IU3,Ultima Loop: Mastery,4,MP,131,1.07e350,IU1,IU3,1127,573,31,33
IU3,Ultima Loop: Mastery,5,MP,131,3.75e365,IU1,IU3,1127,573,31,33
IU3,Ultima Loop: Mastery,6,MP,131,1.31e381,IU1,IU3,1127,573,31,33
IU3,Ultima Loop: Mastery,7,MP,131,4.60e396,IU1,IU3,1127,573,31,33
IU1,Ultima Loop: Expansion,1,MP,132,1.50e300,I06,IU1,1074,565,48,47
IU1,Ultima Loop: Expansion,2,MP,132,3.42e300,I06,IU1,1074,565,48,47
IU1,Ultima Loop: Expansion,3,MP,132,7.80e300,I06,IU1,1074,565,48,47
IU1,Ultima Loop: Expansion,4,MP,132,1.78e301,I06,IU1,1074,565,48,47
IU1,Ultima Loop: Expansion,5,MP,132,4.05e301,I06,IU1,1074,565,48,47
IU1,Ultima Loop: Expansion,6,MP,132,9.24e301,I06,IU1,1074,565,48,47
IU1,Ultima Loop: Expansion,7,MP,132,2.11e302,I06,IU1,1074,565,48,47
IU1,Ultima Loop: Expansion,8,MP,132,4.80e302,I06,IU1,1074,565,48,47
IU1,Ultima Loop: Expansion,9,MP,132,1.10e303,I06,IU1,1074,565,48,47
IU1,Ultima Loop: Expansion,10,MP,132,2.50e303,I06,IU1,1074,565,48,47
IU1,Ultima Loop: Expansion,11,MP,132,5.69e303,I06,IU1,1074,565,48,47
IU1,Ultima Loop: Expansion,12,MP,132,1.30e304,I06,IU1,1074,565,48,47
IU1,Ultima Loop: Expansion,13,MP,132,2.96e304,I06,IU1,1074,565,48,47
IU1,Ultima Loop: Expansion,14,MP,132,6.75e304,I06,IU1,1074,565,48,47
IU1,Ultima Loop: Expansion,15,MP,132,1.54e305,I06,IU1,1074,565,48,47
IU1,Ultima Loop: Expansion,16,MP,132,3.51e305,I06,IU1,1074,565,48,47
IU1,Ultima Loop: Expansion,17,MP,132,8.00e305,I06,IU1,1074,565,48,47
IU1,Ultima Loop: Expansion,18,MP,132,1.82e306,I06,IU1,1074,565,48,47
IU1,Ultima Loop: Expansion,19,MP,132,4.16e306,I06,IU1,1074,565,48,47
IU1,Ultima Loop: Expansion,20,MP,132,9.48e306,I06,IU1,1074,565,48,47
IU1,Ultima Loop: Expansion,21,MP,132,2.16e307,I06,IU1,1074,565,48,47
IU1,Ultima Loop: Expansion,22,MP,132,4.93e307,I06,IU1,1074,565,48,47
IU1,Ultima Loop: Expansion,23,MP,132,1.12e308,I06,IU1,1074,565,48,47
IU1,Ultima Loop: Expansion,24,MP,132,2.56e308,I06,IU1,1074,565,48,47
IU1,Ultima Loop: Expansion,25,MP,132,5.84e308,I06,IU1,1074,565,48,47
IU1,Ultima Loop: Expansion,26,MP,132,1.33e309,I06,IU1,1074,565,48,47
IU1,Ultima Loop: Expansion,27,MP,132,3.04e309,I06,IU1,1074,565,48,47
IU1,Ultima Loop: Expansion,28,MP,132,6.92e309,I06,IU1,1074,565,48,47
IU1,Ultima Loop: Expansion,29,MP,132,1.58e310,I06,IU1,1074,565,48,47
IU1,Ultima Loop: Expansion,30,MP,132,3.60e310,I06,IU1,1074,565,48,47
IU1,Ultima Loop: Expansion,31,MP,132,8.21e310,I06,IU1,1074,565,48,47
IU1,Ultima Loop: Expansion,32,MP,132,1.87e311,I06,IU1,1074,565,48,47
IU1,Ultima Loop: Expansion,33,MP,132,4.27e311,I06,IU1,1074,565,48,47
IU1,Ultima Loop: Expansion,34,MP,132,9.73e311,I06,IU1,1074,565,48,47
IU1,Ultima Loop: Expansion,35,MP,132,2.22e312,I06,IU1,1074,565,48,47
IU1,Ultima Loop: Expansion,36,MP,132,5.06e312,I06,IU1,1074,565,48,47
IU1,Ultima Loop: Expansion,37,MP,132,1.15e313,I06,IU1,1074,565,48,47
IU1,Ultima Loop: Expansion,38,MP,132,2.63e313,I06,IU1,1074,565,48,47
IU1,Ultima Loop: Expansion,39,MP,132,5.99e313,I06,IU1,1074,565,48,47
IU1,Ultima Loop: Expansion,40,MP,132,1.37e314,I06,IU1,1074,565,48,47
IU1,Ultima Loop: Expansion,41,MP,132,3.12e314,I06,IU1,1074,565,48,47
IU1,Ultima Loop: Expansion,42,MP,132,7.10e314,I06,IU1,1074,565,48,47
IU1,Ultima Loop: Expansion,43,MP,132,1.62e315,I06,IU1,1074,565,48,47
IU1,Ultima Loop: Expansion,44,MP,132,3.69e315,I06,IU1,1074,565,48,47
IU1,Ultima Loop: Expansion,45,MP,132,8.42e315,I06,IU1,1074,565,48,47
IU1,Ultima Loop: Expansion,46,MP,132,1.92e316,I06,IU1,1074,565,48,47
IU1,Ultima Loop: Expansion,47,MP,132,4.38e316,I06,IU1,1074,565,48,47
IU1,Ultima Loop: Expansion,48,MP,132,9.98e316,I06,IU1,1074,565,48,47
IU1,Ultima Loop: Expansion,49,MP,132,2.27e317,I06,IU1,1074,565,48,47
IU1,Ultima Loop: Expansion,50,MP,132,5.19e317,I06,IU1,1074,565,48,47
IU1,Ultima Loop: Expansion,51,MP,132,1.18e318,I06,IU1,1074,565,48,47
IU1,Ultima Loop: Expansion,52,MP,132,2.70e318,I06,IU1,1074,565,48,47
IU1,Ultima Loop: Expansion,53,MP,132,6.15e318,I06,IU1,1074,565,48,47
IU1,Ultima Loop: Expansion,54,MP,132,1.40e319,I06,IU1,1074,565,48,47
IU1,Ultima Loop: Expansion,55,MP,132,3.20e319,I06,IU1,1074,565,48,47
IU1,Ultima Loop: Expansion,56,MP,132,7.29e319,I06,IU1,1074,565,48,47
IU1,Ultima Loop: Expansion,57,MP,132,1.66e320,I06,IU1,1074,565,48,47
IU1,Ultima Loop: Expansion,58,MP,132,3.79e320,I06,IU1,1074,565,48,47
IU1,Ultima Loop: Expansion,59,MP,132,8.64e320,I06,IU1,1074,565,48,47
IU1,Ultima Loop: Expansion,60,MP,132,1.97e321,I06,IU1,1074,565,48,47
IU1,Ultima Loop: Expansion,61,MP,132,4.49e321,I06,IU1,1074,565,48,47
IU1,Ultima Loop: Expansion,62,MP,132,1.02e322,I06,IU1,1074,565,48,47
IU1,Ultima Loop: Expansion,63,MP,132,2.33e322,I06,IU1,1074,565,48,47
IU1,Ultima Loop: Expansion,64,MP,132,5.32e322,I06,IU1,1074,565,48,47
IU1,Ultima Loop: Expansion,65,MP,132,1.21e323,I06,IU1,1074,565,48,47
IU1,Ultima Loop: Expansion,66,MP,132,2.77e323,I06,IU1,1074,565,48,47
IU1,Ultima Loop: Expansion,67,MP,132,6.31e323,I06,IU1,1074,565,48,47
IU1,Ultima Loop: Expansion,68,MP,132,1.44e324,I06,IU1,1074,565,48,47
IU1,Ultima Loop: Expansion,69,MP,132,3.28e324,I06,IU1,1074,565,48,47
IU1,Ultima Loop: Expansion,70,MP,132,7.47e324,I06,IU1,1074,565,48,47
IU1,Ultima Loop: Expansion,71,MP,132,1.70e325,I06,IU1,1074,565,48,47
IU1,Ultima Loop: Expansion,72,MP,132,3.89e325,I06,IU1,1074,565,48,47
IU1,Ultima Loop: Expansion,73,MP,132,8.86e325,I06,IU1,1074,565,48,47
IU1,Ultima Loop: Expansion,74,MP,132,2.02e326,I06,IU1,1074,565,48,47
IU1,Ultima Loop: Expansion,75,MP,132,4.61e326,I06,IU1,1074,565,48,47
IU1,Ultima Loop: Expansion,76,MP,132,1.05e327,I06,IU1,1074,565,48,47
IU1,Ultima Loop: Expansion,77,MP,132,2.39e327,I06,IU1,1074,565,48,47
IU1,Ultima Loop: Expansion,78,MP,132,5.46e327,I06,IU1,1074,565,48,47
IU1,Ultima Loop: Expansion,79,MP,132,1.24e328,I06,IU1,1074,565,48,47
IU1,Ultima Loop: Expansion,80,MP,132,2.84e328,I06,IU1,1074,565,48,47
IU1,Ultima Loop: Expansion,81,MP,132,6.47e328,I06,IU1,1074,565,48,47
IU1,Ultima Loop: Expansion,82,MP,132,1.48e329,I06,IU1,1074,565,48,47
IU1,Ultima Loop: Expansion,83,MP,132,3.36e329,I06,IU1,1074,565,48,47
IU1,Ultima Loop: Expansion,84,MP,132,7.67e329,I06,IU1,1074,565,48,47
IU1,Ultima Loop: Expansion,85,MP,132,1.75e330,I06,IU1,1074,565,48,47
IU1,Ultima Loop: Expansion,86,MP,132,3.99e330,I06,IU1,1074,565,48,47
IU1,Ultima Loop: Expansion,87,MP,132,9.09e330,I06,IU1,1074,565,48,47
IU1,Ultima Loop: Expansion,88,MP,132,2.07e331,I06,IU1,1074,565,48,47
IU1,Ultima Loop: Expansion,89,MP,132,4.72e331,I06,IU1,1074,565,48,47
IU1,Ultima Loop: Expansion,90,MP,132,1.08e332,I06,IU1,1074,565,48,47
IU1,Ultima Loop: Expansion,91,MP,132,2.46e332,I06,IU1,1074,565,48,47
IU1,Ultima Loop: Expansion,92,MP,132,5.60e332,I06,IU1,1074,565,48,47
IU1,Ultima Loop: Expansion,93,MP,132,1.28e333,I06,IU1,1074,565,48,47
IU1,Ultima Loop: Expansion,94,MP,132,2.91e333,I06,IU1,1074,565,48,47
IU1,Ultima Loop: Expansion,95,MP,132,6.64e333,I06,IU1,1074,565,48,47
IU1,Ultima Loop: Expansion,96,MP,132,1.51e334,I06,IU1,1074,565,48,47
IU1,Ultima Loop: Expansion,97,MP,132,3.45e334,I06,IU1,1074,565,48,47
IU1,Ultima Loop: Expansion,98,MP,132,7.87e334,I06,IU1,1074,565,48,47
IU1,Ultima Loop: Expansion,99,MP,132,1.79e335,I06,IU1,1074,565,48,47
IU1,Ultima Loop: Expansion,100,MP,132,4.09e335,I06,IU1,1074,565,48,47
IU1,Ultima Loop: Expansion,101,MP,132,9.32e335,I06,IU1,1074,565,48,47
IU1,Ultima Loop: Expansion,102,MP,132,2.13e336,I06,IU1,1074,565,48,47
IU1,Ultima Loop: Expansion,103,MP,132,4.85e336,I06,IU1,1074,565,48,47
IU1,Ultima Loop: Expansion,104,MP,132,1.11e337,I06,IU1,1074,565,48,47
IU1,Ultima Loop: Expansion,105,MP,132,2.52e337,I06,IU1,1074,565,48,47
IU1,Ultima Loop: Expansion,106,MP,132,5.74e337,I06,IU1,1074,565,48,47
IU1,Ultima Loop: Expansion,107,MP,132,1.31e338,I06,IU1,1074,565,48,47
IU1,Ultima Loop: Expansion,108,MP,132,2.99e338,I06,IU1,1074,565,48,47
IU1,Ultima Loop: Expansion,109,MP,132,6.81e338,I06,IU1,1074,565,48,47
IU1,Ultima Loop: Expansion,110,MP,132,1.55e339,I06,IU1,1074,565,48,47
IU1,Ultima Loop: Expansion,111,MP,132,3.54e339,I06,IU1,1074,565,48,47
IU1,Ultima Loop: Expansion,112,MP,132,8.07e339,I06,IU1,1074,565,48,47
IU1,Ultima Loop: Expansion,113,MP,132,1.84e340,I06,IU1,1074,565,48,47
IU1,Ultima Loop: Expansion,114,MP,132,4.19e340,I06,IU1,1074,565,48,47
IU1,Ultima Loop: Expansion,115,MP,132,9.56e340,I06,IU1,1074,565,48,47
IU1,Ultima Loop: Expansion,116,MP,132,2.18e341,I06,IU1,1074,565,48,47
IU1,Ultima Loop: Expansion,117,MP,132,4.97e341,I06,IU1,1074,565,48,47
IU1,Ultima Loop: Expansion,118,MP,132,1.13e342,I06,IU1,1074,565,48,47
IU1,Ultima Loop: Expansion,119,MP,132,2.58e342,I06,IU1,1074,565,48,47
IU1,Ultima Loop: Expansion,120,MP,132,5.89e342,I06,IU1,1074,565,48,47
IU1,Ultima Loop: Expansion,121,MP,132,1.34e343,I06,IU1,1074,565,48,47
IU1,Ultima Loop: Expansion,122,MP,132,3.06e343,I06,IU1,1074,565,48,47
IU1,Ultima Loop: Expansion,123,MP,132,6.98e343,I06,IU1,1074,565,48,47
IU1,Ultima Loop: Expansion,124,MP,132,1.59e344,I06,IU1,1074,565,48,47
IU1,Ultima Loop: Expansion,125,MP,132,3.63e344,I06,IU1,1074,565,48,47
IU1,Ultima Loop: Expansion,126,MP,132,8.28e344,I06,IU1,1074,565,48,47
IU1,Ultima Loop: Expansion,127,MP,132,1.89e345,I06,IU1,1074,565,48,47
IU1,Ultima Loop: Expansion,128,MP,132,4.30e345,I06,IU1,1074,565,48,47
IU1,Ultima Loop: Expansion,129,MP,132,9.81e345,I06,IU1,1074,565,48,47
IU1,Ultima Loop: Expansion,130,MP,132,2.24e346,I06,IU1,1074,565,48,47
IU1,Ultima Loop: Expansion,131,MP,132,5.10e346,I06,IU1,1074,565,48,47
IU1,Ultima Loop: Expansion,132,MP,132,1.16e347,I06,IU1,1074,565,48,47
IU1,Ultima Loop: Expansion,133,MP,132,2.65e347,I06,IU1,1074,565,48,47
IU1,Ultima Loop: Expansion,134,MP,132,6.05e347,I06,IU1,1074,565,48,47
IU1,Ultima Loop: Expansion,135,MP,132,1.38e348,I06,IU1,1074,565,48,47
IU1,Ultima Loop: Expansion,136,MP,132,3.14e348,I06,IU1,1074,565,48,47
IU1,Ultima Loop: Expansion,137,MP,132,7.17e348,I06,IU1,1074,565,48,47
IU1,Ultima Loop: Expansion,138,MP,132,1.63e349,I06,IU1,1074,565,48,47
IU1,Ultima Loop: Expansion,139,MP,132,3.72e349,I06,IU1,1074,565,48,47
IU1,Ultima Loop: Expansion,140,MP,132,8.49e349,I06,IU1,1074,565,48,47
IU1,Ultima Loop: Expansion,141,MP,132,1.94e350,I06,IU1,1074,565,48,47
IU1,Ultima Loop: Expansion,142,MP,132,4.41e350,I06,IU1,1074,565,48,47
IU1,Ultima Loop: Expansion,143,MP,132,1.01e351,I06,IU1,1074,565,48,47
IU1,Ultima Loop: Expansion,144,MP,132,2.29e351,I06,IU1,1074,565,48,47
IU1,Ultima Loop: Expansion,145,MP,132,5.23e351,I06,IU1,1074,565,48,47
IU1,Ultima Loop: Expansion,146,MP,132,1.19e352,I06,IU1,1074,565,48,47
IU1,Ultima Loop: Expansion,147,MP,132,2.72e352,I06,IU1,1074,565,48,47
IU1,Ultima Loop: Expansion,148,MP,132,6.20e352,I06,IU1,1074,565,48,47
IU1,Ultima Loop: Expansion,149,MP,132,1.41e353,I06,IU1,1074,565,48,47
IU1,Ultima Loop: Expansion,150,MP,132,3.22e353,I06,IU1,1074,565,48,47
IU1,Ultima Loop: Expansion,151,MP,132,7.35e353,I06,IU1,1074,565,48,47
IU1,Ultima Loop: Expansion,152,MP,132,1.68e354,I06,IU1,1074,565,48,47
IU1,Ultima Loop: Expansion,153,MP,132,3.82e354,I06,IU1,1074,565,48,47
IU1,Ultima Loop: Expansion,154,MP,132,8.71e354,I06,IU1,1074,565,48,47
IU1,Ultima Loop: Expansion,155,MP,132,1.99e355,I06,IU1,1074,565,48,47
IU1,Ultima Loop: Expansion,156,MP,132,4.53e355,I06,IU1,1074,565,48,47
IU1,Ultima Loop: Expansion,157,MP,132,1.03e356,I06,IU1,1074,565,48,47
IU1,Ultima Loop: Expansion,158,MP,132,2.35e356,I06,IU1,1074,565,48,47
IU1,Ultima Loop: Expansion,159,MP,132,5.37e356,I06,IU1,1074,565,48,47
IU1,Ultima Loop: Expansion,160,MP,132,1.22e357,I06,IU1,1074,565,48,47
IU1,Ultima Loop: Expansion,161,MP,132,2.79e357,I06,IU1,1074,565,48,47
IU1,Ultima Loop: Expansion,162,MP,132,6.36e357,I06,IU1,1074,565,48,47
IU1,Ultima Loop: Expansion,163,MP,132,1.45e358,I06,IU1,1074,565,48,47
IU1,Ultima Loop: Expansion,164,MP,132,3.31e358,I06,IU1,1074,565,48,47
IU1,Ultima Loop: Expansion,165,MP,132,7.54e358,I06,IU1,1074,565,48,47
IU1,Ultima Loop: Expansion,166,MP,132,1.72e359,I06,IU1,1074,565,48,47
IU1,Ultima Loop: Expansion,167,MP,132,3.92e359,I06,IU1,1074,565,48,47
IU1,Ultima Loop: Expansion,168,MP,132,8.94e359,I06,IU1,1074,565,48,47
IU1,Ultima Loop: Expansion,169,MP,132,2.04e360,I06,IU1,1074,565,48,47
IU1,Ultima Loop: Expansion,170,MP,132,4.65e360,I06,IU1,1074,565,48,47
IU1,Ultima Loop: Expansion,171,MP,132,1.06e361,I06,IU1,1074,565,48,47
IU1,Ultima Loop: Expansion,172,MP,132,2.42e361,I06,IU1,1074,565,48,47
IU1,Ultima Loop: Expansion,173,MP,132,5.51e361,I06,IU1,1074,565,48,47
IU1,Ultima Loop: Expansion,174,MP,132,1.26e362,I06,IU1,1074,565,48,47
IU1,Ultima Loop: Expansion,175,MP,132,2.86e362,I06,IU1,1074,565,48,47
IU1,Ultima Loop: Expansion,176,MP,132,6.53e362,I06,IU1,1074,565,48,47
IU1,Ultima Loop: Expansion,177,MP,132,1.49e363,I06,IU1,1074,565,48,47
IU1,Ultima Loop: Expansion,178,MP,132,3.39e363,I06,IU1,1074,565,48,47
IU1,Ultima Loop: Expansion,179,MP,132,7.74e363,I06,IU1,1074,565,48,47
IU1,Ultima Loop: Expansion,180,MP,132,1.76e364,I06,IU1,1074,565,48,47
IU1,Ultima Loop: Expansion,181,MP,132,4.02e364,I06,IU1,1074,565,48,47
IU1,Ultima Loop: Expansion,182,MP,132,9.17e364,I06,IU1,1074,565,48,47
IU1,Ultima Loop: Expansion,183,MP,132,2.09e365,I06,IU1,1074,565,48,47
IU1,Ultima Loop: Expansion,184,MP,132,4.77e365,I06,IU1,1074,565,48,47
IU1,Ultima Loop: Expansion,185,MP,132,1.09e366,I06,IU1,1074,565,48,47
IU1,Ultima Loop: Expansion,186,MP,132,2.48e366,I06,IU1,1074,565,48,47
IU1,Ultima Loop: Expansion,187,MP,132,5.65e366,I06,IU1,1074,565,48,47
IU1,Ultima Loop: Expansion,188,MP,132,1.29e367,I06,IU1,1074,565,48,47
IU1,Ultima Loop: Expansion,189,MP,132,2.94e367,I06,IU1,1074,565,48,47
IU1,Ultima Loop: Expansion,190,MP,132,6.70e367,I06,IU1,1074,565,48,47
IU1,Ultima Loop: Expansion,191,MP,132,1.53e368,I06,IU1,1074,565,48,47
IU1,Ultima Loop: Expansion,192,MP,132,3.48e368,I06,IU1,1074,565,48,47
IU1,Ultima Loop: Expansion,193,MP,132,7.94e368,I06,IU1,1074,565,48,47
IU1,Ultima Loop: Expansion,194,MP,132,1.81e369,I06,IU1,1074,565,48,47
IU1,Ultima Loop: Expansion,195,MP,132,4.13e369,I06,IU1,1074,565,48,47
IU1,Ultima Loop: Expansion,196,MP,132,9.41e369,I06,IU1,1074,565,48,47
IU1,Ultima Loop: Expansion,197,MP,132,2.14e370,I06,IU1,1074,565,48,47
IU1,Ultima Loop: Expansion,198,MP,132,4.89e370,I06,IU1,1074,565,48,47
IU1,Ultima Loop: Expansion,199,MP,132,1.11e371,I06,IU1,1074,565,48,47
IU1,Ultima Loop: Expansion,200,MP,132,2.54e371,I06,IU1,1074,565,48,47
IU1,Ultima Loop: Expansion,201,MP,132,5.80e371,I06,IU1,1074,565,48,47
IU1,Ultima Loop: Expansion,202,MP,132,1.32e372,I06,IU1,1074,565,48,47
IU1,Ultima Loop: Expansion,203,MP,132,3.01e372,I06,IU1,1074,565,48,47
IU1,Ultima Loop: Expansion,204,MP,132,6.87e372,I06,IU1,1074,565,48,47
IU1,Ultima Loop: Expansion,205,MP,132,1.57e373,I06,IU1,1074,565,48,47
IU1,Ultima Loop: Expansion,206,MP,132,3.57e373,I06,IU1,1074,565,48,47
IU1,Ultima Loop: Expansion,207,MP,132,8.14e373,I06,IU1,1074,565,48,47
IU1,Ultima Loop: Expansion,208,MP,132,1.86e374,I06,IU1,1074,565,48,47
IU1,Ultima Loop: Expansion,209,MP,132,4.23e374,I06,IU1,1074,565,48,47
IU1,Ultima Loop: Expansion,210,MP,132,9.65e374,I06,IU1,1074,565,48,47
IU1,Ultima Loop: Expansion,211,MP,132,2.20e375,I06,IU1,1074,565,48,47
IU1,Ultima Loop: Expansion,212,MP,132,5.02e375,I06,IU1,1074,565,48,47
IU1,Ultima Loop: Expansion,213,MP,132,1.14e376,I06,IU1,1074,565,48,47
IU1,Ultima Loop: Expansion,214,MP,132,2.61e376,I06,IU1,1074,565,48,47
IU1,Ultima Loop: Expansion,215,MP,132,5.94e376,I06,IU1,1074,565,48,47
IU1,Ultima Loop: Expansion,216,MP,132,1.36e377,I06,IU1,1074,565,48,47
IU1,Ultima Loop: Expansion,217,MP,132,3.09e377,I06,IU1,1074,565,48,47
IU1,Ultima Loop: Expansion,218,MP,132,7.05e377,I06,IU1,1074,565,48,47
IU1,Ultima Loop: Expansion,219,MP,132,1.61e378,I06,IU1,1074,565,48,47
IU1,Ultima Loop: Expansion,220,MP,132,3.66e378,I06,IU1,1074,565,48,47
IU1,Ultima Loop: Expansion,221,MP,132,8.35e378,I06,IU1,1074,565,48,47
IU1,Ultima Loop: Expansion,222,MP,132,1.90e379,I06,IU1,1074,565,48,47
IU1,Ultima Loop: Expansion,223,MP,132,4.34e379,I06,IU1,1074,565,48,47
IU1,Ultima Loop: Expansion,224,MP,132,9.90e379,I06,IU1,1074,565,48,47
IU1,Ultima Loop: Expansion,225,MP,132,2.26e380,I06,IU1,1074,565,48,47
IU1,Ultima Loop: Expansion,226,MP,132,5.15e380,I06,IU1,1074,565,48,47
IU1,Ultima Loop: Expansion,227,MP,132,1.17e381,I06,IU1,1074,565,48,47
IU1,Ultima Loop: Expansion,228,MP,132,2.67e381,I06,IU1,1074,565,48,47
IU1,Ultima Loop: Expansion,229,MP,132,6.10e381,I06,IU1,1074,565,48,47
IU1,Ultima Loop: Expansion,230,MP,132,1.39e382,I06,IU1,1074,565,48,47
IU1,Ultima Loop: Expansion,231,MP,132,3.17e382,I06,IU1,1074,565,48,47
IU1,Ultima Loop: Expansion,232,MP,132,7.23e382,I06,IU1,1074,565,48,47
IU1,Ultima Loop: Expansion,233,MP,132,1.65e383,I06,IU1,1074,565,48,47
IU1,Ultima Loop: Expansion,234,MP,132,3.76e383,I06,IU1,1074,565,48,47
IU1,Ultima Loop: Expansion,235,MP,132,8.57e383,I06,IU1,1074,565,48,47
IU1,Ultima Loop: Expansion,236,MP,132,1.95e384,I06,IU1,1074,565,48,47
IU1,Ultima Loop: Expansion,237,MP,132,4.45e384,I06,IU1,1074,565,48,47
IU1,Ultima Loop: Expansion,238,MP,132,1.02e385,I06,IU1,1074,565,48,47
IU1,Ultima Loop: Expansion,239,MP,132,2.32e385,I06,IU1,1074,565,48,47
IU1,Ultima Loop: Expansion,240,MP,132,5.28e385,I06,IU1,1074,565,48,47
IU1,Ultima Loop: Expansion,241,MP,132,1.20e386,I06,IU1,1074,565,48,47
IU1,Ultima Loop: Expansion,242,MP,132,2.74e386,I06,IU1,1074,565,48,47
IU1,Ultima Loop: Expansion,243,MP,132,6.26e386,I06,IU1,1074,565,48,47
IU1,Ultima Loop: Expansion,244,MP,132,1.43e387,I06,IU1,1074,565,48,47
IU1,Ultima Loop: Expansion,245,MP,132,3.25e387,I06,IU1,1074,565,48,47
IU1,Ultima Loop: Expansion,246,MP,132,7.42e387,I06,IU1,1074,565,48,47
IU1,Ultima Loop: Expansion,247,MP,132,1.69e388,I06,IU1,1074,565,48,47
IU1,Ultima Loop: Expansion,248,MP,132,3.85e388,I06,IU1,1074,565,48,47
IU1,Ultima Loop: Expansion,249,MP,132,8.79e388,I06,IU1,1074,565,48,47
IU1,Ultima Loop: Expansion,250,MP,132,2.00e389,I06,IU1,1074,565,48,47
IU1,Ultima Loop: Expansion,251,MP,132,4.57e389,I06,IU1,1074,565,48,47
IU1,Ultima Loop: Expansion,252,MP,132,1.04e390,I06,IU1,1074,565,48,47
IU1,Ultima Loop: Expansion,253,MP,132,2.38e390,I06,IU1,1074,565,48,47
IU1,Ultima Loop: Expansion,254,MP,132,5.42e390,I06,IU1,1074,565,48,47
IU1,Ultima Loop: Expansion,255,MP,132,1.23e391,I06,IU1,1074,565,48,47
IU1,Ultima Loop: Expansion,256,MP,132,2.81e391,I06,IU1,1074,565,48,47
IU1,Ultima Loop: Expansion,257,MP,132,6.42e391,I06,IU1,1074,565,48,47
IU1,Ultima Loop: Expansion,258,MP,132,1.46e392,I06,IU1,1074,565,48,47
IU1,Ultima Loop: Expansion,259,MP,132,3.34e392,I06,IU1,1074,565,48,47
IU1,Ultima Loop: Expansion,260,MP,132,7.61e392,I06,IU1,1074,565,48,47
IU1,Ultima Loop: Expansion,261,MP,132,1.73e393,I06,IU1,1074,565,48,47
IU1,Ultima Loop: Expansion,262,MP,132,3.95e393,I06,IU1,1074,565,48,47
IU1,Ultima Loop: Expansion,263,MP,132,9.02e393,I06,IU1,1074,565,48,47
IU1,Ultima Loop: Expansion,264,MP,132,2.06e394,I06,IU1,1074,565,48,47
IU1,Ultima Loop: Expansion,265,MP,132,4.69e394,I06,IU1,1074,565,48,47
IU1,Ultima Loop: Expansion,266,MP,132,1.07e395,I06,IU1,1074,565,48,47
IU1,Ultima Loop: Expansion,267,MP,132,2.44e395,I06,IU1,1074,565,48,47
IU1,Ultima Loop: Expansion,268,MP,132,5.56e395,I06,IU1,1074,565,48,47
IU1,Ultima Loop: Expansion,269,MP,132,1.27e396,I06,IU1,1074,565,48,47
IU1,Ultima Loop: Expansion,270,MP,132,2.89e396,I06,IU1,1074,565,48,47
IU1,Ultima Loop: Expansion,271,MP,132,6.58e396,I06,IU1,1074,565,48,47
IU1,Ultima Loop: Expansion,272,MP,132,1.50e397,I06,IU1,1074,565,48,47
IU1,Ultima Loop: Expansion,273,MP,132,3.42e397,I06,IU1,1074,565,48,47
IU1,Ultima Loop: Expansion,274,MP,132,7.80e397,I06,IU1,1074,565,48,47
IU1,Ultima Loop: Expansion,275,MP,132,1.78e398,I06,IU1,1074,565,48,47
IU1,Ultima Loop: Expansion,276,MP,132,4.06e398,I06,IU1,1074,565,48,47
IU1,Ultima Loop: Expansion,277,MP,132,9.25e398,I06,IU1,1074,565,48,47
IU1,Ultima Loop: Expansion,278,MP,132,2.11e399,I06,IU1,1074,565,48,47
IU1,Ultima Loop: Expansion,279,MP,132,4.81e399,I06,IU1,1074,565,48,47
I32,Instant LP D,1,LP,133,8.00e355,I07,I32,1120,705,33,34
I32,Instant LP D,2,LP,133,8.00e370,I07,I32,1120,705,33,34
I32,Instant LP D,3,LP,133,8.00e385,I07,I32,1120,705,33,34
I07,Time Dilation mk8,1,Tickspeed Mult,134,1.00e300,I06,I07,1119,653,35,36
I07,Time Dilation mk8,2,Tickspeed Mult,134,1.00e325,I06,I07,1119,653,35,36
I07,Time Dilation mk8,3,Tickspeed Mult,134,1.00e350,I06,I07,1119,653,35,36
I07,Time Dilation mk8,4,Tickspeed Mult,134,1.00e375,I06,I07,1119,653,35,36
I07,Time Dilation mk8,5,Tickspeed Mult,134,1.00e400,I06,I07,1119,653,35,36
I06,Material Hauling,1,Materials,135,1.00e169,I05,I06,1081,653,35,33
I06,Material Hauling,2,Materials,135,3.00e172,I05,I06,1081,653,35,33
I06,Material Hauling,3,Materials,135,9.00e175,I05,I06,1081,653,35,33
I06,Material Hauling,4,Materials,135,2.70e179,I05,I06,1081,653,35,33
I06,Material Hauling,5,Materials,135,8.10e182,I05,I06,1081,653,35,33
I06,Material Hauling,6,Materials,135,2.43e186,I05,I06,1081,653,35,33
I06,Material Hauling,7,Materials,135,7.29e189,I05,I06,1081,653,35,33
I06,Material Hauling,8,Materials,135,2.19e193,I05,I06,1081,653,35,33
I06,Material Hauling,9,Materials,135,6.56e196,I05,I06,1081,653,35,33
I06,Material Hauling,10,Materials,135,1.97e200,I05,I06,1081,653,35,33
I06,Material Hauling,11,Materials,135,5.90e203,I05,I06,1081,653,35,33
I06,Material Hauling,12,Materials,135,1.77e207,I05,I06,1081,653,35,33
I06,Material Hauling,13,Materials,135,5.31e210,I05,I06,1081,653,35,33
I06,Material Hauling,14,Materials,135,1.59e214,I05,I06,1081,653,35,33
I06,Material Hauling,15,Materials,135,4.78e217,I05,I06,1081,653,35,33
I06,Material Hauling,16,Materials,135,1.43e221,I05,I06,1081,653,35,33
I06,Material Hauling,17,Materials,135,4.30e224,I05,I06,1081,653,35,33
I06,Material Hauling,18,Materials,135,1.29e228,I05,I06,1081,653,35,33
I06,Material Hauling,19,Materials,135,3.87e231,I05,I06,1081,653,35,33
I06,Material Hauling,20,Materials,135,1.16e235,I05,I06,1081,653,35,33
I06,Material Hauling,21,Materials,135,3.49e238,I05,I06,1081,653,35,33
I06,Material Hauling,22,Materials,135,1.05e242,I05,I06,1081,653,35,33
I06,Material Hauling,23,Materials,135,3.14e245,I05,I06,1081,653,35,33
I06,Material Hauling,24,Materials,135,9.41e248,I05,I06,1081,653,35,33
I06,Material Hauling,25,Materials,135,2.82e252,I05,I06,1081,653,35,33
I06,Material Hauling,26,Materials,135,8.47e255,I05,I06,1081,653,35,33
I06,Material Hauling,27,Materials,135,2.54e259,I05,I06,1081,653,35,33
I06,Material Hauling,28,Materials,135,7.63e262,I05,I06,1081,653,35,33
I06,Material Hauling,29,Materials,135,2.29e266,I05,I06,1081,653,35,33
I06,Material Hauling,30,Materials,135,6.86e269,I05,I06,1081,653,35,33
I06,Material Hauling,31,Materials,135,2.06e273,I05,I06,1081,653,35,33
I06,Material Hauling,32,Materials,135,6.18e276,I05,I06,1081,653,35,33
I06,Material Hauling,33,Materials,135,1.85e280,I05,I06,1081,653,35,33
I06,Material Hauling,34,Materials,135,5.56e283,I05,I06,1081,653,35,33
I06,Material Hauling,35,Materials,135,1.67e287,I05,I06,1081,653,35,33
I06,Material Hauling,36,Materials,135,5.00e290,I05,I06,1081,653,35,33
I06,Material Hauling,37,Materials,135,1.50e294,I05,I06,1081,653,35,33
I06,Material Hauling,38,Materials,135,4.50e297,I05,I06,1081,653,35,33
I06,Material Hauling,39,Materials,135,1.35e301,I05,I06,1081,653,35,33
I06,Material Hauling,40,Materials,135,4.05e304,I05,I06,1081,653,35,33
I06,Material Hauling,41,Materials,135,1.22e308,I05,I06,1081,653,35,33
I06,Material Hauling,42,Materials,135,3.65e311,I05,I06,1081,653,35,33
I06,Material Hauling,43,Materials,135,1.09e315,I05,I06,1081,653,35,33
I06,Material Hauling,44,Materials,135,3.28e318,I05,I06,1081,653,35,33
I06,Material Hauling,45,Materials,135,9.85e321,I05,I06,1081,653,35,33
I06,Material Hauling,46,Materials,135,2.95e325,I05,I06,1081,653,35,33
I06,Material Hauling,47,Materials,135,8.86e328,I05,I06,1081,653,35,33
I06,Material Hauling,48,Materials,135,2.66e332,I05,I06,1081,653,35,33
I06,Material Hauling,49,Materials,135,7.98e335,I05,I06,1081,653,35,33
I06,Material Hauling,50,Materials,135,2.39e339,I05,I06,1081,653,35,33
I06,Material Hauling,51,Materials,135,7.18e342,I05,I06,1081,653,35,33
I06,Material Hauling,52,Materials,135,2.15e346,I05,I06,1081,653,35,33
I06,Material Hauling,53,Materials,135,6.46e349,I05,I06,1081,653,35,33
I06,Material Hauling,54,Materials,135,1.94e353,I05,I06,1081,653,35,33
I06,Material Hauling,55,Materials,135,5.81e356,I05,I06,1081,653,35,33
I06,Material Hauling,56,Materials,135,1.74e360,I05,I06,1081,653,35,33
I06,Material Hauling,57,Materials,135,5.23e363,I05,I06,1081,653,35,33
I06,Material Hauling,58,Materials,135,1.57e367,I05,I06,1081,653,35,33
I06,Material Hauling,59,Materials,135,4.71e370,I05,I06,1081,653,35,33
I06,Material Hauling,60,Materials,135,1.41e374,I05,I06,1081,653,35,33
I06,Material Hauling,61,Materials,135,4.24e377,I05,I06,1081,653,35,33
I06,Material Hauling,62,Materials,135,1.27e381,I05,I06,1081,653,35,33
I06,Material Hauling,63,Materials,135,3.82e384,I05,I06,1081,653,35,33
I06,Material Hauling,64,Materials,135,1.14e388,I05,I06,1081,653,35,33
I06,Material Hauling,65,Materials,135,3.43e391,I05,I06,1081,653,35,33
I06,Material Hauling,66,Materials,135,1.03e395,I05,I06,1081,653,35,33
I06,Material Hauling,67,Materials,135,3.09e398,I05,I06,1081,653,35,33
I28,Tonton Exch Enhancement,1,MP,136,4.00e180,I06,I28,1081,705,33,34
I28,Tonton Exch Enhancement,2,MP,136,4.00e188,I06,I28,1081,705,33,34
I28,Tonton Exch Enhancement,3,MP,136,4.00e196,I06,I28,1081,705,33,34
I28,Tonton Exch Enhancement,4,MP,136,4.00e204,I06,I28,1081,705,33,34
I28,Tonton Exch Enhancement,5,MP,136,4.00e212,I06,I28,1081,705,33,34
I28,Tonton Exch Enhancement,6,MP,136,4.00e220,I06,I28,1081,705,33,34
I28,Tonton Exch Enhancement,7,MP,136,4.00e228,I06,I28,1081,705,33,34
I28,Tonton Exch Enhancement,8,MP,136,4.00e236,I06,I28,1081,705,33,34
I28,Tonton Exch Enhancement,9,MP,136,4.00e244,I06,I28,1081,705,33,34
I28,Tonton Exch Enhancement,10,MP,136,4.00e252,I06,I28,1081,705,33,34
I28,Tonton Exch Enhancement,11,MP,136,4.00e260,I06,I28,1081,705,33,34
I28,Tonton Exch Enhancement,12,MP,136,4.00e268,I06,I28,1081,705,33,34
I28,Tonton Exch Enhancement,13,MP,136,4.00e276,I06,I28,1081,705,33,34
I28,Tonton Exch Enhancement,14,MP,136,4.00e284,I06,I28,1081,705,33,34
I28,Tonton Exch Enhancement,15,MP,136,4.00e292,I06,I28,1081,705,33,34
I28,Tonton Exch Enhancement,16,MP,136,4.00e300,I06,I28,1081,705,33,34
I28,Tonton Exch Enhancement,17,MP,136,4.00e308,I06,I28,1081,705,33,34
I28,Tonton Exch Enhancement,18,MP,136,4.00e316,I06,I28,1081,705,33,34
I28,Tonton Exch Enhancement,19,MP,136,4.00e324,I06,I28,1081,705,33,34
I28,Tonton Exch Enhancement,20,MP,136,4.00e332,I06,I28,1081,705,33,34
I28,Tonton Exch Enhancement,21,MP,136,4.00e340,I06,I28,1081,705,33,34
I28,Tonton Exch Enhancement,22,MP,136,4.00e348,I06,I28,1081,705,33,34
I28,Tonton Exch Enhancement,23,MP,136,4.00e356,I06,I28,1081,705,33,34
I28,Tonton Exch Enhancement,24,MP,136,4.00e364,I06,I28,1081,705,33,34
I28,Tonton Exch Enhancement,25,MP,136,4.00e372,I06,I28,1081,705,33,34
I28,Tonton Exch Enhancement,26,MP,136,4.00e380,I06,I28,1081,705,33,34
I28,Tonton Exch Enhancement,27,MP,136,4.00e388,I06,I28,1081,705,33,34
I28,Tonton Exch Enhancement,28,MP,136,4.00e396,I06,I28,1081,705,33,34
I29,Auron Exch Enhancement,1,MP,137,4.00e220,I28,I29,1082,743,36,33
I29,Auron Exch Enhancement,2,MP,137,4.00e231,I28,I29,1082,743,36,33
I29,Auron Exch Enhancement,3,MP,137,4.00e242,I28,I29,1082,743,36,33
I29,Auron Exch Enhancement,4,MP,137,4.00e253,I28,I29,1082,743,36,33
I29,Auron Exch Enhancement,5,MP,137,4.00e264,I28,I29,1082,743,36,33
I29,Auron Exch Enhancement,6,MP,137,4.00e275,I28,I29,1082,743,36,33
I29,Auron Exch Enhancement,7,MP,137,4.00e286,I28,I29,1082,743,36,33
I29,Auron Exch Enhancement,8,MP,137,4.00e297,I28,I29,1082,743,36,33
I29,Auron Exch Enhancement,9,MP,137,4.00e308,I28,I29,1082,743,36,33
I29,Auron Exch Enhancement,10,MP,137,4.00e319,I28,I29,1082,743,36,33
I29,Auron Exch Enhancement,11,MP,137,4.00e330,I28,I29,1082,743,36,33
I29,Auron Exch Enhancement,12,MP,137,4.00e341,I28,I29,1082,743,36,33
I29,Auron Exch Enhancement,13,MP,137,4.00e352,I28,I29,1082,743,36,33
I29,Auron Exch Enhancement,14,MP,137,4.00e363,I28,I29,1082,743,36,33
I29,Auron Exch Enhancement,15,MP,137,4.00e374,I28,I29,1082,743,36,33
I29,Auron Exch Enhancement,16,MP,137,4.00e385,I28,I29,1082,743,36,33
I29,Auron Exch Enhancement,17,MP,137,4.00e396,I28,I29,1082,743,36,33
I30,Exodus Exch Enhancement,1,Shards,138,4.00e280,I29,I30,1082,784,35,33
I30,Exodus Exch Enhancement,2,Shards,138,4.00e293,I29,I30,1082,784,35,33
I30,Exodus Exch Enhancement,3,Shards,138,4.00e306,I29,I30,1082,784,35,33
I30,Exodus Exch Enhancement,4,Shards,138,4.00e319,I29,I30,1082,784,35,33
I30,Exodus Exch Enhancement,5,Shards,138,4.00e332,I29,I30,1082,784,35,33
I30,Exodus Exch Enhancement,6,Shards,138,4.00e345,I29,I30,1082,784,35,33
I30,Exodus Exch Enhancement,7,Shards,138,4.00e358,I29,I30,1082,784,35,33
I30,Exodus Exch Enhancement,8,Shards,138,4.00e371,I29,I30,1082,784,35,33
I30,Exodus Exch Enhancement,9,Shards,138,4.00e384,I29,I30,1082,784,35,33
I30,Exodus Exch Enhancement,10,Shards,138,4.00e397,I29,I30,1082,784,35,33
I31,All Exchs Enhancement,1,MP,139,4.00e320,I30,I31,1082,824,35,33
I31,All Exchs Enhancement,2,MP,139,4.00e338,I30,I31,1082,824,35,33
I31,All Exchs Enhancement,3,MP,139,4.00e356,I30,I31,1082,824,35,33
I31,All Exchs Enhancement,4,MP,139,4.00e374,I30,I31,1082,824,35,33
I31,All Exchs Enhancement,5,MP,139,4.00e392,I30,I31,1082,824,35,33
I05,Time Dilation mk7,1,Tickspeed Mult,140,1.00e165,I04,I05,1042,653,35,34
I05,Time Dilation mk7,2,Tickspeed Mult,140,1.00e190,I04,I05,1042,653,35,34
I05,Time Dilation mk7,3,Tickspeed Mult,140,1.00e215,I04,I05,1042,653,35,34
I05,Time Dilation mk7,4,Tickspeed Mult,140,1.00e240,I04,I05,1042,653,35,34
I05,Time Dilation mk7,5,Tickspeed Mult,140,1.00e265,I04,I05,1042,653,35,34
I26,Instant Innov Cores Trans,1,Cells,141,1.00e175,I05,I26,1042,705,33,34
I26,Instant Innov Cores Trans,2,Cells,141,1.00e220,I05,I26,1042,705,33,34
I26,Instant Innov Cores Trans,3,Cells,141,1.00e265,I05,I26,1042,705,33,34
I26,Instant Innov Cores Trans,4,Cells,141,1.00e310,I05,I26,1042,705,33,34
I26,Instant Innov Cores Trans,5,Cells,141,1.00e355,I05,I26,1042,705,33,34
I26,Instant Innov Cores Trans,6,Cells,141,1.00e400,I05,I26,1042,705,33,34
I27,Tokenium-553 Daily Cap,1,Unknown,142,5.00e210,I26,I27,1042,743,36,34
I27,Tokenium-553 Daily Cap,2,Unknown,142,5.00e220,I26,I27,1042,743,36,34
I27,Tokenium-553 Daily Cap,3,Unknown,142,5.00e230,I26,I27,1042,743,36,34
I27,Tokenium-553 Daily Cap,4,Unknown,142,5.00e240,I26,I27,1042,743,36,34
I27,Tokenium-553 Daily Cap,5,Unknown,142,5.00e250,I26,I27,1042,743,36,34
I27,Tokenium-553 Daily Cap,6,Unknown,142,5.00e260,I26,I27,1042,743,36,34
I27,Tokenium-553 Daily Cap,7,Unknown,142,5.00e270,I26,I27,1042,743,36,34
I27,Tokenium-553 Daily Cap,8,Unknown,142,5.00e280,I26,I27,1042,743,36,34
I27,Tokenium-553 Daily Cap,9,Unknown,142,5.00e290,I26,I27,1042,743,36,34
I27,Tokenium-553 Daily Cap,10,Unknown,142,5.00e300,I26,I27,1042,743,36,34
I27,Tokenium-553 Daily Cap,11,Unknown,142,5.00e360,I26,I27,1042,743,36,34
I27,Tokenium-553 Daily Cap,12,Unknown,142,5.00e375,I26,I27,1042,743,36,34
I27,Tokenium-553 Daily Cap,13,Unknown,142,5.00e390,I26,I27,1042,743,36,34
I02,Combat Modifications,1,AP,143,7.00e92,I01,I02,924,653,35,34
I02,Combat Modifications,2,AP,143,7.00e96,I01,I02,924,653,35,34
I02,Combat Modifications,3,AP,143,7.00e100,I01,I02,924,653,35,34
I02,Combat Modifications,4,AP,143,7.00e104,I01,I02,924,653,35,34
I02,Combat Modifications,5,AP,143,7.00e108,I01,I02,924,653,35,34
I02,Combat Modifications,6,AP,143,7.00e112,I01,I02,924,653,35,34
I02,Combat Modifications,7,AP,143,7.00e116,I01,I02,924,653,35,34
I02,Combat Modifications,8,AP,143,7.00e120,I01,I02,924,653,35,34
I02,Combat Modifications,9,AP,143,7.00e124,I01,I02,924,653,35,34
I02,Combat Modifications,10,AP,143,7.00e128,I01,I02,924,653,35,34
I02,Combat Modifications,11,AP,143,7.00e132,I01,I02,924,653,35,34
I02,Combat Modifications,12,AP,143,7.00e136,I01,I02,924,653,35,34
I02,Combat Modifications,13,AP,143,7.00e140,I01,I02,924,653,35,34
I02,Combat Modifications,14,AP,143,7.00e144,I01,I02,924,653,35,34
I02,Combat Modifications,15,AP,143,7.00e148,I01,I02,924,653,35,34
I02,Combat Modifications,16,AP,143,7.00e152,I01,I02,924,653,35,34
I02,Combat Modifications,17,AP,143,7.00e156,I01,I02,924,653,35,34
I02,Combat Modifications,18,AP,143,7.00e160,I01,I02,924,653,35,34
I02,Combat Modifications,19,AP,143,7.00e164,I01,I02,924,653,35,34
I02,Combat Modifications,20,AP,143,7.00e168,I01,I02,924,653,35,34
I02,Combat Modifications,21,AP,143,7.00e172,I01,I02,924,653,35,34
I02,Combat Modifications,22,AP,143,7.00e176,I01,I02,924,653,35,34
I02,Combat Modifications,23,AP,143,7.00e180,I01,I02,924,653,35,34
I02,Combat Modifications,24,AP,143,7.00e184,I01,I02,924,653,35,34
I02,Combat Modifications,25,AP,143,7.00e188,I01,I02,924,653,35,34
I02,Combat Modifications,26,AP,143,7.00e192,I01,I02,924,653,35,34
I02,Combat Modifications,27,AP,143,7.00e196,I01,I02,924,653,35,34
I02,Combat Modifications,28,AP,143,7.00e200,I01,I02,924,653,35,34
I02,Combat Modifications,29,AP,143,7.00e204,I01,I02,924,653,35,34
I02,Combat Modifications,30,AP,143,7.00e208,I01,I02,924,653,35,34
I02,Combat Modifications,31,AP,143,7.00e212,I01,I02,924,653,35,34
I02,Combat Modifications,32,AP,143,7.00e216,I01,I02,924,653,35,34
I02,Combat Modifications,33,AP,143,7.00e220,I01,I02,924,653,35,34
I02,Combat Modifications,34,AP,143,7.00e224,I01,I02,924,653,35,34
I02,Combat Modifications,35,AP,143,7.00e228,I01,I02,924,653,35,34
I02,Combat Modifications,36,AP,143,7.00e232,I01,I02,924,653,35,34
I02,Combat Modifications,37,AP,143,7.00e236,I01,I02,924,653,35,34
I02,Combat Modifications,38,AP,143,7.00e240,I01,I02,924,653,35,34
I02,Combat Modifications,39,AP,143,7.00e244,I01,I02,924,653,35,34
I02,Combat Modifications,40,AP,143,7.00e248,I01,I02,924,653,35,34
I02,Combat Modifications,41,AP,143,7.00e252,I01,I02,924,653,35,34
I02,Combat Modifications,42,AP,143,7.00e256,I01,I02,924,653,35,34
I02,Combat Modifications,43,AP,143,7.00e260,I01,I02,924,653,35,34
I02,Combat Modifications,44,AP,143,7.00e264,I01,I02,924,653,35,34
I02,Combat Modifications,45,AP,143,7.00e268,I01,I02,924,653,35,34
I02,Combat Modifications,46,AP,143,7.00e272,I01,I02,924,653,35,34
I02,Combat Modifications,47,AP,143,7.00e276,I01,I02,924,653,35,34
I02,Combat Modifications,48,AP,143,7.00e280,I01,I02,924,653,35,34
I02,Combat Modifications,49,AP,143,7.00e284,I01,I02,924,653,35,34
I02,Combat Modifications,50,AP,143,7.00e288,I01,I02,924,653,35,34
I02,Combat Modifications,51,AP,143,7.00e292,I01,I02,924,653,35,34
I02,Combat Modifications,52,AP,143,7.00e296,I01,I02,924,653,35,34
I02,Combat Modifications,53,AP,143,7.00e300,I01,I02,924,653,35,34
I02,Combat Modifications,54,AP,143,7.00e304,I01,I02,924,653,35,34
I02,Combat Modifications,55,AP,143,7.00e308,I01,I02,924,653,35,34
I02,Combat Modifications,56,AP,143,7.00e312,I01,I02,924,653,35,34
I02,Combat Modifications,57,AP,143,7.00e316,I01,I02,924,653,35,34
I02,Combat Modifications,58,AP,143,7.00e320,I01,I02,924,653,35,34
I02,Combat Modifications,59,AP,143,7.00e324,I01,I02,924,653,35,34
I02,Combat Modifications,60,AP,143,7.00e328,I01,I02,924,653,35,34
I02,Combat Modifications,61,AP,143,7.00e332,I01,I02,924,653,35,34
I02,Combat Modifications,62,AP,143,7.00e336,I01,I02,924,653,35,34
I02,Combat Modifications,63,AP,143,7.00e340,I01,I02,924,653,35,34
I02,Combat Modifications,64,AP,143,7.00e344,I01,I02,924,653,35,34
I02,Combat Modifications,65,AP,143,7.00e348,I01,I02,924,653,35,34
I02,Combat Modifications,66,AP,143,7.00e352,I01,I02,924,653,35,34
I02,Combat Modifications,67,AP,143,7.00e356,I01,I02,924,653,35,34
I02,Combat Modifications,68,AP,143,7.00e360,I01,I02,924,653,35,34
I02,Combat Modifications,69,AP,143,7.00e364,I01,I02,924,653,35,34
I02,Combat Modifications,70,AP,143,7.00e368,I01,I02,924,653,35,34
I02,Combat Modifications,71,AP,143,7.00e372,I01,I02,924,653,35,34
I02,Combat Modifications,72,AP,143,7.00e376,I01,I02,924,653,35,34
I02,Combat Modifications,73,AP,143,7.00e380,I01,I02,924,653,35,34
I02,Combat Modifications,74,AP,143,7.00e384,I01,I02,924,653,35,34
I02,Combat Modifications,75,AP,143,7.00e388,I01,I02,924,653,35,34
I02,Combat Modifications,76,AP,143,7.00e392,I01,I02,924,653,35,34
I02,Combat Modifications,77,AP,143,7.00e396,I01,I02,924,653,35,34
I13,Mining Pod Headstart,1,AP,144,3.00e96,I02,I13,926,705,33,33
I13,Mining Pod Headstart,2,AP,144,3.00e100,I02,I13,926,705,33,33
I13,Mining Pod Headstart,3,AP,144,3.00e104,I02,I13,926,705,33,33
I13,Mining Pod Headstart,4,AP,144,3.00e108,I02,I13,926,705,33,33
I13,Mining Pod Headstart,5,AP,144,3.00e112,I02,I13,926,705,33,33
I14,Fireteam Carrier HS,1,AP,145,3.00e99,I13,I14,926,743,35,33
I14,Fireteam Carrier HS,2,AP,145,3.00e104,I13,I14,926,743,35,33
I14,Fireteam Carrier HS,3,AP,145,3.00e109,I13,I14,926,743,35,33
I14,Fireteam Carrier HS,4,AP,145,3.00e114,I13,I14,926,743,35,33
I14,Fireteam Carrier HS,5,AP,145,3.00e119,I13,I14,926,743,35,33
I15,Titan Hauler HS,1,AP,146,3.00e170,I14,I15,926,783,35,33
I15,Titan Hauler HS,2,AP,146,3.00e176,I14,I15,926,783,35,33
I15,Titan Hauler HS,3,AP,146,3.00e182,I14,I15,926,783,35,33
I15,Titan Hauler HS,4,AP,146,3.00e188,I14,I15,926,783,35,33
I15,Titan Hauler HS,5,AP,146,3.00e194,I14,I15,926,783,35,33
I16,Combat Corvette HS,1,AP,147,3.00e260,I15,I16,926,823,35,33
I16,Combat Corvette HS,2,AP,147,3.00e280,I15,I16,926,823,35,33
I16,Combat Corvette HS,3,AP,147,3.00e300,I15,I16,926,823,35,33
I16,Combat Corvette HS,4,AP,147,3.00e320,I15,I16,926,823,35,33
I16,Combat Corvette HS,5,AP,147,3.00e340,I15,I16,926,823,35,33
I17,Modified Personnel: Pers,1,AP,148,3.00e350,I16,I17,926,863,36,33
I17,Modified Personnel: Pers,2,AP,148,3.00e375,I16,I17,926,863,36,33
I01,Time Dilation mk5,1,Tickspeed Mult,149,1.00e85,B09,I01,883,653,35,36
I01,Time Dilation mk5,2,Tickspeed Mult,149,1.00e89,B09,I01,883,653,35,36
I01,Time Dilation mk5,3,Tickspeed Mult,149,1.00e93,B09,I01,883,653,35,36
I01,Time Dilation mk5,4,Tickspeed Mult,149,1.00e97,B09,I01,883,653,35,36
I01,Time Dilation mk5,5,Tickspeed Mult,149,1.00e101,B09,I01,883,653,35,36
I08,Mining Pod,1,AP,150,5.00e85,I01,I08,882,705,33,39
I08,Mining Pod,2,AP,150,5.00e88,I01,I08,882,705,33,39
I08,Mining Pod,3,AP,150,5.00e91,I01,I08,882,705,33,39
I08,Mining Pod,4,AP,150,5.00e94,I01,I08,882,705,33,39
I08,Mining Pod,5,AP,150,5.00e97,I01,I08,882,705,33,39
I08,Mining Pod,6,AP,150,5.00e100,I01,I08,882,705,33,39
I08,Mining Pod,7,AP,150,5.00e103,I01,I08,882,705,33,39
I08,Mining Pod,8,AP,150,5.00e106,I01,I08,882,705,33,39
I08,Mining Pod,9,AP,150,5.00e109,I01,I08,882,705,33,39
I08,Mining Pod,10,AP,150,5.00e112,I01,I08,882,705,33,39
I09,Fireteam Carrier,1,AP,151,5.00e89,I08,I09,882,743,35,39
I09,Fireteam Carrier,2,AP,151,5.00e93,I08,I09,882,743,35,39
I09,Fireteam Carrier,3,AP,151,5.00e97,I08,I09,882,743,35,39
I09,Fireteam Carrier,4,AP,151,5.00e101,I08,I09,882,743,35,39
I09,Fireteam Carrier,5,AP,151,5.00e105,I08,I09,882,743,35,39
I09,Fireteam Carrier,6,AP,151,5.00e109,I08,I09,882,743,35,39
I09,Fireteam Carrier,7,AP,151,5.00e113,I08,I09,882,743,35,39
I09,Fireteam Carrier,8,AP,151,5.00e117,I08,I09,882,743,35,39
I09,Fireteam Carrier,9,AP,151,5.00e121,I08,I09,882,743,35,39
I09,Fireteam Carrier,10,AP,151,5.00e125,I08,I09,882,743,35,39
I09,Fireteam Carrier,11,AP,151,5.00e129,I08,I09,882,743,35,39
I09,Fireteam Carrier,12,AP,151,5.00e133,I08,I09,882,743,35,39
I09,Fireteam Carrier,13,AP,151,5.00e137,I08,I09,882,743,35,39
I09,Fireteam Carrier,14,AP,151,5.00e141,I08,I09,882,743,35,39
I09,Fireteam Carrier,15,AP,151,5.00e145,I08,I09,882,743,35,39
I09,Fireteam Carrier,16,AP,151,5.00e149,I08,I09,882,743,35,39
I09,Fireteam Carrier,17,AP,151,5.00e153,I08,I09,882,743,35,39
I09,Fireteam Carrier,18,AP,151,5.00e157,I08,I09,882,743,35,39
I09,Fireteam Carrier,19,AP,151,5.00e161,I08,I09,882,743,35,39
I09,Fireteam Carrier,20,AP,151,5.00e165,I08,I09,882,743,35,39
I10,Titan Hauler,1,AP,152,5.00e150,I09,I10,882,783,35,39
I10,Titan Hauler,2,AP,152,5.00e155,I09,I10,882,783,35,39
I10,Titan Hauler,3,AP,152,5.00e160,I09,I10,882,783,35,39
I10,Titan Hauler,4,AP,152,5.00e165,I09,I10,882,783,35,39
I10,Titan Hauler,5,AP,152,5.00e170,I09,I10,882,783,35,39
I10,Titan Hauler,6,AP,152,5.00e175,I09,I10,882,783,35,39
I10,Titan Hauler,7,AP,152,5.00e180,I09,I10,882,783,35,39
I10,Titan Hauler,8,AP,152,5.00e185,I09,I10,882,783,35,39
I10,Titan Hauler,9,AP,152,5.00e190,I09,I10,882,783,35,39
I10,Titan Hauler,10,AP,152,5.00e195,I09,I10,882,783,35,39
I10,Titan Hauler,11,AP,152,5.00e200,I09,I10,882,783,35,39
I10,Titan Hauler,12,AP,152,5.00e205,I09,I10,882,783,35,39
I10,Titan Hauler,13,AP,152,5.00e210,I09,I10,882,783,35,39
I10,Titan Hauler,14,AP,152,5.00e215,I09,I10,882,783,35,39
I10,Titan Hauler,15,AP,152,5.00e220,I09,I10,882,783,35,39
I10,Titan Hauler,16,AP,152,5.00e225,I09,I10,882,783,35,39
I10,Titan Hauler,17,AP,152,5.00e230,I09,I10,882,783,35,39
I10,Titan Hauler,18,AP,152,5.00e235,I09,I10,882,783,35,39
I10,Titan Hauler,19,AP,152,5.00e240,I09,I10,882,783,35,39
I10,Titan Hauler,20,AP,152,5.00e245,I09,I10,882,783,35,39
I10,Titan Hauler,21,AP,152,5.00e250,I09,I10,882,783,35,39
I10,Titan Hauler,22,AP,152,5.00e255,I09,I10,882,783,35,39
I10,Titan Hauler,23,AP,152,5.00e260,I09,I10,882,783,35,39
I10,Titan Hauler,24,AP,152,5.00e265,I09,I10,882,783,35,39
I10,Titan Hauler,25,AP,152,5.00e270,I09,I10,882,783,35,39
I10,Titan Hauler,26,AP,152,5.00e275,I09,I10,882,783,35,39
I10,Titan Hauler,27,AP,152,5.00e280,I09,I10,882,783,35,39
I10,Titan Hauler,28,AP,152,5.00e285,I09,I10,882,783,35,39
I10,Titan Hauler,29,AP,152,5.00e290,I09,I10,882,783,35,39
I10,Titan Hauler,30,AP,152,5.00e295,I09,I10,882,783,35,39
I11,Combat Corvette,1,AP,153,5.00e220,I10,I11,882,823,35,39
I11,Combat Corvette,2,AP,153,5.00e227,I10,I11,882,823,35,39
I11,Combat Corvette,3,AP,153,5.00e234,I10,I11,882,823,35,39
I11,Combat Corvette,4,AP,153,5.00e241,I10,I11,882,823,35,39
I11,Combat Corvette,5,AP,153,5.00e248,I10,I11,882,823,35,39
I11,Combat Corvette,6,AP,153,5.00e255,I10,I11,882,823,35,39
I11,Combat Corvette,7,AP,153,5.00e262,I10,I11,882,823,35,39
I11,Combat Corvette,8,AP,153,5.00e269,I10,I11,882,823,35,39
I11,Combat Corvette,9,AP,153,5.00e276,I10,I11,882,823,35,39
I11,Combat Corvette,10,AP,153,5.00e283,I10,I11,882,823,35,39
I11,Combat Corvette,11,AP,153,5.00e290,I10,I11,882,823,35,39
I11,Combat Corvette,12,AP,153,5.00e297,I10,I11,882,823,35,39
I11,Combat Corvette,13,AP,153,5.00e304,I10,I11,882,823,35,39
I11,Combat Corvette,14,AP,153,5.00e311,I10,I11,882,823,35,39
I11,Combat Corvette,15,AP,153,5.00e318,I10,I11,882,823,35,39
I11,Combat Corvette,16,AP,153,5.00e325,I10,I11,882,823,35,39
I11,Combat Corvette,17,AP,153,5.00e332,I10,I11,882,823,35,39
I11,Combat Corvette,18,AP,153,5.00e339,I10,I11,882,823,35,39
I11,Combat Corvette,19,AP,153,5.00e346,I10,I11,882,823,35,39
I11,Combat Corvette,20,AP,153,5.00e353,I10,I11,882,823,35,39
I11,Combat Corvette,21,AP,153,5.00e360,I10,I11,882,823,35,39
I11,Combat Corvette,22,AP,153,5.00e367,I10,I11,882,823,35,39
I11,Combat Corvette,23,AP,153,5.00e374,I10,I11,882,823,35,39
I11,Combat Corvette,24,AP,153,5.00e381,I10,I11,882,823,35,39
I11,Combat Corvette,25,AP,153,5.00e388,I10,I11,882,823,35,39
I11,Combat Corvette,26,AP,153,5.00e395,I10,I11,882,823,35,39
I12,Modified Personnel: Power,1,AP,154,5.00e300,I11,I12,882,863,36,39
I12,Modified Personnel: Power,2,AP,154,5.00e315,I11,I12,882,863,36,39
I12,Modified Personnel: Power,3,AP,154,5.00e330,I11,I12,882,863,36,39
I12,Modified Personnel: Power,4,AP,154,5.00e345,I11,I12,882,863,36,39
I12,Modified Personnel: Power,5,AP,154,5.00e360,I11,I12,882,863,36,39
I12,Modified Personnel: Power,6,AP,154,5.00e375,I11,I12,882,863,36,39
I12,Modified Personnel: Power,7,AP,154,5.00e390,I11,I12,882,863,36,39
B09,mk7 + mk8 Duo Output,1,Cells,155,7.80e87,B08,B09,797,651,39,35
B09,mk7 + mk8 Duo Output,2,Cells,155,4.68e92,B08,B09,797,651,39,35
B09,mk7 + mk8 Duo Output,3,Cells,155,3.82e97,B08,B09,797,651,39,35
B09,mk7 + mk8 Duo Output,4,Cells,155,3.99e102,B08,B09,797,651,39,35
B09,mk7 + mk8 Duo Output,5,Cells,155,5.12e107,B08,B09,797,651,39,35
B09,mk7 + mk8 Duo Output,6,Cells,155,7.80e112,B08,B09,797,651,39,35
B09,mk7 + mk8 Duo Output,7,Cells,155,1.38e118,B08,B09,797,651,39,35
B09,mk7 + mk8 Duo Output,8,Cells,155,2.79e123,B08,B09,797,651,39,35
B09,mk7 + mk8 Duo Output,9,Cells,155,6.36e128,B08,B09,797,651,39,35
B09,mk7 + mk8 Duo Output,10,Cells,155,1.61e134,B08,B09,797,651,39,35
B09,mk7 + mk8 Duo Output,11,Cells,155,4.50e139,B08,B09,797,651,39,35
B09,mk7 + mk8 Duo Output,12,Cells,155,1.37e145,B08,B09,797,651,39,35
B09,mk7 + mk8 Duo Output,13,Cells,155,4.54e150,B08,B09,797,651,39,35
B09,mk7 + mk8 Duo Output,14,Cells,155,1.62e156,B08,B09,797,651,39,35
B09,mk7 + mk8 Duo Output,15,Cells,155,6.23e161,B08,B09,797,651,39,35
B09,mk7 + mk8 Duo Output,16,Cells,155,2.56e167,B08,B09,797,651,39,35
B09,mk7 + mk8 Duo Output,17,Cells,155,1.12e173,B08,B09,797,651,39,35
B09,mk7 + mk8 Duo Output,18,Cells,155,5.17e178,B08,B09,797,651,39,35
B09,mk7 + mk8 Duo Output,19,Cells,155,2.53e184,B08,B09,797,651,39,35
B09,mk7 + mk8 Duo Output,20,Cells,155,1.31e190,B08,B09,797,651,39,35
B09,mk7 + mk8 Duo Output,21,Cells,155,7.09e195,B08,B09,797,651,39,35
B09,mk7 + mk8 Duo Output,22,Cells,155,4.04e201,B08,B09,797,651,39,35
B09,mk7 + mk8 Duo Output,23,Cells,155,2.41e207,B08,B09,797,651,39,35
B09,mk7 + mk8 Duo Output,24,Cells,155,1.50e213,B08,B09,797,651,39,35
B09,mk7 + mk8 Duo Output,25,Cells,155,9.76e218,B08,B09,797,651,39,35
B09,mk7 + mk8 Duo Output,26,Cells,155,6.61e224,B08,B09,797,651,39,35
B09,mk7 + mk8 Duo Output,27,Cells,155,4.65e230,B08,B09,797,651,39,35
B09,mk7 + mk8 Duo Output,28,Cells,155,3.40e236,B08,B09,797,651,39,35
B09,mk7 + mk8 Duo Output,29,Cells,155,2.57e242,B08,B09,797,651,39,35
B09,mk7 + mk8 Duo Output,30,Cells,155,2.02e248,B08,B09,797,651,39,35
B09,mk7 + mk8 Duo Output,31,Cells,155,1.64e254,B08,B09,797,651,39,35
B09,mk7 + mk8 Duo Output,32,Cells,155,1.37e260,B08,B09,797,651,39,35
B09,mk7 + mk8 Duo Output,33,Cells,155,1.19e266,B08,B09,797,651,39,35
B09,mk7 + mk8 Duo Output,34,Cells,155,1.06e272,B08,B09,797,651,39,35
B09,mk7 + mk8 Duo Output,35,Cells,155,9.73e277,B08,B09,797,651,39,35
B09,mk7 + mk8 Duo Output,36,Cells,155,9.21e283,B08,B09,797,651,39,35
B09,mk7 + mk8 Duo Output,37,Cells,155,8.96e289,B08,B09,797,651,39,35
B09,mk7 + mk8 Duo Output,38,Cells,155,8.96e295,B08,B09,797,651,39,35
B09,mk7 + mk8 Duo Output,39,Cells,155,9.20e301,B08,B09,797,651,39,35
B09,mk7 + mk8 Duo Output,40,Cells,155,9.70e307,B08,B09,797,651,39,35
B09,mk7 + mk8 Duo Output,41,Cells,155,1.05e314,B08,B09,797,651,39,35
B09,mk7 + mk8 Duo Output,42,Cells,155,1.16e320,B08,B09,797,651,39,35
B09,mk7 + mk8 Duo Output,43,Cells,155,1.32e326,B08,B09,797,651,39,35
B09,mk7 + mk8 Duo Output,44,Cells,155,1.53e332,B08,B09,797,651,39,35
B09,mk7 + mk8 Duo Output,45,Cells,155,1.82e338,B08,B09,797,651,39,35
B09,mk7 + mk8 Duo Output,46,Cells,155,2.22e344,B08,B09,797,651,39,35
B09,mk7 + mk8 Duo Output,47,Cells,155,2.76e350,B08,B09,797,651,39,35
B09,mk7 + mk8 Duo Output,48,Cells,155,3.50e356,B08,B09,797,651,39,35
B09,mk7 + mk8 Duo Output,49,Cells,155,4.54e362,B08,B09,797,651,39,35
B09,mk7 + mk8 Duo Output,50,Cells,155,6.02e368,B08,B09,797,651,39,35
B08,Time Dilation mk4,1,Tickspeed Mult,156,3.00e38,B07,B08,759,651,39,33
B08,Time Dilation mk4,2,Tickspeed Mult,156,1.92e42,B07,B08,759,651,39,33
B08,Time Dilation mk4,3,Tickspeed Mult,156,2.76e46,B07,B08,759,651,39,33
B08,Time Dilation mk4,4,Tickspeed Mult,156,6.29e50,B07,B08,759,651,39,33
B08,Time Dilation mk4,5,Tickspeed Mult,156,1.97e55,B07,B08,759,651,39,33
B07,mk5 + mk6 Duo Output,1,Cells,157,600qu,B06,B07,721,651,38,33
B07,mk5 + mk6 Duo Output,2,Cells,157,1.68sx,B06,B07,721,651,38,33
B07,mk5 + mk6 Duo Output,3,Cells,157,6.27sx,B06,B07,721,651,38,33
B07,mk5 + mk6 Duo Output,4,Cells,157,29.5sx,B06,B07,721,651,38,33
B07,mk5 + mk6 Duo Output,5,Cells,157,168sx,B06,B07,721,651,38,33
B07,mk5 + mk6 Duo Output,6,Cells,157,1.13sp,B06,B07,721,651,38,33
B07,mk5 + mk6 Duo Output,7,Cells,157,8.71sp,B06,B07,721,651,38,33
B07,mk5 + mk6 Duo Output,8,Cells,157,76.3sp,B06,B07,721,651,38,33
B07,mk5 + mk6 Duo Output,9,Cells,157,748sp,B06,B07,721,651,38,33
B07,mk5 + mk6 Duo Output,10,Cells,157,8.12o,B06,B07,721,651,38,33
B07,mk5 + mk6 Duo Output,11,Cells,157,96.7o,B06,B07,721,651,38,33
B07,mk5 + mk6 Duo Output,12,Cells,157,1.25n,B06,B07,721,651,38,33
B07,mk5 + mk6 Duo Output,13,Cells,157,17.6n,B06,B07,721,651,38,33
B07,mk5 + mk6 Duo Output,14,Cells,157,266n,B06,B07,721,651,38,33
B07,mk5 + mk6 Duo Output,15,Cells,157,4.29d,B06,B07,721,651,38,33
B07,mk5 + mk6 Duo Output,16,Cells,157,73.9d,B06,B07,721,651,38,33
B07,mk5 + mk6 Duo Output,17,Cells,157,1.35e36,B06,B07,721,651,38,33
B07,mk5 + mk6 Duo Output,18,Cells,157,2.62e37,B06,B07,721,651,38,33
B07,mk5 + mk6 Duo Output,19,Cells,157,5.35e38,B06,B07,721,651,38,33
B07,mk5 + mk6 Duo Output,20,Cells,157,1.15e40,B06,B07,721,651,38,33
B07,mk5 + mk6 Duo Output,21,Cells,157,2.60e41,B06,B07,721,651,38,33
B07,mk5 + mk6 Duo Output,22,Cells,157,6.15e42,B06,B07,721,651,38,33
B07,mk5 + mk6 Duo Output,23,Cells,157,1.52e44,B06,B07,721,651,38,33
B07,mk5 + mk6 Duo Output,24,Cells,157,3.93e45,B06,B07,721,651,38,33
B07,mk5 + mk6 Duo Output,25,Cells,157,1.06e47,B06,B07,721,651,38,33
B07,mk5 + mk6 Duo Output,26,Cells,157,2.96e48,B06,B07,721,651,38,33
B07,mk5 + mk6 Duo Output,27,Cells,157,8.59e49,B06,B07,721,651,38,33
B07,mk5 + mk6 Duo Output,28,Cells,157,2.59e51,B06,B07,721,651,38,33
B07,mk5 + mk6 Duo Output,29,Cells,157,8.08e52,B06,B07,721,651,38,33
B07,mk5 + mk6 Duo Output,30,Cells,157,2.61e54,B06,B07,721,651,38,33
B07,mk5 + mk6 Duo Output,31,Cells,157,8.71e55,B06,B07,721,651,38,33
B07,mk5 + mk6 Duo Output,32,Cells,157,3.00e57,B06,B07,721,651,38,33
B07,mk5 + mk6 Duo Output,33,Cells,157,1.07e59,B06,B07,721,651,38,33
B07,mk5 + mk6 Duo Output,34,Cells,157,3.91e60,B06,B07,721,651,38,33
B07,mk5 + mk6 Duo Output,35,Cells,157,1.47e62,B06,B07,721,651,38,33
B07,mk5 + mk6 Duo Output,36,Cells,157,5.71e63,B06,B07,721,651,38,33
B07,mk5 + mk6 Duo Output,37,Cells,157,2.28e65,B06,B07,721,651,38,33
B07,mk5 + mk6 Duo Output,38,Cells,157,9.33e66,B06,B07,721,651,38,33
B07,mk5 + mk6 Duo Output,39,Cells,157,3.92e68,B06,B07,721,651,38,33
B07,mk5 + mk6 Duo Output,40,Cells,157,1.69e70,B06,B07,721,651,38,33
B07,mk5 + mk6 Duo Output,41,Cells,157,7.48e71,B06,B07,721,651,38,33
B07,mk5 + mk6 Duo Output,42,Cells,157,3.39e73,B06,B07,721,651,38,33
B07,mk5 + mk6 Duo Output,43,Cells,157,1.57e75,B06,B07,721,651,38,33
B07,mk5 + mk6 Duo Output,44,Cells,157,7.45e76,B06,B07,721,651,38,33
B07,mk5 + mk6 Duo Output,45,Cells,157,3.62e78,B06,B07,721,651,38,33
B07,mk5 + mk6 Duo Output,46,Cells,157,1.79e80,B06,B07,721,651,38,33
B07,mk5 + mk6 Duo Output,47,Cells,157,9.10e81,B06,B07,721,651,38,33
B07,mk5 + mk6 Duo Output,48,Cells,157,4.71e83,B06,B07,721,651,38,33
B07,mk5 + mk6 Duo Output,49,Cells,157,2.49e85,B06,B07,721,651,38,33
B07,mk5 + mk6 Duo Output,50,Cells,157,1.34e87,B06,B07,721,651,38,33
B11,Print-Eff Accum A,1,Cells,158,1.00e50,B07,B11,720,705,33,34
B11,Print-Eff Accum A,2,Cells,158,1.00e75,B07,B11,720,705,33,34
B11,Print-Eff Accum A,3,Cells,158,1.00e100,B07,B11,720,705,33,34
B11,Print-Eff Accum A,4,Cells,158,1.00e125,B07,B11,720,705,33,34
B11,Print-Eff Accum A,5,Cells,158,1.00e150,B07,B11,720,705,33,34
B11,Print-Eff Accum A,6,Cells,158,1.00e175,B07,B11,720,705,33,34
B11,Print-Eff Accum A,7,Cells,158,1.00e200,B07,B11,720,705,33,34
B11,Print-Eff Accum A,8,Cells,158,1.00e225,B07,B11,720,705,33,34
B11,Print-Eff Accum A,9,Cells,158,1.00e250,B07,B11,720,705,33,34
B11,Print-Eff Accum A,10,Cells,158,1.00e275,B07,B11,720,705,33,34
B11,Print-Eff Accum A,11,Cells,158,1.00e300,B07,B11,720,705,33,34
B11,Print-Eff Accum A,12,Cells,158,1.00e325,B07,B11,720,705,33,34
B11,Print-Eff Accum A,13,Cells,158,1.00e350,B07,B11,720,705,33,34
B11,Print-Eff Accum A,14,Cells,158,1.00e375,B07,B11,720,705,33,34
B11,Print-Eff Accum A,15,Cells,158,1.00e400,B07,B11,720,705,33,34
B05,mk3 + mk4 Duo Output,1,Cells,159,70.0,B04,B05,646,651,38,33
B05,mk3 + mk4 Duo Output,2,Cells,159,184,B04,B05,646,651,38,33
B05,mk3 + mk4 Duo Output,3,Cells,159,608,B04,B05,646,651,38,33
B05,mk3 + mk4 Duo Output,4,Cells,159,2.44k,B04,B05,646,651,38,33
B05,mk3 + mk4 Duo Output,5,Cells,159,11.5k,B04,B05,646,651,38,33
B05,mk3 + mk4 Duo Output,6,Cells,159,63.0k,B04,B05,646,651,38,33
B05,mk3 + mk4 Duo Output,7,Cells,159,391k,B04,B05,646,651,38,33
B05,mk3 + mk4 Duo Output,8,Cells,159,2.73m,B04,B05,646,651,38,33
B05,mk3 + mk4 Duo Output,9,Cells,159,21.1m,B04,B05,646,651,38,33
B05,mk3 + mk4 Duo Output,10,Cells,159,179m,B04,B05,646,651,38,33
B05,mk3 + mk4 Duo Output,11,Cells,159,1.66b,B04,B05,646,651,38,33
B05,mk3 + mk4 Duo Output,12,Cells,159,16.7b,B04,B05,646,651,38,33
B05,mk3 + mk4 Duo Output,13,Cells,159,181b,B04,B05,646,651,38,33
B05,mk3 + mk4 Duo Output,14,Cells,159,2.10t,B04,B05,646,651,38,33
B05,mk3 + mk4 Duo Output,15,Cells,159,26.0t,B04,B05,646,651,38,33
B05,mk3 + mk4 Duo Output,16,Cells,159,344t,B04,B05,646,651,38,33
B05,mk3 + mk4 Duo Output,17,Cells,159,4.81qa,B04,B05,646,651,38,33
B05,mk3 + mk4 Duo Output,18,Cells,159,71.1qa,B04,B05,646,651,38,33
B05,mk3 + mk4 Duo Output,19,Cells,159,1.11qu,B04,B05,646,651,38,33
B05,mk3 + mk4 Duo Output,20,Cells,159,18.1qu,B04,B05,646,651,38,33
B05,mk3 + mk4 Duo Output,21,Cells,159,311qu,B04,B05,646,651,38,33
B05,mk3 + mk4 Duo Output,22,Cells,159,5.59sx,B04,B05,646,651,38,33
B05,mk3 + mk4 Duo Output,23,Cells,159,105sx,B04,B05,646,651,38,33
B05,mk3 + mk4 Duo Output,24,Cells,159,2.06sp,B04,B05,646,651,38,33
B05,mk3 + mk4 Duo Output,25,Cells,159,41.9sp,B04,B05,646,651,38,33
B05,mk3 + mk4 Duo Output,26,Cells,159,888sp,B04,B05,646,651,38,33
B05,mk3 + mk4 Duo Output,27,Cells,159,19.5o,B04,B05,646,651,38,33
B05,mk3 + mk4 Duo Output,28,Cells,159,445o,B04,B05,646,651,38,33
B05,mk3 + mk4 Duo Output,29,Cells,159,10.5n,B04,B05,646,651,38,33
B05,mk3 + mk4 Duo Output,30,Cells,159,256n,B04,B05,646,651,38,33
B05,mk3 + mk4 Duo Output,31,Cells,159,6.46d,B04,B05,646,651,38,33
B05,mk3 + mk4 Duo Output,32,Cells,159,168d,B04,B05,646,651,38,33
B05,mk3 + mk4 Duo Output,33,Cells,159,4.51e36,B04,B05,646,651,38,33
B05,mk3 + mk4 Duo Output,34,Cells,159,1.24e38,B04,B05,646,651,38,33
B05,mk3 + mk4 Duo Output,35,Cells,159,3.54e39,B04,B05,646,651,38,33
B05,mk3 + mk4 Duo Output,36,Cells,159,1.04e41,B04,B05,646,651,38,33
B05,mk3 + mk4 Duo Output,37,Cells,159,3.11e42,B04,B05,646,651,38,33
B05,mk3 + mk4 Duo Output,38,Cells,159,9.60e43,B04,B05,646,651,38,33
B05,mk3 + mk4 Duo Output,39,Cells,159,3.04e45,B04,B05,646,651,38,33
B05,mk3 + mk4 Duo Output,40,Cells,159,9.88e46,B04,B05,646,651,38,33
B05,mk3 + mk4 Duo Output,41,Cells,159,3.29e48,B04,B05,646,651,38,33
B05,mk3 + mk4 Duo Output,42,Cells,159,1.12e50,B04,B05,646,651,38,33
B05,mk3 + mk4 Duo Output,43,Cells,159,3.92e51,B04,B05,646,651,38,33
B05,mk3 + mk4 Duo Output,44,Cells,159,1.40e53,B04,B05,646,651,38,33
B05,mk3 + mk4 Duo Output,45,Cells,159,5.11e54,B04,B05,646,651,38,33
B05,mk3 + mk4 Duo Output,46,Cells,159,1.91e56,B04,B05,646,651,38,33
B05,mk3 + mk4 Duo Output,47,Cells,159,7.29e57,B04,B05,646,651,38,33
B05,mk3 + mk4 Duo Output,48,Cells,159,2.84e59,B04,B05,646,651,38,33
B05,mk3 + mk4 Duo Output,49,Cells,159,1.13e61,B04,B05,646,651,38,33
B05,mk3 + mk4 Duo Output,50,Cells,159,4.58e62,B04,B05,646,651,38,33
H06,mk1-4 Quad Output,1,Cells,160,150m,H04,H06,608,821,33,32
H06,mk1-4 Quad Output,2,Cells,160,14.3b,H04,H06,608,821,33,32
H06,mk1-4 Quad Output,3,Cells,160,1.33t,H04,H06,608,821,33,32
H06,mk1-4 Quad Output,4,Cells,160,132t,H04,H06,608,821,33,32
H06,mk1-4 Quad Output,5,Cells,160,14.2qa,H04,H06,608,821,33,32
H06,mk1-4 Quad Output,6,Cells,160,1.66qu,H04,H06,608,821,33,32
H06,mk1-4 Quad Output,7,Cells,160,212qu,H04,H06,608,821,33,32
H06,mk1-4 Quad Output,8,Cells,160,29.5sx,H04,H06,608,821,33,32
H06,mk1-4 Quad Output,9,Cells,160,4.43sp,H04,H06,608,821,33,32
H06,mk1-4 Quad Output,10,Cells,160,718sp,H04,H06,608,821,33,32
H06,mk1-4 Quad Output,11,Cells,160,125o,H04,H06,608,821,33,32
H06,mk1-4 Quad Output,12,Cells,160,23.3n,H04,H06,608,821,33,32
H06,mk1-4 Quad Output,13,Cells,160,4.61d,H04,H06,608,821,33,32
H06,mk1-4 Quad Output,14,Cells,160,972d,H04,H06,608,821,33,32
H06,mk1-4 Quad Output,15,Cells,160,2.17e38,H04,H06,608,821,33,32
H06,mk1-4 Quad Output,16,Cells,160,5.12e40,H04,H06,608,821,33,32
H06,mk1-4 Quad Output,17,Cells,160,1.27e43,H04,H06,608,821,33,32
H06,mk1-4 Quad Output,18,Cells,160,3.32e45,H04,H06,608,821,33,32
H06,mk1-4 Quad Output,19,Cells,160,9.09e47,H04,H06,608,821,33,32
H06,mk1-4 Quad Output,20,Cells,160,2.61e50,H04,H06,608,821,33,32
H06,mk1-4 Quad Output,21,Cells,160,7.81e52,H04,H06,608,821,33,32
H06,mk1-4 Quad Output,22,Cells,160,2.44e55,H04,H06,608,821,33,32
H06,mk1-4 Quad Output,23,Cells,160,7.95e57,H04,H06,608,821,33,32
H06,mk1-4 Quad Output,24,Cells,160,2.69e60,H04,H06,608,821,33,32
H06,mk1-4 Quad Output,25,Cells,160,9.47e62,H04,H06,608,821,33,32
H04,Level Enhance mk3,1,Cells,161,520k,H02,H04,609,784,32,31
H04,Level Enhance mk3,2,Cells,161,11.6m,H02,H04,609,784,32,31
H04,Level Enhance mk3,3,Cells,161,296m,H02,H04,609,784,32,31
H04,Level Enhance mk3,4,Cells,161,8.53b,H02,H04,609,784,32,31
H04,Level Enhance mk3,5,Cells,161,274b,H02,H04,609,784,32,31
H04,Level Enhance mk3,6,Cells,161,9.75t,H02,H04,609,784,32,31
H04,Level Enhance mk3,7,Cells,161,381t,H02,H04,609,784,32,31
H04,Level Enhance mk3,8,Cells,161,16.2qa,H02,H04,609,784,32,31
H04,Level Enhance mk3,9,Cells,161,748qa,H02,H04,609,784,32,31
H04,Level Enhance mk3,10,Cells,161,37.2qu,H02,H04,609,784,32,31
H04,Level Enhance mk3,11,Cells,161,1.99sx,H02,H04,609,784,32,31
H04,Level Enhance mk3,12,Cells,161,113sx,H02,H04,609,784,32,31
H04,Level Enhance mk3,13,Cells,161,6.89sp,H02,H04,609,784,32,31
H04,Level Enhance mk3,14,Cells,161,444sp,H02,H04,609,784,32,31
H04,Level Enhance mk3,15,Cells,161,30.3o,H02,H04,609,784,32,31
H02,Level Enhance mk1,1,Cells,162,200,H01,H02,608,745,34,32
H02,Level Enhance mk1,2,Cells,162,3.40k,H01,H02,608,745,34,32
H02,Level Enhance mk1,3,Cells,162,48.6k,H01,H02,608,745,34,32
H02,Level Enhance mk1,4,Cells,162,686k,H01,H02,608,745,34,32
H02,Level Enhance mk1,5,Cells,162,10.0m,H01,H02,608,745,34,32
H02,Level Enhance mk1,6,Cells,162,153m,H01,H02,608,745,34,32
H02,Level Enhance mk1,7,Cells,162,2.48b,H01,H02,608,745,34,32
H02,Level Enhance mk1,8,Cells,162,42.6b,H01,H02,608,745,34,32
H02,Level Enhance mk1,9,Cells,162,774b,H01,H02,608,745,34,32
H02,Level Enhance mk1,10,Cells,162,14.9t,H01,H02,608,745,34,32
H02,Level Enhance mk1,11,Cells,162,303t,H01,H02,608,745,34,32
H02,Level Enhance mk1,12,Cells,162,6.51qa,H01,H02,608,745,34,32
H02,Level Enhance mk1,13,Cells,162,147qa,H01,H02,608,745,34,32
H02,Level Enhance mk1,14,Cells,162,3.51qu,H01,H02,608,745,34,32
H02,Level Enhance mk1,15,Cells,162,87.6qu,H01,H02,608,745,34,32
H01,Cell Multiplication mk1,1,Cells,163,80.0,B05,H01,645,745,34,34
H01,Cell Multiplication mk1,2,Cells,163,85.0,B05,H01,645,745,34,34
H01,Cell Multiplication mk1,3,Cells,163,91.0,B05,H01,645,745,34,34
H01,Cell Multiplication mk1,4,Cells,163,97.0,B05,H01,645,745,34,34
H01,Cell Multiplication mk1,5,Cells,163,104,B05,H01,645,745,34,34
H01,Cell Multiplication mk1,6,Cells,163,112,B05,H01,645,745,34,34
H01,Cell Multiplication mk1,7,Cells,163,121,B05,H01,645,745,34,34
H01,Cell Multiplication mk1,8,Cells,163,132,B05,H01,645,745,34,34
H01,Cell Multiplication mk1,9,Cells,163,144,B05,H01,645,745,34,34
H01,Cell Multiplication mk1,10,Cells,163,157,B05,H01,645,745,34,34
H01,Cell Multiplication mk1,11,Cells,163,173,B05,H01,645,745,34,34
H01,Cell Multiplication mk1,12,Cells,163,190,B05,H01,645,745,34,34
H01,Cell Multiplication mk1,13,Cells,163,211,B05,H01,645,745,34,34
H01,Cell Multiplication mk1,14,Cells,163,234,B05,H01,645,745,34,34
H01,Cell Multiplication mk1,15,Cells,163,261,B05,H01,645,745,34,34
H01,Cell Multiplication mk1,16,Cells,163,293,B05,H01,645,745,34,34
H01,Cell Multiplication mk1,17,Cells,163,330,B05,H01,645,745,34,34
H01,Cell Multiplication mk1,18,Cells,163,373,B05,H01,645,745,34,34
H01,Cell Multiplication mk1,19,Cells,163,424,B05,H01,645,745,34,34
H01,Cell Multiplication mk1,20,Cells,163,484,B05,H01,645,745,34,34
H01,Cell Multiplication mk1,21,Cells,163,555,B05,H01,645,745,34,34
H01,Cell Multiplication mk1,22,Cells,163,640,B05,H01,645,745,34,34
H01,Cell Multiplication mk1,23,Cells,163,740,B05,H01,645,745,34,34
H01,Cell Multiplication mk1,24,Cells,163,861,B05,H01,645,745,34,34
H01,Cell Multiplication mk1,25,Cells,163,1.01k,B05,H01,645,745,34,34
H01,Cell Multiplication mk1,26,Cells,163,1.18k,B05,H01,645,745,34,34
H01,Cell Multiplication mk1,27,Cells,163,1.39k,B05,H01,645,745,34,34
H01,Cell Multiplication mk1,28,Cells,163,1.65k,B05,H01,645,745,34,34
H01,Cell Multiplication mk1,29,Cells,163,1.96k,B05,H01,645,745,34,34
H01,Cell Multiplication mk1,30,Cells,163,2.34k,B05,H01,645,745,34,34
H01,Cell Multiplication mk1,31,Cells,163,2.81k,B05,H01,645,745,34,34
H01,Cell Multiplication mk1,32,Cells,163,3.39k,B05,H01,645,745,34,34
H01,Cell Multiplication mk1,33,Cells,163,4.11k,B05,H01,645,745,34,34
H01,Cell Multiplication mk1,34,Cells,163,5.00k,B05,H01,645,745,34,34
H01,Cell Multiplication mk1,35,Cells,163,6.12k,B05,H01,645,745,34,34
H01,Cell Multiplication mk1,36,Cells,163,7.52k,B05,H01,645,745,34,34
H01,Cell Multiplication mk1,37,Cells,163,9.28k,B05,H01,645,745,34,34
H01,Cell Multiplication mk1,38,Cells,163,11.5k,B05,H01,645,745,34,34
H01,Cell Multiplication mk1,39,Cells,163,14.3k,B05,H01,645,745,34,34
H01,Cell Multiplication mk1,40,Cells,163,18.0k,B05,H01,645,745,34,34
H01,Cell Multiplication mk1,41,Cells,163,22.6k,B05,H01,645,745,34,34
H01,Cell Multiplication mk1,42,Cells,163,28.5k,B05,H01,645,745,34,34
H01,Cell Multiplication mk1,43,Cells,163,36.2k,B05,H01,645,745,34,34
H01,Cell Multiplication mk1,44,Cells,163,46.2k,B05,H01,645,745,34,34
H01,Cell Multiplication mk1,45,Cells,163,59.1k,B05,H01,645,745,34,34
H01,Cell Multiplication mk1,46,Cells,163,76.1k,B05,H01,645,745,34,34
H01,Cell Multiplication mk1,47,Cells,163,98.4k,B05,H01,645,745,34,34
H01,Cell Multiplication mk1,48,Cells,163,128k,B05,H01,645,745,34,34
H01,Cell Multiplication mk1,49,Cells,163,167k,B05,H01,645,745,34,34
H01,Cell Multiplication mk1,50,Cells,163,218k,B05,H01,645,745,34,34
H01,Cell Multiplication mk1,51,Cells,163,288k,B05,H01,645,745,34,34
H01,Cell Multiplication mk1,52,Cells,163,380k,B05,H01,645,745,34,34
H01,Cell Multiplication mk1,53,Cells,163,505k,B05,H01,645,745,34,34
H01,Cell Multiplication mk1,54,Cells,163,674k,B05,H01,645,745,34,34
H01,Cell Multiplication mk1,55,Cells,163,904k,B05,H01,645,745,34,34
H01,Cell Multiplication mk1,56,Cells,163,1.22m,B05,H01,645,745,34,34
H01,Cell Multiplication mk1,57,Cells,163,1.65m,B05,H01,645,745,34,34
H01,Cell Multiplication mk1,58,Cells,163,2.23m,B05,H01,645,745,34,34
H01,Cell Multiplication mk1,59,Cells,163,3.05m,B05,H01,645,745,34,34
H01,Cell Multiplication mk1,60,Cells,163,4.18m,B05,H01,645,745,34,34
H01,Cell Multiplication mk1,61,Cells,163,5.75m,B05,H01,645,745,34,34
H01,Cell Multiplication mk1,62,Cells,163,7.95m,B05,H01,645,745,34,34
H01,Cell Multiplication mk1,63,Cells,163,11.0m,B05,H01,645,745,34,34
H01,Cell Multiplication mk1,64,Cells,163,15.4m,B05,H01,645,745,34,34
H01,Cell Multiplication mk1,65,Cells,163,21.6m,B05,H01,645,745,34,34
H01,Cell Multiplication mk1,66,Cells,163,30.4m,B05,H01,645,745,34,34
H01,Cell Multiplication mk1,67,Cells,163,42.9m,B05,H01,645,745,34,34
H01,Cell Multiplication mk1,68,Cells,163,60.9m,B05,H01,645,745,34,34
H01,Cell Multiplication mk1,69,Cells,163,86.8m,B05,H01,645,745,34,34
H01,Cell Multiplication mk1,70,Cells,163,124m,B05,H01,645,745,34,34
H01,Cell Multiplication mk1,71,Cells,163,179m,B05,H01,645,745,34,34
H01,Cell Multiplication mk1,72,Cells,163,258m,B05,H01,645,745,34,34
H01,Cell Multiplication mk1,73,Cells,163,374m,B05,H01,645,745,34,34
H01,Cell Multiplication mk1,74,Cells,163,545m,B05,H01,645,745,34,34
H01,Cell Multiplication mk1,75,Cells,163,797m,B05,H01,645,745,34,34
H01,Cell Multiplication mk1,76,Cells,163,1.17b,B05,H01,645,745,34,34
H01,Cell Multiplication mk1,77,Cells,163,1.73b,B05,H01,645,745,34,34
H01,Cell Multiplication mk1,78,Cells,163,2.56b,B05,H01,645,745,34,34
H01,Cell Multiplication mk1,79,Cells,163,3.80b,B05,H01,645,745,34,34
H01,Cell Multiplication mk1,80,Cells,163,5.68b,B05,H01,645,745,34,34
H01,Cell Multiplication mk1,81,Cells,163,8.51b,B05,H01,645,745,34,34
H01,Cell Multiplication mk1,82,Cells,163,12.8b,B05,H01,645,745,34,34
H01,Cell Multiplication mk1,83,Cells,163,19.4b,B05,H01,645,745,34,34
H01,Cell Multiplication mk1,84,Cells,163,29.4b,B05,H01,645,745,34,34
H01,Cell Multiplication mk1,85,Cells,163,44.9b,B05,H01,645,745,34,34
H01,Cell Multiplication mk1,86,Cells,163,68.7b,B05,H01,645,745,34,34
H01,Cell Multiplication mk1,87,Cells,163,106b,B05,H01,645,745,34,34
H01,Cell Multiplication mk1,88,Cells,163,163b,B05,H01,645,745,34,34
H01,Cell Multiplication mk1,89,Cells,163,253b,B05,H01,645,745,34,34
H01,Cell Multiplication mk1,90,Cells,163,393b,B05,H01,645,745,34,34
H01,Cell Multiplication mk1,91,Cells,163,615b,B05,H01,645,745,34,34
H01,Cell Multiplication mk1,92,Cells,163,964b,B05,H01,645,745,34,34
H01,Cell Multiplication mk1,93,Cells,163,1.52t,B05,H01,645,745,34,34
H01,Cell Multiplication mk1,94,Cells,163,2.40t,B05,H01,645,745,34,34
H01,Cell Multiplication mk1,95,Cells,163,3.81t,B05,H01,645,745,34,34
H01,Cell Multiplication mk1,96,Cells,163,6.08t,B05,H01,645,745,34,34
H01,Cell Multiplication mk1,97,Cells,163,9.73t,B05,H01,645,745,34,34
H01,Cell Multiplication mk1,98,Cells,163,15.6t,B05,H01,645,745,34,34
H01,Cell Multiplication mk1,99,Cells,163,25.2t,B05,H01,645,745,34,34
H01,Cell Multiplication mk1,100,Cells,163,40.9t,B05,H01,645,745,34,34
H01,Cell Multiplication mk1,101,Cells,163,66.4t,B05,H01,645,745,34,34
H01,Cell Multiplication mk1,102,Cells,163,108t,B05,H01,645,745,34,34
H01,Cell Multiplication mk1,103,Cells,163,178t,B05,H01,645,745,34,34
H01,Cell Multiplication mk1,104,Cells,163,292t,B05,H01,645,745,34,34
H01,Cell Multiplication mk1,105,Cells,163,483t,B05,H01,645,745,34,34
H01,Cell Multiplication mk1,106,Cells,163,801t,B05,H01,645,745,34,34
H01,Cell Multiplication mk1,107,Cells,163,1.33qa,B05,H01,645,745,34,34
H01,Cell Multiplication mk1,108,Cells,163,2.23qa,B05,H01,645,745,34,34
H01,Cell Multiplication mk1,109,Cells,163,3.73qa,B05,H01,645,745,34,34
H01,Cell Multiplication mk1,110,Cells,163,6.29qa,B05,H01,645,745,34,34
H01,Cell Multiplication mk1,111,Cells,163,10.6qa,B05,H01,645,745,34,34
H01,Cell Multiplication mk1,112,Cells,163,18.0qa,B05,H01,645,745,34,34
H01,Cell Multiplication mk1,113,Cells,163,30.7qa,B05,H01,645,745,34,34
H01,Cell Multiplication mk1,114,Cells,163,52.5qa,B05,H01,645,745,34,34
H01,Cell Multiplication mk1,115,Cells,163,90.0qa,B05,H01,645,745,34,34
H01,Cell Multiplication mk1,116,Cells,163,155qa,B05,H01,645,745,34,34
H01,Cell Multiplication mk1,117,Cells,163,268qa,B05,H01,645,745,34,34
H01,Cell Multiplication mk1,118,Cells,163,465qa,B05,H01,645,745,34,34
H01,Cell Multiplication mk1,119,Cells,163,810qa,B05,H01,645,745,34,34
H01,Cell Multiplication mk1,120,Cells,163,1.42qu,B05,H01,645,745,34,34
H01,Cell Multiplication mk1,121,Cells,163,2.48qu,B05,H01,645,745,34,34
H01,Cell Multiplication mk1,122,Cells,163,4.38qu,B05,H01,645,745,34,34
H01,Cell Multiplication mk1,123,Cells,163,7.74qu,B05,H01,645,745,34,34
H01,Cell Multiplication mk1,124,Cells,163,13.7qu,B05,H01,645,745,34,34
H01,Cell Multiplication mk1,125,Cells,163,24.4qu,B05,H01,645,745,34,34
H01,Cell Multiplication mk1,126,Cells,163,43.7qu,B05,H01,645,745,34,34
H01,Cell Multiplication mk1,127,Cells,163,78.3qu,B05,H01,645,745,34,34
H01,Cell Multiplication mk1,128,Cells,163,141qu,B05,H01,645,745,34,34
H01,Cell Multiplication mk1,129,Cells,163,255qu,B05,H01,645,745,34,34
H01,Cell Multiplication mk1,130,Cells,163,462qu,B05,H01,645,745,34,34
H01,Cell Multiplication mk1,131,Cells,163,841qu,B05,H01,645,745,34,34
H01,Cell Multiplication mk1,132,Cells,163,1.54sx,B05,H01,645,745,34,34
H01,Cell Multiplication mk1,133,Cells,163,2.81sx,B05,H01,645,745,34,34
H01,Cell Multiplication mk1,134,Cells,163,5.18sx,B05,H01,645,745,34,34
H01,Cell Multiplication mk1,135,Cells,163,9.56sx,B05,H01,645,745,34,34
H01,Cell Multiplication mk1,136,Cells,163,17.7sx,B05,H01,645,745,34,34
H01,Cell Multiplication mk1,137,Cells,163,32.9sx,B05,H01,645,745,34,34
H01,Cell Multiplication mk1,138,Cells,163,61.4sx,B05,H01,645,745,34,34
H01,Cell Multiplication mk1,139,Cells,163,115sx,B05,H01,645,745,34,34
H01,Cell Multiplication mk1,140,Cells,163,216sx,B05,H01,645,745,34,34
H01,Cell Multiplication mk1,141,Cells,163,407sx,B05,H01,645,745,34,34
H01,Cell Multiplication mk1,142,Cells,163,771sx,B05,H01,645,745,34,34
H01,Cell Multiplication mk1,143,Cells,163,1.46sp,B05,H01,645,745,34,34
H01,Cell Multiplication mk1,144,Cells,163,2.79sp,B05,H01,645,745,34,34
H01,Cell Multiplication mk1,145,Cells,163,5.33sp,B05,H01,645,745,34,34
H01,Cell Multiplication mk1,146,Cells,163,10.2sp,B05,H01,645,745,34,34
H01,Cell Multiplication mk1,147,Cells,163,19.7sp,B05,H01,645,745,34,34
H01,Cell Multiplication mk1,148,Cells,163,38.0sp,B05,H01,645,745,34,34
H01,Cell Multiplication mk1,149,Cells,163,73.7sp,B05,H01,645,745,34,34
H01,Cell Multiplication mk1,150,Cells,163,143sp,B05,H01,645,745,34,34
H01,Cell Multiplication mk1,151,Cells,163,280sp,B05,H01,645,745,34,34
H01,Cell Multiplication mk1,152,Cells,163,548sp,B05,H01,645,745,34,34
H01,Cell Multiplication mk1,153,Cells,163,1.08o,B05,H01,645,745,34,34
H01,Cell Multiplication mk1,154,Cells,163,2.12o,B05,H01,645,745,34,34
H01,Cell Multiplication mk1,155,Cells,163,4.20o,B05,H01,645,745,34,34
H01,Cell Multiplication mk1,156,Cells,163,8.33o,B05,H01,645,745,34,34
H01,Cell Multiplication mk1,157,Cells,163,16.6o,B05,H01,645,745,34,34
H01,Cell Multiplication mk1,158,Cells,163,33.2o,B05,H01,645,745,34,34
H01,Cell Multiplication mk1,159,Cells,163,66.5o,B05,H01,645,745,34,34
H01,Cell Multiplication mk1,160,Cells,163,134o,B05,H01,645,745,34,34
H01,Cell Multiplication mk1,161,Cells,163,270o,B05,H01,645,745,34,34
H01,Cell Multiplication mk1,162,Cells,163,546o,B05,H01,645,745,34,34
H01,Cell Multiplication mk1,163,Cells,163,1.11n,B05,H01,645,745,34,34
H01,Cell Multiplication mk1,164,Cells,163,2.26n,B05,H01,645,745,34,34
H01,Cell Multiplication mk1,165,Cells,163,4.62n,B05,H01,645,745,34,34
H01,Cell Multiplication mk1,166,Cells,163,9.49n,B05,H01,645,745,34,34
H01,Cell Multiplication mk1,167,Cells,163,19.5n,B05,H01,645,745,34,34
H01,Cell Multiplication mk1,168,Cells,163,40.3n,B05,H01,645,745,34,34
H01,Cell Multiplication mk1,169,Cells,163,83.5n,B05,H01,645,745,34,34
H01,Cell Multiplication mk1,170,Cells,163,174n,B05,H01,645,745,34,34
H01,Cell Multiplication mk1,171,Cells,163,362n,B05,H01,645,745,34,34
H01,Cell Multiplication mk1,172,Cells,163,757n,B05,H01,645,745,34,34
H01,Cell Multiplication mk1,173,Cells,163,1.59d,B05,H01,645,745,34,34
H01,Cell Multiplication mk1,174,Cells,163,3.34d,B05,H01,645,745,34,34
H01,Cell Multiplication mk1,175,Cells,163,7.06d,B05,H01,645,745,34,34
H01,Cell Multiplication mk1,176,Cells,163,15.0d,B05,H01,645,745,34,34
H01,Cell Multiplication mk1,177,Cells,163,31.8d,B05,H01,645,745,34,34
H01,Cell Multiplication mk1,178,Cells,163,67.8d,B05,H01,645,745,34,34
H01,Cell Multiplication mk1,179,Cells,163,145d,B05,H01,645,745,34,34
H01,Cell Multiplication mk1,180,Cells,163,311d,B05,H01,645,745,34,34
H01,Cell Multiplication mk1,181,Cells,163,670d,B05,H01,645,745,34,34
H01,Cell Multiplication mk1,182,Cells,163,1.45e36,B05,H01,645,745,34,34
H01,Cell Multiplication mk1,183,Cells,163,3.13e36,B05,H01,645,745,34,34
H01,Cell Multiplication mk1,184,Cells,163,6.80e36,B05,H01,645,745,34,34
H01,Cell Multiplication mk1,185,Cells,163,1.48e37,B05,H01,645,745,34,34
H01,Cell Multiplication mk1,186,Cells,163,3.24e37,B05,H01,645,745,34,34
H01,Cell Multiplication mk1,187,Cells,163,7.11e37,B05,H01,645,745,34,34
H01,Cell Multiplication mk1,188,Cells,163,1.56e38,B05,H01,645,745,34,34
H01,Cell Multiplication mk1,189,Cells,163,3.45e38,B05,H01,645,745,34,34
H01,Cell Multiplication mk1,190,Cells,163,7.63e38,B05,H01,645,745,34,34
H01,Cell Multiplication mk1,191,Cells,163,1.69e39,B05,H01,645,745,34,34
H01,Cell Multiplication mk1,192,Cells,163,3.77e39,B05,H01,645,745,34,34
H01,Cell Multiplication mk1,193,Cells,163,8.43e39,B05,H01,645,745,34,34
H01,Cell Multiplication mk1,194,Cells,163,1.89e40,B05,H01,645,745,34,34
H01,Cell Multiplication mk1,195,Cells,163,4.24e40,B05,H01,645,745,34,34
H01,Cell Multiplication mk1,196,Cells,163,9.56e40,B05,H01,645,745,34,34
H01,Cell Multiplication mk1,197,Cells,163,2.16e41,B05,H01,645,745,34,34
H01,Cell Multiplication mk1,198,Cells,163,4.90e41,B05,H01,645,745,34,34
H01,Cell Multiplication mk1,199,Cells,163,1.11e42,B05,H01,645,745,34,34
H01,Cell Multiplication mk1,200,Cells,163,2.54e42,B05,H01,645,745,34,34
H01,Cell Multiplication mk1,201,Cells,163,5.82e42,B05,H01,645,745,34,34
H01,Cell Multiplication mk1,202,Cells,163,1.34e43,B05,H01,645,745,34,34
H01,Cell Multiplication mk1,203,Cells,163,3.07e43,B05,H01,645,745,34,34
H01,Cell Multiplication mk1,204,Cells,163,7.09e43,B05,H01,645,745,34,34
H01,Cell Multiplication mk1,205,Cells,163,1.64e44,B05,H01,645,745,34,34
H01,Cell Multiplication mk1,206,Cells,163,3.81e44,B05,H01,645,745,34,34
H01,Cell Multiplication mk1,207,Cells,163,8.88e44,B05,H01,645,745,34,34
H01,Cell Multiplication mk1,208,Cells,163,2.07e45,B05,H01,645,745,34,34
H01,Cell Multiplication mk1,209,Cells,163,4.86e45,B05,H01,645,745,34,34
H01,Cell Multiplication mk1,210,Cells,163,1.14e46,B05,H01,645,745,34,34
H01,Cell Multiplication mk1,211,Cells,163,2.69e46,B05,H01,645,745,34,34
H01,Cell Multiplication mk1,212,Cells,163,6.36e46,B05,H01,645,745,34,34
H01,Cell Multiplication mk1,213,Cells,163,1.51e47,B05,H01,645,745,34,34
H01,Cell Multiplication mk1,214,Cells,163,3.58e47,B05,H01,645,745,34,34
H01,Cell Multiplication mk1,215,Cells,163,8.54e47,B05,H01,645,745,34,34
H01,Cell Multiplication mk1,216,Cells,163,2.04e48,B05,H01,645,745,34,34
H01,Cell Multiplication mk1,217,Cells,163,4.89e48,B05,H01,645,745,34,34
H01,Cell Multiplication mk1,218,Cells,163,1.18e49,B05,H01,645,745,34,34
H01,Cell Multiplication mk1,219,Cells,163,2.84e49,B05,H01,645,745,34,34
H01,Cell Multiplication mk1,220,Cells,163,6.86e49,B05,H01,645,745,34,34
H01,Cell Multiplication mk1,221,Cells,163,1.66e50,B05,H01,645,745,34,34
H01,Cell Multiplication mk1,222,Cells,163,4.04e50,B05,H01,645,745,34,34
H01,Cell Multiplication mk1,223,Cells,163,9.86e50,B05,H01,645,745,34,34
H01,Cell Multiplication mk1,224,Cells,163,2.41e51,B05,H01,645,745,34,34
H01,Cell Multiplication mk1,225,Cells,163,5.92e51,B05,H01,645,745,34,34
H01,Cell Multiplication mk1,226,Cells,163,1.45e52,B05,H01,645,745,34,34
H01,Cell Multiplication mk1,227,Cells,163,3.59e52,B05,H01,645,745,34,34
H01,Cell Multiplication mk1,228,Cells,163,8.87e52,B05,H01,645,745,34,34
H01,Cell Multiplication mk1,229,Cells,163,2.20e53,B05,H01,645,745,34,34
H01,Cell Multiplication mk1,230,Cells,163,5.47e53,B05,H01,645,745,34,34
H01,Cell Multiplication mk1,231,Cells,163,1.36e54,B05,H01,645,745,34,34
H01,Cell Multiplication mk1,232,Cells,163,3.41e54,B05,H01,645,745,34,34
H01,Cell Multiplication mk1,233,Cells,163,8.56e54,B05,H01,645,745,34,34
H01,Cell Multiplication mk1,234,Cells,163,2.15e55,B05,H01,645,745,34,34
H01,Cell Multiplication mk1,235,Cells,163,5.43e55,B05,H01,645,745,34,34
H01,Cell Multiplication mk1,236,Cells,163,1.37e56,B05,H01,645,745,34,34
H01,Cell Multiplication mk1,237,Cells,163,3.48e56,B05,H01,645,745,34,34
H01,Cell Multiplication mk1,238,Cells,163,8.84e56,B05,H01,645,745,34,34
H01,Cell Multiplication mk1,239,Cells,163,2.25e57,B05,H01,645,745,34,34
H01,Cell Multiplication mk1,240,Cells,163,5.76e57,B05,H01,645,745,34,34
H01,Cell Multiplication mk1,241,Cells,163,1.48e58,B05,H01,645,745,34,34
H01,Cell Multiplication mk1,242,Cells,163,3.80e58,B05,H01,645,745,34,34
H01,Cell Multiplication mk1,243,Cells,163,9.78e58,B05,H01,645,745,34,34
H01,Cell Multiplication mk1,244,Cells,163,2.53e59,B05,H01,645,745,34,34
H01,Cell Multiplication mk1,245,Cells,163,6.55e59,B05,H01,645,745,34,34
H01,Cell Multiplication mk1,246,Cells,163,1.70e60,B05,H01,645,745,34,34
H01,Cell Multiplication mk1,247,Cells,163,4.43e60,B05,H01,645,745,34,34
H01,Cell Multiplication mk1,248,Cells,163,1.16e61,B05,H01,645,745,34,34
H01,Cell Multiplication mk1,249,Cells,163,3.03e61,B05,H01,645,745,34,34
H01,Cell Multiplication mk1,250,Cells,163,7.96e61,B05,H01,645,745,34,34
H01,Cell Multiplication mk1,251,Cells,163,2.09e62,B05,H01,645,745,34,34
H01,Cell Multiplication mk1,252,Cells,163,5.53e62,B05,H01,645,745,34,34
H01,Cell Multiplication mk1,253,Cells,163,1.46e63,B05,H01,645,745,34,34
H01,Cell Multiplication mk1,254,Cells,163,3.88e63,B05,H01,645,745,34,34
H01,Cell Multiplication mk1,255,Cells,163,1.03e64,B05,H01,645,745,34,34
H01,Cell Multiplication mk1,256,Cells,163,2.76e64,B05,H01,645,745,34,34
H01,Cell Multiplication mk1,257,Cells,163,7.37e64,B05,H01,645,745,34,34
H01,Cell Multiplication mk1,258,Cells,163,1.98e65,B05,H01,645,745,34,34
H01,Cell Multiplication mk1,259,Cells,163,5.31e65,B05,H01,645,745,34,34
H01,Cell Multiplication mk1,260,Cells,163,1.43e66,B05,H01,645,745,34,34
H01,Cell Multiplication mk1,261,Cells,163,3.87e66,B05,H01,645,745,34,34
H01,Cell Multiplication mk1,262,Cells,163,1.05e67,B05,H01,645,745,34,34
H01,Cell Multiplication mk1,263,Cells,163,2.85e67,B05,H01,645,745,34,34
H01,Cell Multiplication mk1,264,Cells,163,7.75e67,B05,H01,645,745,34,34
H01,Cell Multiplication mk1,265,Cells,163,2.12e68,B05,H01,645,745,34,34
H01,Cell Multiplication mk1,266,Cells,163,5.79e68,B05,H01,645,745,34,34
H01,Cell Multiplication mk1,267,Cells,163,1.59e69,B05,H01,645,745,34,34
H01,Cell Multiplication mk1,268,Cells,163,4.38e69,B05,H01,645,745,34,34
H01,Cell Multiplication mk1,269,Cells,163,1.21e70,B05,H01,645,745,34,34
H01,Cell Multiplication mk1,270,Cells,163,3.34e70,B05,H01,645,745,34,34
H01,Cell Multiplication mk1,271,Cells,163,9.25e70,B05,H01,645,745,34,34
H01,Cell Multiplication mk1,272,Cells,163,2.57e71,B05,H01,645,745,34,34
H01,Cell Multiplication mk1,273,Cells,163,7.16e71,B05,H01,645,745,34,34
H01,Cell Multiplication mk1,274,Cells,163,2.00e72,B05,H01,645,745,34,34
H01,Cell Multiplication mk1,275,Cells,163,5.60e72,B05,H01,645,745,34,34
H01,Cell Multiplication mk1,276,Cells,163,1.57e73,B05,H01,645,745,34,34
H01,Cell Multiplication mk1,277,Cells,163,4.43e73,B05,H01,645,745,34,34
H01,Cell Multiplication mk1,278,Cells,163,1.25e74,B05,H01,645,745,34,34
H01,Cell Multiplication mk1,279,Cells,163,3.53e74,B05,H01,645,745,34,34
H01,Cell Multiplication mk1,280,Cells,163,1.00e75,B05,H01,645,745,34,34
H01,Cell Multiplication mk1,281,Cells,163,2.85e75,B05,H01,645,745,34,34
H01,Cell Multiplication mk1,282,Cells,163,8.12e75,B05,H01,645,745,34,34
H01,Cell Multiplication mk1,283,Cells,163,2.32e76,B05,H01,645,745,34,34
H01,Cell Multiplication mk1,284,Cells,163,6.64e76,B05,H01,645,745,34,34
H01,Cell Multiplication mk1,285,Cells,163,1.91e77,B05,H01,645,745,34,34
H01,Cell Multiplication mk1,286,Cells,163,5.48e77,B05,H01,645,745,34,34
H01,Cell Multiplication mk1,287,Cells,163,1.58e78,B05,H01,645,745,34,34
H01,Cell Multiplication mk1,288,Cells,163,4.58e78,B05,H01,645,745,34,34
H01,Cell Multiplication mk1,289,Cells,163,1.33e79,B05,H01,645,745,34,34
H01,Cell Multiplication mk1,290,Cells,163,3.85e79,B05,H01,645,745,34,34
H01,Cell Multiplication mk1,291,Cells,163,1.12e80,B05,H01,645,745,34,34
H01,Cell Multiplication mk1,292,Cells,163,3.28e80,B05,H01,645,745,34,34
H01,Cell Multiplication mk1,293,Cells,163,9.60e80,B05,H01,645,745,34,34
H01,Cell Multiplication mk1,294,Cells,163,2.82e81,B05,H01,645,745,34,34
H01,Cell Multiplication mk1,295,Cells,163,8.28e81,B05,H01,645,745,34,34
H01,Cell Multiplication mk1,296,Cells,163,2.44e82,B05,H01,645,745,34,34
H01,Cell Multiplication mk1,297,Cells,163,7.22e82,B05,H01,645,745,34,34
H01,Cell Multiplication mk1,298,Cells,163,2.14e83,B05,H01,645,745,34,34
H01,Cell Multiplication mk1,299,Cells,163,6.35e83,B05,H01,645,745,34,34
H01,Cell Multiplication mk1,300,Cells,163,1.89e84,B05,H01,645,745,34,34
H01,Cell Multiplication mk1,301,Cells,163,5.64e84,B05,H01,645,745,34,34
H01,Cell Multiplication mk1,302,Cells,163,1.69e85,B05,H01,645,745,34,34
H01,Cell Multiplication mk1,303,Cells,163,5.06e85,B05,H01,645,745,34,34
H01,Cell Multiplication mk1,304,Cells,163,1.52e86,B05,H01,645,745,34,34
H01,Cell Multiplication mk1,305,Cells,163,4.58e86,B05,H01,645,745,34,34
H01,Cell Multiplication mk1,306,Cells,163,1.38e87,B05,H01,645,745,34,34
H01,Cell Multiplication mk1,307,Cells,163,4.18e87,B05,H01,645,745,34,34
H01,Cell Multiplication mk1,308,Cells,163,1.27e88,B05,H01,645,745,34,34
H01,Cell Multiplication mk1,309,Cells,163,3.86e88,B05,H01,645,745,34,34
H01,Cell Multiplication mk1,310,Cells,163,1.17e89,B05,H01,645,745,34,34
H01,Cell Multiplication mk1,311,Cells,163,3.59e89,B05,H01,645,745,34,34
H01,Cell Multiplication mk1,312,Cells,163,1.10e90,B05,H01,645,745,34,34
H01,Cell Multiplication mk1,313,Cells,163,3.37e90,B05,H01,645,745,34,34
H01,Cell Multiplication mk1,314,Cells,163,1.04e91,B05,H01,645,745,34,34
H01,Cell Multiplication mk1,315,Cells,163,3.20e91,B05,H01,645,745,34,34
H01,Cell Multiplication mk1,316,Cells,163,9.88e91,B05,H01,645,745,34,34
H01,Cell Multiplication mk1,317,Cells,163,3.06e92,B05,H01,645,745,34,34
H01,Cell Multiplication mk1,318,Cells,163,9.50e92,B05,H01,645,745,34,34
H01,Cell Multiplication mk1,319,Cells,163,2.96e93,B05,H01,645,745,34,34
H01,Cell Multiplication mk1,320,Cells,163,9.22e93,B05,H01,645,745,34,34
H01,Cell Multiplication mk1,321,Cells,163,2.88e94,B05,H01,645,745,34,34
H01,Cell Multiplication mk1,322,Cells,163,9.03e94,B05,H01,645,745,34,34
H01,Cell Multiplication mk1,323,Cells,163,2.83e95,B05,H01,645,745,34,34
H01,Cell Multiplication mk1,324,Cells,163,8.92e95,B05,H01,645,745,34,34
H01,Cell Multiplication mk1,325,Cells,163,2.81e96,B05,H01,645,745,34,34
H01,Cell Multiplication mk1,326,Cells,163,8.89e96,B05,H01,645,745,34,34
H01,Cell Multiplication mk1,327,Cells,163,2.82e97,B05,H01,645,745,34,34
H01,Cell Multiplication mk1,328,Cells,163,8.95e97,B05,H01,645,745,34,34
H01,Cell Multiplication mk1,329,Cells,163,2.85e98,B05,H01,645,745,34,34
H01,Cell Multiplication mk1,330,Cells,163,9.08e98,B05,H01,645,745,34,34
H01,Cell Multiplication mk1,331,Cells,163,2.90e99,B05,H01,645,745,34,34
H01,Cell Multiplication mk1,332,Cells,163,9.31e99,B05,H01,645,745,34,34
H01,Cell Multiplication mk1,333,Cells,163,2.99e100,B05,H01,645,745,34,34
H01,Cell Multiplication mk1,334,Cells,163,9.62e100,B05,H01,645,745,34,34
H01,Cell Multiplication mk1,335,Cells,163,3.10e101,B05,H01,645,745,34,34
H01,Cell Multiplication mk1,336,Cells,163,1.00e102,B05,H01,645,745,34,34
H01,Cell Multiplication mk1,337,Cells,163,3.25e102,B05,H01,645,745,34,34
H01,Cell Multiplication mk1,338,Cells,163,1.05e103,B05,H01,645,745,34,34
H01,Cell Multiplication mk1,339,Cells,163,3.43e103,B05,H01,645,745,34,34
H01,Cell Multiplication mk1,340,Cells,163,1.12e104,B05,H01,645,745,34,34
H01,Cell Multiplication mk1,341,Cells,163,3.66e104,B05,H01,645,745,34,34
H01,Cell Multiplication mk1,342,Cells,163,1.20e105,B05,H01,645,745,34,34
H01,Cell Multiplication mk1,343,Cells,163,3.93e105,B05,H01,645,745,34,34
H01,Cell Multiplication mk1,344,Cells,163,1.29e106,B05,H01,645,745,34,34
H01,Cell Multiplication mk1,345,Cells,163,4.27e106,B05,H01,645,745,34,34
H01,Cell Multiplication mk1,346,Cells,163,1.41e107,B05,H01,645,745,34,34
H01,Cell Multiplication mk1,347,Cells,163,4.67e107,B05,H01,645,745,34,34
H01,Cell Multiplication mk1,348,Cells,163,1.55e108,B05,H01,645,745,34,34
H01,Cell Multiplication mk1,349,Cells,163,5.15e108,B05,H01,645,745,34,34
H01,Cell Multiplication mk1,350,Cells,163,1.72e109,B05,H01,645,745,34,34
H01,Cell Multiplication mk1,351,Cells,163,5.74e109,B05,H01,645,745,34,34
H01,Cell Multiplication mk1,352,Cells,163,1.92e110,B05,H01,645,745,34,34
H01,Cell Multiplication mk1,353,Cells,163,6.44e110,B05,H01,645,745,34,34
H01,Cell Multiplication mk1,354,Cells,163,2.17e111,B05,H01,645,745,34,34
H01,Cell Multiplication mk1,355,Cells,163,7.30e111,B05,H01,645,745,34,34
H01,Cell Multiplication mk1,356,Cells,163,2.46e112,B05,H01,645,745,34,34
H01,Cell Multiplication mk1,357,Cells,163,8.33e112,B05,H01,645,745,34,34
H01,Cell Multiplication mk1,358,Cells,163,2.83e113,B05,H01,645,745,34,34
H01,Cell Multiplication mk1,359,Cells,163,9.60e113,B05,H01,645,745,34,34
H01,Cell Multiplication mk1,360,Cells,163,3.27e114,B05,H01,645,745,34,34
H01,Cell Multiplication mk1,361,Cells,163,1.12e115,B05,H01,645,745,34,34
H01,Cell Multiplication mk1,362,Cells,163,3.81e115,B05,H01,645,745,34,34
H01,Cell Multiplication mk1,363,Cells,163,1.31e116,B05,H01,645,745,34,34
H01,Cell Multiplication mk1,364,Cells,163,4.48e116,B05,H01,645,745,34,34
H01,Cell Multiplication mk1,365,Cells,163,1.54e117,B05,H01,645,745,34,34
H01,Cell Multiplication mk1,366,Cells,163,5.32e117,B05,H01,645,745,34,34
H01,Cell Multiplication mk1,367,Cells,163,1.84e118,B05,H01,645,745,34,34
H01,Cell Multiplication mk1,368,Cells,163,6.36e118,B05,H01,645,745,34,34
H01,Cell Multiplication mk1,369,Cells,163,2.21e119,B05,H01,645,745,34,34
H01,Cell Multiplication mk1,370,Cells,163,7.68e119,B05,H01,645,745,34,34
H01,Cell Multiplication mk1,371,Cells,163,2.67e120,B05,H01,645,745,34,34
H01,Cell Multiplication mk1,372,Cells,163,9.34e120,B05,H01,645,745,34,34
H01,Cell Multiplication mk1,373,Cells,163,3.27e121,B05,H01,645,745,34,34
H01,Cell Multiplication mk1,374,Cells,163,1.15e122,B05,H01,645,745,34,34
H01,Cell Multiplication mk1,375,Cells,163,4.02e122,B05,H01,645,745,34,34
H01,Cell Multiplication mk1,376,Cells,163,1.42e123,B05,H01,645,745,34,34
H01,Cell Multiplication mk1,377,Cells,163,4.99e123,B05,H01,645,745,34,34
H01,Cell Multiplication mk1,378,Cells,163,1.77e124,B05,H01,645,745,34,34
H01,Cell Multiplication mk1,379,Cells,163,6.25e124,B05,H01,645,745,34,34
H01,Cell Multiplication mk1,380,Cells,163,2.22e125,B05,H01,645,745,34,34
H01,Cell Multiplication mk1,381,Cells,163,7.89e125,B05,H01,645,745,34,34
H01,Cell Multiplication mk1,382,Cells,163,2.81e126,B05,H01,645,745,34,34
H01,Cell Multiplication mk1,383,Cells,163,1.00e127,B05,H01,645,745,34,34
H01,Cell Multiplication mk1,384,Cells,163,3.59e127,B05,H01,645,745,34,34
H01,Cell Multiplication mk1,385,Cells,163,1.29e128,B05,H01,645,745,34,34
H01,Cell Multiplication mk1,386,Cells,163,4.63e128,B05,H01,645,745,34,34
H01,Cell Multiplication mk1,387,Cells,163,1.66e129,B05,H01,645,745,34,34
H01,Cell Multiplication mk1,388,Cells,163,6.00e129,B05,H01,645,745,34,34
H01,Cell Multiplication mk1,389,Cells,163,2.17e130,B05,H01,645,745,34,34
H01,Cell Multiplication mk1,390,Cells,163,7.86e130,B05,H01,645,745,34,34
H01,Cell Multiplication mk1,391,Cells,163,2.85e131,B05,H01,645,745,34,34
H01,Cell Multiplication mk1,392,Cells,163,1.04e132,B05,H01,645,745,34,34
H01,Cell Multiplication mk1,393,Cells,163,3.78e132,B05,H01,645,745,34,34
H01,Cell Multiplication mk1,394,Cells,163,1.38e133,B05,H01,645,745,34,34
H01,Cell Multiplication mk1,395,Cells,163,5.04e133,B05,H01,645,745,34,34
H01,Cell Multiplication mk1,396,Cells,163,1.85e134,B05,H01,645,745,34,34
H01,Cell Multiplication mk1,397,Cells,163,6.78e134,B05,H01,645,745,34,34
H01,Cell Multiplication mk1,398,Cells,163,2.50e135,B05,H01,645,745,34,34
H01,Cell Multiplication mk1,399,Cells,163,9.20e135,B05,H01,645,745,34,34
H01,Cell Multiplication mk1,400,Cells,163,3.40e136,B05,H01,645,745,34,34
H01,Cell Multiplication mk1,401,Cells,163,1.26e137,B05,H01,645,745,34,34
H01,Cell Multiplication mk1,402,Cells,163,4.66e137,B05,H01,645,745,34,34
H01,Cell Multiplication mk1,403,Cells,163,1.73e138,B05,H01,645,745,34,34
H01,Cell Multiplication mk1,404,Cells,163,6.45e138,B05,H01,645,745,34,34
H01,Cell Multiplication mk1,405,Cells,163,2.41e139,B05,H01,645,745,34,34
H01,Cell Multiplication mk1,406,Cells,163,8.99e139,B05,H01,645,745,34,34
H01,Cell Multiplication mk1,407,Cells,163,3.37e140,B05,H01,645,745,34,34
H01,Cell Multiplication mk1,408,Cells,163,1.26e141,B05,H01,645,745,34,34
H01,Cell Multiplication mk1,409,Cells,163,4.75e141,B05,H01,645,745,34,34
H01,Cell Multiplication mk1,410,Cells,163,1.79e142,B05,H01,645,745,34,34
H01,Cell Multiplication mk1,411,Cells,163,6.75e142,B05,H01,645,745,34,34
H01,Cell Multiplication mk1,412,Cells,163,2.55e143,B05,H01,645,745,34,34
H01,Cell Multiplication mk1,413,Cells,163,9.66e143,B05,H01,645,745,34,34
H01,Cell Multiplication mk1,414,Cells,163,3.67e144,B05,H01,645,745,34,34
H01,Cell Multiplication mk1,415,Cells,163,1.39e145,B05,H01,645,745,34,34
H01,Cell Multiplication mk1,416,Cells,163,5.31e145,B05,H01,645,745,34,34
H01,Cell Multiplication mk1,417,Cells,163,2.03e146,B05,H01,645,745,34,34
H01,Cell Multiplication mk1,418,Cells,163,7.76e146,B05,H01,645,745,34,34
H01,Cell Multiplication mk1,419,Cells,163,2.97e147,B05,H01,645,745,34,34
H01,Cell Multiplication mk1,420,Cells,163,1.14e148,B05,H01,645,745,34,34
H01,Cell Multiplication mk1,421,Cells,163,4.39e148,B05,H01,645,745,34,34
H01,Cell Multiplication mk1,422,Cells,163,1.69e149,B05,H01,645,745,34,34
H01,Cell Multiplication mk1,423,Cells,163,6.53e149,B05,H01,645,745,34,34
H01,Cell Multiplication mk1,424,Cells,163,2.53e150,B05,H01,645,745,34,34
H01,Cell Multiplication mk1,425,Cells,163,9.79e150,B05,H01,645,745,34,34
H01,Cell Multiplication mk1,426,Cells,163,3.80e151,B05,H01,645,745,34,34
H01,Cell Multiplication mk1,427,Cells,163,1.48e152,B05,H01,645,745,34,34
H01,Cell Multiplication mk1,428,Cells,163,5.76e152,B05,H01,645,745,34,34
H01,Cell Multiplication mk1,429,Cells,163,2.25e153,B05,H01,645,745,34,34
H01,Cell Multiplication mk1,430,Cells,163,8.80e153,B05,H01,645,745,34,34
H01,Cell Multiplication mk1,431,Cells,163,3.45e154,B05,H01,645,745,34,34
H01,Cell Multiplication mk1,432,Cells,163,1.35e155,B05,H01,645,745,34,34
H01,Cell Multiplication mk1,433,Cells,163,5.33e155,B05,H01,645,745,34,34
H01,Cell Multiplication mk1,434,Cells,163,2.10e156,B05,H01,645,745,34,34
H01,Cell Multiplication mk1,435,Cells,163,8.29e156,B05,H01,645,745,34,34
H01,Cell Multiplication mk1,436,Cells,163,3.28e157,B05,H01,645,745,34,34
H01,Cell Multiplication mk1,437,Cells,163,1.30e158,B05,H01,645,745,34,34
H01,Cell Multiplication mk1,438,Cells,163,5.16e158,B05,H01,645,745,34,34
H01,Cell Multiplication mk1,439,Cells,163,2.05e159,B05,H01,645,745,34,34
H01,Cell Multiplication mk1,440,Cells,163,8.18e159,B05,H01,645,745,34,34
H01,Cell Multiplication mk1,441,Cells,163,3.26e160,B05,H01,645,745,34,34
H01,Cell Multiplication mk1,442,Cells,163,1.31e161,B05,H01,645,745,34,34
H01,Cell Multiplication mk1,443,Cells,163,5.23e161,B05,H01,645,745,34,34
H01,Cell Multiplication mk1,444,Cells,163,2.10e162,B05,H01,645,745,34,34
H01,Cell Multiplication mk1,445,Cells,163,8.44e162,B05,H01,645,745,34,34
H01,Cell Multiplication mk1,446,Cells,163,3.40e163,B05,H01,645,745,34,34
H01,Cell Multiplication mk1,447,Cells,163,1.37e164,B05,H01,645,745,34,34
H01,Cell Multiplication mk1,448,Cells,163,5.55e164,B05,H01,645,745,34,34
H01,Cell Multiplication mk1,449,Cells,163,2.25e165,B05,H01,645,745,34,34
H01,Cell Multiplication mk1,450,Cells,163,9.12e165,B05,H01,645,745,34,34
H01,Cell Multiplication mk1,451,Cells,163,3.71e166,B05,H01,645,745,34,34
H01,Cell Multiplication mk1,452,Cells,163,1.51e167,B05,H01,645,745,34,34
H01,Cell Multiplication mk1,453,Cells,163,6.16e167,B05,H01,645,745,34,34
H01,Cell Multiplication mk1,454,Cells,163,2.52e168,B05,H01,645,745,34,34
H01,Cell Multiplication mk1,455,Cells,163,1.03e169,B05,H01,645,745,34,34
H01,Cell Multiplication mk1,456,Cells,163,4.23e169,B05,H01,645,745,34,34
H01,Cell Multiplication mk1,457,Cells,163,1.74e170,B05,H01,645,745,34,34
H01,Cell Multiplication mk1,458,Cells,163,7.16e170,B05,H01,645,745,34,34
H01,Cell Multiplication mk1,459,Cells,163,2.95e171,B05,H01,645,745,34,34
H01,Cell Multiplication mk1,460,Cells,163,1.22e172,B05,H01,645,745,34,34
H01,Cell Multiplication mk1,461,Cells,163,5.05e172,B05,H01,645,745,34,34
H01,Cell Multiplication mk1,462,Cells,163,2.09e173,B05,H01,645,745,34,34
H01,Cell Multiplication mk1,463,Cells,163,8.69e173,B05,H01,645,745,34,34
H01,Cell Multiplication mk1,464,Cells,163,3.62e174,B05,H01,645,745,34,34
H01,Cell Multiplication mk1,465,Cells,163,1.51e175,B05,H01,645,745,34,34
H01,Cell Multiplication mk1,466,Cells,163,6.29e175,B05,H01,645,745,34,34
H01,Cell Multiplication mk1,467,Cells,163,2.63e176,B05,H01,645,745,34,34
H01,Cell Multiplication mk1,468,Cells,163,1.10e177,B05,H01,645,745,34,34
H01,Cell Multiplication mk1,469,Cells,163,4.63e177,B05,H01,645,745,34,34
H01,Cell Multiplication mk1,470,Cells,163,1.95e178,B05,H01,645,745,34,34
H01,Cell Multiplication mk1,471,Cells,163,8.20e178,B05,H01,645,745,34,34
H01,Cell Multiplication mk1,472,Cells,163,3.46e179,B05,H01,645,745,34,34
H01,Cell Multiplication mk1,473,Cells,163,1.46e180,B05,H01,645,745,34,34
H01,Cell Multiplication mk1,474,Cells,163,6.19e180,B05,H01,645,745,34,34
H01,Cell Multiplication mk1,475,Cells,163,2.62e181,B05,H01,645,745,34,34
H01,Cell Multiplication mk1,476,Cells,163,1.12e182,B05,H01,645,745,34,34
H01,Cell Multiplication mk1,477,Cells,163,4.75e182,B05,H01,645,745,34,34
H01,Cell Multiplication mk1,478,Cells,163,2.02e183,B05,H01,645,745,34,34
H01,Cell Multiplication mk1,479,Cells,163,8.64e183,B05,H01,645,745,34,34
H01,Cell Multiplication mk1,480,Cells,163,3.70e184,B05,H01,645,745,34,34
H01,Cell Multiplication mk1,481,Cells,163,1.58e185,B05,H01,645,745,34,34
H01,Cell Multiplication mk1,482,Cells,163,6.80e185,B05,H01,645,745,34,34
H01,Cell Multiplication mk1,483,Cells,163,2.92e186,B05,H01,645,745,34,34
H01,Cell Multiplication mk1,484,Cells,163,1.26e187,B05,H01,645,745,34,34
H01,Cell Multiplication mk1,485,Cells,163,5.44e187,B05,H01,645,745,34,34
H01,Cell Multiplication mk1,486,Cells,163,2.35e188,B05,H01,645,745,34,34
H01,Cell Multiplication mk1,487,Cells,163,1.02e189,B05,H01,645,745,34,34
H01,Cell Multiplication mk1,488,Cells,163,4.41e189,B05,H01,645,745,34,34
H01,Cell Multiplication mk1,489,Cells,163,1.92e190,B05,H01,645,745,34,34
H01,Cell Multiplication mk1,490,Cells,163,8.34e190,B05,H01,645,745,34,34
H01,Cell Multiplication mk1,491,Cells,163,3.64e191,B05,H01,645,745,34,34
H01,Cell Multiplication mk1,492,Cells,163,1.59e192,B05,H01,645,745,34,34
H01,Cell Multiplication mk1,493,Cells,163,6.94e192,B05,H01,645,745,34,34
H01,Cell Multiplication mk1,494,Cells,163,3.04e193,B05,H01,645,745,34,34
H01,Cell Multiplication mk1,495,Cells,163,1.33e194,B05,H01,645,745,34,34
H01,Cell Multiplication mk1,496,Cells,163,5.87e194,B05,H01,645,745,34,34
H01,Cell Multiplication mk1,497,Cells,163,2.58e195,B05,H01,645,745,34,34
H01,Cell Multiplication mk1,498,Cells,163,1.14e196,B05,H01,645,745,34,34
H01,Cell Multiplication mk1,499,Cells,163,5.04e196,B05,H01,645,745,34,34
H01,Cell Multiplication mk1,500,Cells,163,2.23e197,B05,H01,645,745,34,34
H01,Cell Multiplication mk1,501,Cells,163,9.88e197,B05,H01,645,745,34,34
H01,Cell Multiplication mk1,502,Cells,163,4.39e198,B05,H01,645,745,34,34
H01,Cell Multiplication mk1,503,Cells,163,1.95e199,B05,H01,645,745,34,34
H01,Cell Multiplication mk1,504,Cells,163,8.69e199,B05,H01,645,745,34,34
H01,Cell Multiplication mk1,505,Cells,163,3.88e200,B05,H01,645,745,34,34
H01,Cell Multiplication mk1,506,Cells,163,1.73e201,B05,H01,645,745,34,34
H01,Cell Multiplication mk1,507,Cells,163,7.76e201,B05,H01,645,745,34,34
H01,Cell Multiplication mk1,508,Cells,163,3.48e202,B05,H01,645,745,34,34
H01,Cell Multiplication mk1,509,Cells,163,1.56e203,B05,H01,645,745,34,34
H01,Cell Multiplication mk1,510,Cells,163,7.03e203,B05,H01,645,745,34,34
H01,Cell Multiplication mk1,511,Cells,163,3.17e204,B05,H01,645,745,34,34
H01,Cell Multiplication mk1,512,Cells,163,1.43e205,B05,H01,645,745,34,34
H01,Cell Multiplication mk1,513,Cells,163,6.47e205,B05,H01,645,745,34,34
H01,Cell Multiplication mk1,514,Cells,163,2.93e206,B05,H01,645,745,34,34
H01,Cell Multiplication mk1,515,Cells,163,1.33e207,B05,H01,645,745,34,34
H01,Cell Multiplication mk1,516,Cells,163,6.04e207,B05,H01,645,745,34,34
H01,Cell Multiplication mk1,517,Cells,163,2.75e208,B05,H01,645,745,34,34
H01,Cell Multiplication mk1,518,Cells,163,1.25e209,B05,H01,645,745,34,34
H01,Cell Multiplication mk1,519,Cells,163,5.72e209,B05,H01,645,745,34,34
H01,Cell Multiplication mk1,520,Cells,163,2.62e210,B05,H01,645,745,34,34
H01,Cell Multiplication mk1,521,Cells,163,1.20e211,B05,H01,645,745,34,34
H01,Cell Multiplication mk1,522,Cells,163,5.50e211,B05,H01,645,745,34,34
H01,Cell Multiplication mk1,523,Cells,163,2.53e212,B05,H01,645,745,34,34
H01,Cell Multiplication mk1,524,Cells,163,1.16e213,B05,H01,645,745,34,34
H01,Cell Multiplication mk1,525,Cells,163,5.36e213,B05,H01,645,745,34,34
H01,Cell Multiplication mk1,526,Cells,163,2.47e214,B05,H01,645,745,34,34
H01,Cell Multiplication mk1,527,Cells,163,1.14e215,B05,H01,645,745,34,34
H01,Cell Multiplication mk1,528,Cells,163,5.30e215,B05,H01,645,745,34,34
H01,Cell Multiplication mk1,529,Cells,163,2.46e216,B05,H01,645,745,34,34
H01,Cell Multiplication mk1,530,Cells,163,1.14e217,B05,H01,645,745,34,34
H01,Cell Multiplication mk1,531,Cells,163,5.32e217,B05,H01,645,745,34,34
H01,Cell Multiplication mk1,532,Cells,163,2.48e218,B05,H01,645,745,34,34
H01,Cell Multiplication mk1,533,Cells,163,1.16e219,B05,H01,645,745,34,34
H01,Cell Multiplication mk1,534,Cells,163,5.42e219,B05,H01,645,745,34,34
H01,Cell Multiplication mk1,535,Cells,163,2.54e220,B05,H01,645,745,34,34
H01,Cell Multiplication mk1,536,Cells,163,1.19e221,B05,H01,645,745,34,34
H01,Cell Multiplication mk1,537,Cells,163,5.59e221,B05,H01,645,745,34,34
H01,Cell Multiplication mk1,538,Cells,163,2.63e222,B05,H01,645,745,34,34
H01,Cell Multiplication mk1,539,Cells,163,1.24e223,B05,H01,645,745,34,34
H01,Cell Multiplication mk1,540,Cells,163,5.86e223,B05,H01,645,745,34,34
H01,Cell Multiplication mk1,541,Cells,163,2.77e224,B05,H01,645,745,34,34
H01,Cell Multiplication mk1,542,Cells,163,1.31e225,B05,H01,645,745,34,34
H01,Cell Multiplication mk1,543,Cells,163,6.23e225,B05,H01,645,745,34,34
H01,Cell Multiplication mk1,544,Cells,163,2.96e226,B05,H01,645,745,34,34
H01,Cell Multiplication mk1,545,Cells,163,1.41e227,B05,H01,645,745,34,34
H01,Cell Multiplication mk1,546,Cells,163,6.71e227,B05,H01,645,745,34,34
H01,Cell Multiplication mk1,547,Cells,163,3.20e228,B05,H01,645,745,34,34
H01,Cell Multiplication mk1,548,Cells,163,1.53e229,B05,H01,645,745,34,34
H01,Cell Multiplication mk1,549,Cells,163,7.33e229,B05,H01,645,745,34,34
H01,Cell Multiplication mk1,550,Cells,163,3.51e230,B05,H01,645,745,34,34
H01,Cell Multiplication mk1,551,Cells,163,1.69e231,B05,H01,645,745,34,34
H01,Cell Multiplication mk1,552,Cells,163,8.12e231,B05,H01,645,745,34,34
H01,Cell Multiplication mk1,553,Cells,163,3.91e232,B05,H01,645,745,34,34
H01,Cell Multiplication mk1,554,Cells,163,1.89e233,B05,H01,645,745,34,34
H01,Cell Multiplication mk1,555,Cells,163,9.12e233,B05,H01,645,745,34,34
H01,Cell Multiplication mk1,556,Cells,163,4.41e234,B05,H01,645,745,34,34
H01,Cell Multiplication mk1,557,Cells,163,2.14e235,B05,H01,645,745,34,34
H01,Cell Multiplication mk1,558,Cells,163,1.04e236,B05,H01,645,745,34,34
H01,Cell Multiplication mk1,559,Cells,163,5.05e236,B05,H01,645,745,34,34
H01,Cell Multiplication mk1,560,Cells,163,2.46e237,B05,H01,645,745,34,34
H01,Cell Multiplication mk1,561,Cells,163,1.20e238,B05,H01,645,745,34,34
H01,Cell Multiplication mk1,562,Cells,163,5.86e238,B05,H01,645,745,34,34
H01,Cell Multiplication mk1,563,Cells,163,2.87e239,B05,H01,645,745,34,34
H01,Cell Multiplication mk1,564,Cells,163,1.40e240,B05,H01,645,745,34,34
H01,Cell Multiplication mk1,565,Cells,163,6.89e240,B05,H01,645,745,34,34
H01,Cell Multiplication mk1,566,Cells,163,3.39e241,B05,H01,645,745,34,34
H01,Cell Multiplication mk1,567,Cells,163,1.67e242,B05,H01,645,745,34,34
H01,Cell Multiplication mk1,568,Cells,163,8.22e242,B05,H01,645,745,34,34
H01,Cell Multiplication mk1,569,Cells,163,4.06e243,B05,H01,645,745,34,34
H01,Cell Multiplication mk1,570,Cells,163,2.01e244,B05,H01,645,745,34,34
H01,Cell Multiplication mk1,571,Cells,163,9.93e244,B05,H01,645,745,34,34
H01,Cell Multiplication mk1,572,Cells,163,4.93e245,B05,H01,645,745,34,34
H01,Cell Multiplication mk1,573,Cells,163,2.45e246,B05,H01,645,745,34,34
H01,Cell Multiplication mk1,574,Cells,163,1.22e247,B05,H01,645,745,34,34
H01,Cell Multiplication mk1,575,Cells,163,6.06e247,B05,H01,645,745,34,34
H01,Cell Multiplication mk1,576,Cells,163,3.02e248,B05,H01,645,745,34,34
H01,Cell Multiplication mk1,577,Cells,163,1.51e249,B05,H01,645,745,34,34
H01,Cell Multiplication mk1,578,Cells,163,7.56e249,B05,H01,645,745,34,34
H01,Cell Multiplication mk1,579,Cells,163,3.79e250,B05,H01,645,745,34,34
H01,Cell Multiplication mk1,580,Cells,163,1.90e251,B05,H01,645,745,34,34
H01,Cell Multiplication mk1,581,Cells,163,9.56e251,B05,H01,645,745,34,34
H01,Cell Multiplication mk1,582,Cells,163,4.81e252,B05,H01,645,745,34,34
H01,Cell Multiplication mk1,583,Cells,163,2.42e253,B05,H01,645,745,34,34
H01,Cell Multiplication mk1,584,Cells,163,1.22e254,B05,H01,645,745,34,34
H01,Cell Multiplication mk1,585,Cells,163,6.19e254,B05,H01,645,745,34,34
H01,Cell Multiplication mk1,586,Cells,163,3.13e255,B05,H01,645,745,34,34
H01,Cell Multiplication mk1,587,Cells,163,1.59e256,B05,H01,645,745,34,34
H01,Cell Multiplication mk1,588,Cells,163,8.07e256,B05,H01,645,745,34,34
H01,Cell Multiplication mk1,589,Cells,163,4.10e257,B05,H01,645,745,34,34
H01,Cell Multiplication mk1,590,Cells,163,2.09e258,B05,H01,645,745,34,34
H01,Cell Multiplication mk1,591,Cells,163,1.07e259,B05,H01,645,745,34,34
H01,Cell Multiplication mk1,592,Cells,163,5.45e259,B05,H01,645,745,34,34
H01,Cell Multiplication mk1,593,Cells,163,2.79e260,B05,H01,645,745,34,34
H01,Cell Multiplication mk1,594,Cells,163,1.43e261,B05,H01,645,745,34,34
H01,Cell Multiplication mk1,595,Cells,163,7.32e261,B05,H01,645,745,34,34
H01,Cell Multiplication mk1,596,Cells,163,3.76e262,B05,H01,645,745,34,34
H01,Cell Multiplication mk1,597,Cells,163,1.94e263,B05,H01,645,745,34,34
H01,Cell Multiplication mk1,598,Cells,163,9.98e263,B05,H01,645,745,34,34
H01,Cell Multiplication mk1,599,Cells,163,5.15e264,B05,H01,645,745,34,34
H01,Cell Multiplication mk1,600,Cells,163,2.66e265,B05,H01,645,745,34,34
H01,Cell Multiplication mk1,601,Cells,163,1.38e266,B05,H01,645,745,34,34
H01,Cell Multiplication mk1,602,Cells,163,7.14e266,B05,H01,645,745,34,34
H01,Cell Multiplication mk1,603,Cells,163,3.70e267,B05,H01,645,745,34,34
H01,Cell Multiplication mk1,604,Cells,163,1.93e268,B05,H01,645,745,34,34
H01,Cell Multiplication mk1,605,Cells,163,1.00e269,B05,H01,645,745,34,34
H01,Cell Multiplication mk1,606,Cells,163,5.22e269,B05,H01,645,745,34,34
H01,Cell Multiplication mk1,607,Cells,163,2.73e270,B05,H01,645,745,34,34
H01,Cell Multiplication mk1,608,Cells,163,1.43e271,B05,H01,645,745,34,34
H01,Cell Multiplication mk1,609,Cells,163,7.46e271,B05,H01,645,745,34,34
H01,Cell Multiplication mk1,610,Cells,163,3.91e272,B05,H01,645,745,34,34
H01,Cell Multiplication mk1,611,Cells,163,2.05e273,B05,H01,645,745,34,34
H01,Cell Multiplication mk1,612,Cells,163,1.08e274,B05,H01,645,745,34,34
H01,Cell Multiplication mk1,613,Cells,163,5.68e274,B05,H01,645,745,34,34
H01,Cell Multiplication mk1,614,Cells,163,3.00e275,B05,H01,645,745,34,34
H01,Cell Multiplication mk1,615,Cells,163,1.58e276,B05,H01,645,745,34,34
H01,Cell Multiplication mk1,616,Cells,163,8.37e276,B05,H01,645,745,34,34
H01,Cell Multiplication mk1,617,Cells,163,4.43e277,B05,H01,645,745,34,34
H01,Cell Multiplication mk1,618,Cells,163,2.35e278,B05,H01,645,745,34,34
H01,Cell Multiplication mk1,619,Cells,163,1.25e279,B05,H01,645,745,34,34
H01,Cell Multiplication mk1,620,Cells,163,6.63e279,B05,H01,645,745,34,34
H01,Cell Multiplication mk1,621,Cells,163,3.53e280,B05,H01,645,745,34,34
H01,Cell Multiplication mk1,622,Cells,163,1.88e281,B05,H01,645,745,34,34
H01,Cell Multiplication mk1,623,Cells,163,1.01e282,B05,H01,645,745,34,34
H01,Cell Multiplication mk1,624,Cells,163,5.38e282,B05,H01,645,745,34,34
H01,Cell Multiplication mk1,625,Cells,163,2.88e283,B05,H01,645,745,34,34
H01,Cell Multiplication mk1,626,Cells,163,1.54e284,B05,H01,645,745,34,34
H01,Cell Multiplication mk1,627,Cells,163,8.29e284,B05,H01,645,745,34,34
H01,Cell Multiplication mk1,628,Cells,163,4.46e285,B05,H01,645,745,34,34
H01,Cell Multiplication mk1,629,Cells,163,2.40e286,B05,H01,645,745,34,34
H01,Cell Multiplication mk1,630,Cells,163,1.29e287,B05,H01,645,745,34,34
H01,Cell Multiplication mk1,631,Cells,163,6.99e287,B05,H01,645,745,34,34
H01,Cell Multiplication mk1,632,Cells,163,3.78e288,B05,H01,645,745,34,34
H01,Cell Multiplication mk1,633,Cells,163,2.05e289,B05,H01,645,745,34,34
H01,Cell Multiplication mk1,634,Cells,163,1.11e290,B05,H01,645,745,34,34
H01,Cell Multiplication mk1,635,Cells,163,6.02e290,B05,H01,645,745,34,34
H01,Cell Multiplication mk1,636,Cells,163,3.28e291,B05,H01,645,745,34,34
H01,Cell Multiplication mk1,637,Cells,163,1.78e292,B05,H01,645,745,34,34
H01,Cell Multiplication mk1,638,Cells,163,9.72e292,B05,H01,645,745,34,34
H01,Cell Multiplication mk1,639,Cells,163,5.31e293,B05,H01,645,745,34,34
H01,Cell Multiplication mk1,640,Cells,163,2.90e294,B05,H01,645,745,34,34
H01,Cell Multiplication mk1,641,Cells,163,1.59e295,B05,H01,645,745,34,34
H01,Cell Multiplication mk1,642,Cells,163,8.71e295,B05,H01,645,745,34,34
H01,Cell Multiplication mk1,643,Cells,163,4.78e296,B05,H01,645,745,34,34
H01,Cell Multiplication mk1,644,Cells,163,2.63e297,B05,H01,645,745,34,34
H01,Cell Multiplication mk1,645,Cells,163,1.45e298,B05,H01,645,745,34,34
H01,Cell Multiplication mk1,646,Cells,163,7.98e298,B05,H01,645,745,34,34
H01,Cell Multiplication mk1,647,Cells,163,4.40e299,B05,H01,645,745,34,34
H01,Cell Multiplication mk1,648,Cells,163,2.43e300,B05,H01,645,745,34,34
H01,Cell Multiplication mk1,649,Cells,163,1.35e301,B05,H01,645,745,34,34
H01,Cell Multiplication mk1,650,Cells,163,7.46e301,B05,H01,645,745,34,34
H01,Cell Multiplication mk1,651,Cells,163,4.14e302,B05,H01,645,745,34,34
H01,Cell Multiplication mk1,652,Cells,163,2.30e303,B05,H01,645,745,34,34
H01,Cell Multiplication mk1,653,Cells,163,1.28e304,B05,H01,645,745,34,34
H01,Cell Multiplication mk1,654,Cells,163,7.14e304,B05,H01,645,745,34,34
H01,Cell Multiplication mk1,655,Cells,163,3.98e305,B05,H01,645,745,34,34
H01,Cell Multiplication mk1,656,Cells,163,2.23e306,B05,H01,645,745,34,34
H01,Cell Multiplication mk1,657,Cells,163,1.24e307,B05,H01,645,745,34,34
H01,Cell Multiplication mk1,658,Cells,163,6.97e307,B05,H01,645,745,34,34
H01,Cell Multiplication mk1,659,Cells,163,3.91e308,B05,H01,645,745,34,34
H01,Cell Multiplication mk1,660,Cells,163,2.20e309,B05,H01,645,745,34,34
H01,Cell Multiplication mk1,661,Cells,163,1.24e310,B05,H01,645,745,34,34
H01,Cell Multiplication mk1,662,Cells,163,6.96e310,B05,H01,645,745,34,34
H01,Cell Multiplication mk1,663,Cells,163,3.93e311,B05,H01,645,745,34,34
H01,Cell Multiplication mk1,664,Cells,163,2.22e312,B05,H01,645,745,34,34
H01,Cell Multiplication mk1,665,Cells,163,1.25e313,B05,H01,645,745,34,34
H01,Cell Multiplication mk1,666,Cells,163,7.10e313,B05,H01,645,745,34,34
H01,Cell Multiplication mk1,667,Cells,163,4.02e314,B05,H01,645,745,34,34
H01,Cell Multiplication mk1,668,Cells,163,2.29e315,B05,H01,645,745,34,34
H01,Cell Multiplication mk1,669,Cells,163,1.30e316,B05,H01,645,745,34,34
H01,Cell Multiplication mk1,670,Cells,163,7.39e316,B05,H01,645,745,34,34
H01,Cell Multiplication mk1,671,Cells,163,4.21e317,B05,H01,645,745,34,34
H01,Cell Multiplication mk1,672,Cells,163,2.41e318,B05,H01,645,745,34,34
H01,Cell Multiplication mk1,673,Cells,163,1.37e319,B05,H01,645,745,34,34
H01,Cell Multiplication mk1,674,Cells,163,7.87e319,B05,H01,645,745,34,34
H01,Cell Multiplication mk1,675,Cells,163,4.51e320,B05,H01,645,745,34,34
H01,Cell Multiplication mk1,676,Cells,163,2.59e321,B05,H01,645,745,34,34
H01,Cell Multiplication mk1,677,Cells,163,1.49e322,B05,H01,645,745,34,34
H01,Cell Multiplication mk1,678,Cells,163,8.55e322,B05,H01,645,745,34,34
H01,Cell Multiplication mk1,679,Cells,163,4.92e323,B05,H01,645,745,34,34
H01,Cell Multiplication mk1,680,Cells,163,2.84e324,B05,H01,645,745,34,34
H01,Cell Multiplication mk1,681,Cells,163,1.64e325,B05,H01,645,745,34,34
H01,Cell Multiplication mk1,682,Cells,163,9.48e325,B05,H01,645,745,34,34
H01,Cell Multiplication mk1,683,Cells,163,5.49e326,B05,H01,645,745,34,34
H01,Cell Multiplication mk1,684,Cells,163,3.18e327,B05,H01,645,745,34,34
H01,Cell Multiplication mk1,685,Cells,163,1.85e328,B05,H01,645,745,34,34
H01,Cell Multiplication mk1,686,Cells,163,1.07e329,B05,H01,645,745,34,34
H01,Cell Multiplication mk1,687,Cells,163,6.25e329,B05,H01,645,745,34,34
H01,Cell Multiplication mk1,688,Cells,163,3.64e330,B05,H01,645,745,34,34
H01,Cell Multiplication mk1,689,Cells,163,2.13e331,B05,H01,645,745,34,34
H01,Cell Multiplication mk1,690,Cells,163,1.24e332,B05,H01,645,745,34,34
H01,Cell Multiplication mk1,691,Cells,163,7.27e332,B05,H01,645,745,34,34
H01,Cell Multiplication mk1,692,Cells,163,4.26e333,B05,H01,645,745,34,34
H01,Cell Multiplication mk1,693,Cells,163,2.50e334,B05,H01,645,745,34,34
H01,Cell Multiplication mk1,694,Cells,163,1.47e335,B05,H01,645,745,34,34
H01,Cell Multiplication mk1,695,Cells,163,8.62e335,B05,H01,645,745,34,34
H01,Cell Multiplication mk1,696,Cells,163,5.08e336,B05,H01,645,745,34,34
H01,Cell Multiplication mk1,697,Cells,163,2.99e337,B05,H01,645,745,34,34
H01,Cell Multiplication mk1,698,Cells,163,1.77e338,B05,H01,645,745,34,34
H01,Cell Multiplication mk1,699,Cells,163,1.04e339,B05,H01,645,745,34,34
H01,Cell Multiplication mk1,700,Cells,163,6.18e339,B05,H01,645,745,34,34
H01,Cell Multiplication mk1,701,Cells,163,3.66e340,B05,H01,645,745,34,34
H01,Cell Multiplication mk1,702,Cells,163,2.17e341,B05,H01,645,745,34,34
H01,Cell Multiplication mk1,703,Cells,163,1.29e342,B05,H01,645,745,34,34
H01,Cell Multiplication mk1,704,Cells,163,7.68e342,B05,H01,645,745,34,34
H01,Cell Multiplication mk1,705,Cells,163,4.57e343,B05,H01,645,745,34,34
H01,Cell Multiplication mk1,706,Cells,163,2.73e344,B05,H01,645,745,34,34
H01,Cell Multiplication mk1,707,Cells,163,1.63e345,B05,H01,645,745,34,34
H01,Cell Multiplication mk1,708,Cells,163,9.73e345,B05,H01,645,745,34,34
H01,Cell Multiplication mk1,709,Cells,163,5.83e346,B05,H01,645,745,34,34
H01,Cell Multiplication mk1,710,Cells,163,3.49e347,B05,H01,645,745,34,34
H01,Cell Multiplication mk1,711,Cells,163,2.10e348,B05,H01,645,745,34,34
H01,Cell Multiplication mk1,712,Cells,163,1.26e349,B05,H01,645,745,34,34
H01,Cell Multiplication mk1,713,Cells,163,7.58e349,B05,H01,645,745,34,34
H01,Cell Multiplication mk1,714,Cells,163,4.56e350,B05,H01,645,745,34,34
H01,Cell Multiplication mk1,715,Cells,163,2.75e351,B05,H01,645,745,34,34
H01,Cell Multiplication mk1,716,Cells,163,1.66e352,B05,H01,645,745,34,34
H01,Cell Multiplication mk1,717,Cells,163,1.00e353,B05,H01,645,745,34,34
H01,Cell Multiplication mk1,718,Cells,163,6.08e353,B05,H01,645,745,34,34
H01,Cell Multiplication mk1,719,Cells,163,3.69e354,B05,H01,645,745,34,34
H01,Cell Multiplication mk1,720,Cells,163,2.24e355,B05,H01,645,745,34,34
H01,Cell Multiplication mk1,721,Cells,163,1.36e356,B05,H01,645,745,34,34
H01,Cell Multiplication mk1,722,Cells,163,8.27e356,B05,H01,645,745,34,34
H01,Cell Multiplication mk1,723,Cells,163,5.04e357,B05,H01,645,745,34,34
H01,Cell Multiplication mk1,724,Cells,163,3.07e358,B05,H01,645,745,34,34
H01,Cell Multiplication mk1,725,Cells,163,1.88e359,B05,H01,645,745,34,34
H01,Cell Multiplication mk1,726,Cells,163,1.15e360,B05,H01,645,745,34,34
H01,Cell Multiplication mk1,727,Cells,163,7.03e360,B05,H01,645,745,34,34
H01,Cell Multiplication mk1,728,Cells,163,4.31e361,B05,H01,645,745,34,34
H01,Cell Multiplication mk1,729,Cells,163,2.64e362,B05,H01,645,745,34,34
H01,Cell Multiplication mk1,730,Cells,163,1.62e363,B05,H01,645,745,34,34
H01,Cell Multiplication mk1,731,Cells,163,9.99e363,B05,H01,645,745,34,34
H01,Cell Multiplication mk1,732,Cells,163,6.15e364,B05,H01,645,745,34,34
H01,Cell Multiplication mk1,733,Cells,163,3.79e365,B05,H01,645,745,34,34
H01,Cell Multiplication mk1,734,Cells,163,2.34e366,B05,H01,645,745,34,34
H01,Cell Multiplication mk1,735,Cells,163,1.45e367,B05,H01,645,745,34,34
H01,Cell Multiplication mk1,736,Cells,163,8.97e367,B05,H01,645,745,34,34
H01,Cell Multiplication mk1,737,Cells,163,5.56e368,B05,H01,645,745,34,34
H01,Cell Multiplication mk1,738,Cells,163,3.45e369,B05,H01,645,745,34,34
H01,Cell Multiplication mk1,739,Cells,163,2.14e370,B05,H01,645,745,34,34
H01,Cell Multiplication mk1,740,Cells,163,1.33e371,B05,H01,645,745,34,34
H01,Cell Multiplication mk1,741,Cells,163,8.30e371,B05,H01,645,745,34,34
H01,Cell Multiplication mk1,742,Cells,163,5.17e372,B05,H01,645,745,34,34
H01,Cell Multiplication mk1,743,Cells,163,3.23e373,B05,H01,645,745,34,34
H01,Cell Multiplication mk1,744,Cells,163,2.02e374,B05,H01,645,745,34,34
H01,Cell Multiplication mk1,745,Cells,163,1.26e375,B05,H01,645,745,34,34
H01,Cell Multiplication mk1,746,Cells,163,7.91e375,B05,H01,645,745,34,34
H01,Cell Multiplication mk1,747,Cells,163,4.96e376,B05,H01,645,745,34,34
H01,Cell Multiplication mk1,748,Cells,163,3.12e377,B05,H01,645,745,34,34
H01,Cell Multiplication mk1,749,Cells,163,1.96e378,B05,H01,645,745,34,34
H01,Cell Multiplication mk1,750,Cells,163,1.23e379,B05,H01,645,745,34,34
H01,Cell Multiplication mk1,751,Cells,163,7.78e379,B05,H01,645,745,34,34
H01,Cell Multiplication mk1,752,Cells,163,4.91e380,B05,H01,645,745,34,34
H01,Cell Multiplication mk1,753,Cells,163,3.10e381,B05,H01,645,745,34,34
H01,Cell Multiplication mk1,754,Cells,163,1.96e382,B05,H01,645,745,34,34
H01,Cell Multiplication mk1,755,Cells,163,1.24e383,B05,H01,645,745,34,34
H01,Cell Multiplication mk1,756,Cells,163,7.88e383,B05,H01,645,745,34,34
H01,Cell Multiplication mk1,757,Cells,163,5.00e384,B05,H01,645,745,34,34
H01,Cell Multiplication mk1,758,Cells,163,3.18e385,B05,H01,645,745,34,34
H01,Cell Multiplication mk1,759,Cells,163,2.02e386,B05,H01,645,745,34,34
H01,Cell Multiplication mk1,760,Cells,163,1.29e387,B05,H01,645,745,34,34
H01,Cell Multiplication mk1,761,Cells,163,8.23e387,B05,H01,645,745,34,34
H01,Cell Multiplication mk1,762,Cells,163,5.25e388,B05,H01,645,745,34,34
H01,Cell Multiplication mk1,763,Cells,163,3.36e389,B05,H01,645,745,34,34
H01,Cell Multiplication mk1,764,Cells,163,2.15e390,B05,H01,645,745,34,34
H01,Cell Multiplication mk1,765,Cells,163,1.38e391,B05,H01,645,745,34,34
H01,Cell Multiplication mk1,766,Cells,163,8.84e391,B05,H01,645,745,34,34
H01,Cell Multiplication mk1,767,Cells,163,5.68e392,B05,H01,645,745,34,34
H01,Cell Multiplication mk1,768,Cells,163,3.65e393,B05,H01,645,745,34,34
H01,Cell Multiplication mk1,769,Cells,163,2.35e394,B05,H01,645,745,34,34
H01,Cell Multiplication mk1,770,Cells,163,1.52e395,B05,H01,645,745,34,34
H01,Cell Multiplication mk1,771,Cells,163,9.79e395,B05,H01,645,745,34,34
H01,Cell Multiplication mk1,772,Cells,163,6.33e396,B05,H01,645,745,34,34
H01,Cell Multiplication mk1,773,Cells,163,4.09e397,B05,H01,645,745,34,34
H01,Cell Multiplication mk1,774,Cells,163,2.65e398,B05,H01,645,745,34,34
H01,Cell Multiplication mk1,775,Cells,163,1.72e399,B05,H01,645,745,34,34
H03,Level Enhance mk2,1,Cells,164,220,H01,H03,684,745,34,31
H03,Level Enhance mk2,2,Cells,164,3.78k,H01,H03,684,745,34,31
H03,Level Enhance mk2,3,Cells,164,62.0k,H01,H03,684,745,34,31
H03,Level Enhance mk2,4,Cells,164,1.09m,H01,H03,684,745,34,31
H03,Level Enhance mk2,5,Cells,164,21.2m,H01,H03,684,745,34,31
H03,Level Enhance mk2,6,Cells,164,453m,H01,H03,684,745,34,31
H03,Level Enhance mk2,7,Cells,164,10.7b,H01,H03,684,745,34,31
H03,Level Enhance mk2,8,Cells,164,277b,H01,H03,684,745,34,31
H03,Level Enhance mk2,9,Cells,164,7.82t,H01,H03,684,745,34,31
H03,Level Enhance mk2,10,Cells,164,240t,H01,H03,684,745,34,31
H03,Level Enhance mk2,11,Cells,164,7.93qa,H01,H03,684,745,34,31
H03,Level Enhance mk2,12,Cells,164,282qa,H01,H03,684,745,34,31
H03,Level Enhance mk2,13,Cells,164,10.7qu,H01,H03,684,745,34,31
H03,Level Enhance mk2,14,Cells,164,436qu,H01,H03,684,745,34,31
H03,Level Enhance mk2,15,Cells,164,18.8sx,H01,H03,684,745,34,31
H05,Level Enhance mk4,1,Cells,165,920k,H03,H05,684,784,32,31
H05,Level Enhance mk4,2,Cells,165,26.3m,H03,H05,684,784,32,31
H05,Level Enhance mk4,3,Cells,165,862m,H03,H05,684,784,32,31
H05,Level Enhance mk4,4,Cells,165,32.1b,H03,H05,684,784,32,31
H05,Level Enhance mk4,5,Cells,165,1.34t,H03,H05,684,784,32,31
H05,Level Enhance mk4,6,Cells,165,62.2t,H03,H05,684,784,32,31
H05,Level Enhance mk4,7,Cells,165,3.18qa,H03,H05,684,784,32,31
H05,Level Enhance mk4,8,Cells,165,177qa,H03,H05,684,784,32,31
H05,Level Enhance mk4,9,Cells,165,10.7qu,H03,H05,684,784,32,31
H05,Level Enhance mk4,10,Cells,165,704qu,H03,H05,684,784,32,31
H05,Level Enhance mk4,11,Cells,165,49.5sx,H03,H05,684,784,32,31
H05,Level Enhance mk4,12,Cells,165,3.73sp,H03,H05,684,784,32,31
H05,Level Enhance mk4,13,Cells,165,299sp,H03,H05,684,784,32,31
H05,Level Enhance mk4,14,Cells,165,25.5o,H03,H05,684,784,32,31
H05,Level Enhance mk4,15,Cells,165,2.30n,H03,H05,684,784,32,31
H07,Cell Multiplication mk2,1,Cells,166,7.00b,H05,H07,684,821,33,31
H07,Cell Multiplication mk2,2,Cells,166,1.04t,H05,H07,684,821,33,31
H07,Cell Multiplication mk2,3,Cells,166,203t,H05,H07,684,821,33,31
H07,Cell Multiplication mk2,4,Cells,166,49.1qa,H05,H07,684,821,33,31
H07,Cell Multiplication mk2,5,Cells,166,14.3qu,H05,H07,684,821,33,31
H07,Cell Multiplication mk2,6,Cells,166,4.90sx,H05,H07,684,821,33,31
H07,Cell Multiplication mk2,7,Cells,166,1.92sp,H05,H07,684,821,33,31
H07,Cell Multiplication mk2,8,Cells,166,854sp,H05,H07,684,821,33,31
H07,Cell Multiplication mk2,9,Cells,166,424o,H05,H07,684,821,33,31
H07,Cell Multiplication mk2,10,Cells,166,232n,H05,H07,684,821,33,31
H09,Looper-Cell mk1,1,Unknown,167,1.20qa,H08,H09,645,784,32,34
H09,Looper-Cell mk1,2,Unknown,167,480qu,H08,H09,645,784,32,34
H09,Looper-Cell mk1,3,Unknown,167,324sp,H08,H09,645,784,32,34
H09,Looper-Cell mk1,4,Unknown,167,307n,H08,H09,645,784,32,34
H09,Looper-Cell mk1,5,Unknown,167,3.75e38,H08,H09,645,784,32,34
H09,Looper-Cell mk1,6,Unknown,167,5.60e44,H08,H09,645,784,32,34
H09,Looper-Cell mk1,7,Unknown,167,9.88e50,H08,H09,645,784,32,34
H09,Looper-Cell mk1,8,Unknown,167,2.01e57,H08,H09,645,784,32,34
H09,Looper-Cell mk1,9,Unknown,167,4.65e63,H08,H09,645,784,32,34
H09,Looper-Cell mk1,10,Unknown,167,1.20e70,H08,H09,645,784,32,34
H08,Instant Diamond B,1,Diamonds,168,100b,"H01,H06",H08,645,821,33,34
H11,Bio-Scientist Output,1,Research,169,600sp,H10,H11,608,906,32,31
H11,Bio-Scientist Output,2,Research,169,1.04o,H10,H11,608,906,32,31
H11,Bio-Scientist Output,3,Research,169,2.02o,H10,H11,608,906,32,31
H11,Bio-Scientist Output,4,Research,169,4.37o,H10,H11,608,906,32,31
H11,Bio-Scientist Output,5,Research,169,10.4o,H10,H11,608,906,32,31
H11,Bio-Scientist Output,6,Research,169,27.2o,H10,H11,608,906,32,31
H11,Bio-Scientist Output,7,Research,169,77.2o,H10,H11,608,906,32,31
H11,Bio-Scientist Output,8,Research,169,237o,H10,H11,608,906,32,31
H11,Bio-Scientist Output,9,Research,169,783o,H10,H11,608,906,32,31
H11,Bio-Scientist Output,10,Research,169,2.77n,H10,H11,608,906,32,31
H11,Bio-Scientist Output,11,Research,169,10.5n,H10,H11,608,906,32,31
H11,Bio-Scientist Output,12,Research,169,42.2n,H10,H11,608,906,32,31
H11,Bio-Scientist Output,13,Research,169,180n,H10,H11,608,906,32,31
H11,Bio-Scientist Output,14,Research,169,813n,H10,H11,608,906,32,31
H11,Bio-Scientist Output,15,Research,169,3.87d,H10,H11,608,906,32,31
H11,Bio-Scientist Output,16,Research,169,19.4d,H10,H11,608,906,32,31
H11,Bio-Scientist Output,17,Research,169,102d,H10,H11,608,906,32,31
H11,Bio-Scientist Output,18,Research,169,561d,H10,H11,608,906,32,31
H11,Bio-Scientist Output,19,Research,169,3.23e36,H10,H11,608,906,32,31
H11,Bio-Scientist Output,20,Research,169,1.94e37,H10,H11,608,906,32,31
H11,Bio-Scientist Output,21,Research,169,1.22e38,H10,H11,608,906,32,31
H11,Bio-Scientist Output,22,Research,169,7.94e38,H10,H11,608,906,32,31
H11,Bio-Scientist Output,23,Research,169,5.38e39,H10,H11,608,906,32,31
H11,Bio-Scientist Output,24,Research,169,3.78e40,H10,H11,608,906,32,31
H11,Bio-Scientist Output,25,Research,169,2.76e41,H10,H11,608,906,32,31
H11,Bio-Scientist Output,26,Research,169,2.08e42,H10,H11,608,906,32,31
H11,Bio-Scientist Output,27,Research,169,1.63e43,H10,H11,608,906,32,31
H11,Bio-Scientist Output,28,Research,169,1.31e44,H10,H11,608,906,32,31
H11,Bio-Scientist Output,29,Research,169,1.09e45,H10,H11,608,906,32,31
H11,Bio-Scientist Output,30,Research,169,9.37e45,H10,H11,608,906,32,31
H11,Bio-Scientist Output,31,Research,169,8.29e46,H10,H11,608,906,32,31
H11,Bio-Scientist Output,32,Research,169,7.55e47,H10,H11,608,906,32,31
H11,Bio-Scientist Output,33,Research,169,7.07e48,H10,H11,608,906,32,31
H11,Bio-Scientist Output,34,Research,169,6.81e49,H10,H11,608,906,32,31
H11,Bio-Scientist Output,35,Research,169,6.74e50,H10,H11,608,906,32,31
H11,Bio-Scientist Output,36,Research,169,6.84e51,H10,H11,608,906,32,31
H11,Bio-Scientist Output,37,Research,169,7.12e52,H10,H11,608,906,32,31
H11,Bio-Scientist Output,38,Research,169,7.61e53,H10,H11,608,906,32,31
H11,Bio-Scientist Output,39,Research,169,8.33e54,H10,H11,608,906,32,31
H11,Bio-Scientist Output,40,Research,169,9.33e55,H10,H11,608,906,32,31
H11,Bio-Scientist Output,41,Research,169,1.07e57,H10,H11,608,906,32,31
H11,Bio-Scientist Output,42,Research,169,1.26e58,H10,H11,608,906,32,31
H11,Bio-Scientist Output,43,Research,169,1.51e59,H10,H11,608,906,32,31
H11,Bio-Scientist Output,44,Research,169,1.85e60,H10,H11,608,906,32,31
H11,Bio-Scientist Output,45,Research,169,2.32e61,H10,H11,608,906,32,31
H11,Bio-Scientist Output,46,Research,169,2.96e62,H10,H11,608,906,32,31
H11,Bio-Scientist Output,47,Research,169,3.87e63,H10,H11,608,906,32,31
H11,Bio-Scientist Output,48,Research,169,5.16e64,H10,H11,608,906,32,31
H11,Bio-Scientist Output,49,Research,169,7.01e65,H10,H11,608,906,32,31
H11,Bio-Scientist Output,50,Research,169,9.71e66,H10,H11,608,906,32,31
H11,Bio-Scientist Output,51,Research,169,1.37e68,H10,H11,608,906,32,31
H11,Bio-Scientist Output,52,Research,169,1.97e69,H10,H11,608,906,32,31
H11,Bio-Scientist Output,53,Research,169,2.89e70,H10,H11,608,906,32,31
H11,Bio-Scientist Output,54,Research,169,4.31e71,H10,H11,608,906,32,31
H11,Bio-Scientist Output,55,Research,169,6.55e72,H10,H11,608,906,32,31
H11,Bio-Scientist Output,56,Research,169,1.01e74,H10,H11,608,906,32,31
H11,Bio-Scientist Output,57,Research,169,1.59e75,H10,H11,608,906,32,31
H11,Bio-Scientist Output,58,Research,169,2.55e76,H10,H11,608,906,32,31
H11,Bio-Scientist Output,59,Research,169,4.14e77,H10,H11,608,906,32,31
H11,Bio-Scientist Output,60,Research,169,6.84e78,H10,H11,608,906,32,31
H11,Bio-Scientist Output,61,Research,169,1.15e80,H10,H11,608,906,32,31
H11,Bio-Scientist Output,62,Research,169,1.96e81,H10,H11,608,906,32,31
H11,Bio-Scientist Output,63,Research,169,3.39e82,H10,H11,608,906,32,31
H11,Bio-Scientist Output,64,Research,169,5.97e83,H10,H11,608,906,32,31
H11,Bio-Scientist Output,65,Research,169,1.07e85,H10,H11,608,906,32,31
H11,Bio-Scientist Output,66,Research,169,1.93e86,H10,H11,608,906,32,31
H11,Bio-Scientist Output,67,Research,169,3.56e87,H10,H11,608,906,32,31
H11,Bio-Scientist Output,68,Research,169,6.64e88,H10,H11,608,906,32,31
H11,Bio-Scientist Output,69,Research,169,1.26e90,H10,H11,608,906,32,31
H11,Bio-Scientist Output,70,Research,169,2.41e91,H10,H11,608,906,32,31
H11,Bio-Scientist Output,71,Research,169,4.70e92,H10,H11,608,906,32,31
H11,Bio-Scientist Output,72,Research,169,9.28e93,H10,H11,608,906,32,31
H11,Bio-Scientist Output,73,Research,169,1.86e95,H10,H11,608,906,32,31
H11,Bio-Scientist Output,74,Research,169,3.76e96,H10,H11,608,906,32,31
H11,Bio-Scientist Output,75,Research,169,7.73e97,H10,H11,608,906,32,31
H11,Bio-Scientist Output,76,Research,169,1.61e99,H10,H11,608,906,32,31
H11,Bio-Scientist Output,77,Research,169,3.39e100,H10,H11,608,906,32,31
H11,Bio-Scientist Output,78,Research,169,7.24e101,H10,H11,608,906,32,31
H11,Bio-Scientist Output,79,Research,169,1.57e103,H10,H11,608,906,32,31
H11,Bio-Scientist Output,80,Research,169,3.43e104,H10,H11,608,906,32,31
H11,Bio-Scientist Output,81,Research,169,7.60e105,H10,H11,608,906,32,31
H11,Bio-Scientist Output,82,Research,169,1.70e107,H10,H11,608,906,32,31
H11,Bio-Scientist Output,83,Research,169,3.87e108,H10,H11,608,906,32,31
H11,Bio-Scientist Output,84,Research,169,8.88e109,H10,H11,608,906,32,31
H11,Bio-Scientist Output,85,Research,169,2.06e111,H10,H11,608,906,32,31
H11,Bio-Scientist Output,86,Research,169,4.85e112,H10,H11,608,906,32,31
H11,Bio-Scientist Output,87,Research,169,1.15e114,H10,H11,608,906,32,31
H11,Bio-Scientist Output,88,Research,169,2.77e115,H10,H11,608,906,32,31
H11,Bio-Scientist Output,89,Research,169,6.74e116,H10,H11,608,906,32,31
H11,Bio-Scientist Output,90,Research,169,1.66e118,H10,H11,608,906,32,31
H11,Bio-Scientist Output,91,Research,169,4.12e119,H10,H11,608,906,32,31
H11,Bio-Scientist Output,92,Research,169,1.03e121,H10,H11,608,906,32,31
H11,Bio-Scientist Output,93,Research,169,2.63e122,H10,H11,608,906,32,31
H11,Bio-Scientist Output,94,Research,169,6.74e123,H10,H11,608,906,32,31
H11,Bio-Scientist Output,95,Research,169,1.75e125,H10,H11,608,906,32,31
H11,Bio-Scientist Output,96,Research,169,4.58e126,H10,H11,608,906,32,31
H11,Bio-Scientist Output,97,Research,169,1.21e128,H10,H11,608,906,32,31
H11,Bio-Scientist Output,98,Research,169,3.24e129,H10,H11,608,906,32,31
H11,Bio-Scientist Output,99,Research,169,8.75e130,H10,H11,608,906,32,31
H11,Bio-Scientist Output,100,Research,169,2.39e132,H10,H11,608,906,32,31
H11,Bio-Scientist Output,101,Research,169,6.58e133,H10,H11,608,906,32,31
H11,Bio-Scientist Output,102,Research,169,1.83e135,H10,H11,608,906,32,31
H11,Bio-Scientist Output,103,Research,169,5.14e136,H10,H11,608,906,32,31
H11,Bio-Scientist Output,104,Research,169,1.46e138,H10,H11,608,906,32,31
H11,Bio-Scientist Output,105,Research,169,4.17e139,H10,H11,608,906,32,31
H11,Bio-Scientist Output,106,Research,169,1.21e141,H10,H11,608,906,32,31
H11,Bio-Scientist Output,107,Research,169,3.52e142,H10,H11,608,906,32,31
H11,Bio-Scientist Output,108,Research,169,1.04e144,H10,H11,608,906,32,31
H11,Bio-Scientist Output,109,Research,169,3.08e145,H10,H11,608,906,32,31
H11,Bio-Scientist Output,110,Research,169,9.22e146,H10,H11,608,906,32,31
H11,Bio-Scientist Output,111,Research,169,2.79e148,H10,H11,608,906,32,31
H11,Bio-Scientist Output,112,Research,169,8.51e149,H10,H11,608,906,32,31
H11,Bio-Scientist Output,113,Research,169,2.62e151,H10,H11,608,906,32,31
H11,Bio-Scientist Output,114,Research,169,8.14e152,H10,H11,608,906,32,31
H11,Bio-Scientist Output,115,Research,169,2.55e154,H10,H11,608,906,32,31
H11,Bio-Scientist Output,116,Research,169,8.06e155,H10,H11,608,906,32,31
H11,Bio-Scientist Output,117,Research,169,2.57e157,H10,H11,608,906,32,31
H11,Bio-Scientist Output,118,Research,169,8.25e158,H10,H11,608,906,32,31
H11,Bio-Scientist Output,119,Research,169,2.68e160,H10,H11,608,906,32,31
H11,Bio-Scientist Output,120,Research,169,8.74e161,H10,H11,608,906,32,31
H11,Bio-Scientist Output,121,Research,169,2.88e163,H10,H11,608,906,32,31
H11,Bio-Scientist Output,122,Research,169,9.57e164,H10,H11,608,906,32,31
H11,Bio-Scientist Output,123,Research,169,3.21e166,H10,H11,608,906,32,31
H11,Bio-Scientist Output,124,Research,169,1.08e168,H10,H11,608,906,32,31
H11,Bio-Scientist Output,125,Research,169,3.68e169,H10,H11,608,906,32,31
H11,Bio-Scientist Output,126,Research,169,1.26e171,H10,H11,608,906,32,31
H11,Bio-Scientist Output,127,Research,169,4.37e172,H10,H11,608,906,32,31
H11,Bio-Scientist Output,128,Research,169,1.52e174,H10,H11,608,906,32,31
H11,Bio-Scientist Output,129,Research,169,5.35e175,H10,H11,608,906,32,31
H11,Bio-Scientist Output,130,Research,169,1.89e177,H10,H11,608,906,32,31
H11,Bio-Scientist Output,131,Research,169,6.75e178,H10,H11,608,906,32,31
H11,Bio-Scientist Output,132,Research,169,2.42e180,H10,H11,608,906,32,31
H11,Bio-Scientist Output,133,Research,169,8.77e181,H10,H11,608,906,32,31
H11,Bio-Scientist Output,134,Research,169,3.20e183,H10,H11,608,906,32,31
H11,Bio-Scientist Output,135,Research,169,1.18e185,H10,H11,608,906,32,31
H11,Bio-Scientist Output,136,Research,169,4.35e186,H10,H11,608,906,32,31
H11,Bio-Scientist Output,137,Research,169,1.62e188,H10,H11,608,906,32,31
H11,Bio-Scientist Output,138,Research,169,6.09e189,H10,H11,608,906,32,31
H11,Bio-Scientist Output,139,Research,169,2.30e191,H10,H11,608,906,32,31
H11,Bio-Scientist Output,140,Research,169,8.78e192,H10,H11,608,906,32,31
H11,Bio-Scientist Output,141,Research,169,3.37e194,H10,H11,608,906,32,31
H11,Bio-Scientist Output,142,Research,169,1.30e196,H10,H11,608,906,32,31
H11,Bio-Scientist Output,143,Research,169,5.06e197,H10,H11,608,906,32,31
H11,Bio-Scientist Output,144,Research,169,1.98e199,H10,H11,608,906,32,31
H11,Bio-Scientist Output,145,Research,169,7.82e200,H10,H11,608,906,32,31
H11,Bio-Scientist Output,146,Research,169,3.11e202,H10,H11,608,906,32,31
H11,Bio-Scientist Output,147,Research,169,1.24e204,H10,H11,608,906,32,31
H11,Bio-Scientist Output,148,Research,169,5.00e205,H10,H11,608,906,32,31
H11,Bio-Scientist Output,149,Research,169,2.03e207,H10,H11,608,906,32,31
H11,Bio-Scientist Output,150,Research,169,8.27e208,H10,H11,608,906,32,31
H11,Bio-Scientist Output,151,Research,169,3.40e210,H10,H11,608,906,32,31
H11,Bio-Scientist Output,152,Research,169,1.40e212,H10,H11,608,906,32,31
H11,Bio-Scientist Output,153,Research,169,5.84e213,H10,H11,608,906,32,31
H11,Bio-Scientist Output,154,Research,169,2.45e215,H10,H11,608,906,32,31
H11,Bio-Scientist Output,155,Research,169,1.03e217,H10,H11,608,906,32,31
H11,Bio-Scientist Output,156,Research,169,4.38e218,H10,H11,608,906,32,31
H11,Bio-Scientist Output,157,Research,169,1.87e220,H10,H11,608,906,32,31
H11,Bio-Scientist Output,158,Research,169,8.03e221,H10,H11,608,906,32,31
H11,Bio-Scientist Output,159,Research,169,3.47e223,H10,H11,608,906,32,31
H11,Bio-Scientist Output,160,Research,169,1.51e225,H10,H11,608,906,32,31
H11,Bio-Scientist Output,161,Research,169,6.62e226,H10,H11,608,906,32,31
H11,Bio-Scientist Output,162,Research,169,2.91e228,H10,H11,608,906,32,31
H11,Bio-Scientist Output,163,Research,169,1.29e230,H10,H11,608,906,32,31
H11,Bio-Scientist Output,164,Research,169,5.76e231,H10,H11,608,906,32,31
H11,Bio-Scientist Output,165,Research,169,2.58e233,H10,H11,608,906,32,31
H11,Bio-Scientist Output,166,Research,169,1.17e235,H10,H11,608,906,32,31
H11,Bio-Scientist Output,167,Research,169,5.30e236,H10,H11,608,906,32,31
H11,Bio-Scientist Output,168,Research,169,2.42e238,H10,H11,608,906,32,31
H11,Bio-Scientist Output,169,Research,169,1.11e240,H10,H11,608,906,32,31
H11,Bio-Scientist Output,170,Research,169,5.14e241,H10,H11,608,906,32,31
H11,Bio-Scientist Output,171,Research,169,2.39e243,H10,H11,608,906,32,31
H11,Bio-Scientist Output,172,Research,169,1.12e245,H10,H11,608,906,32,31
H11,Bio-Scientist Output,173,Research,169,5.25e246,H10,H11,608,906,32,31
H11,Bio-Scientist Output,174,Research,169,2.49e248,H10,H11,608,906,32,31
H11,Bio-Scientist Output,175,Research,169,1.18e250,H10,H11,608,906,32,31
H11,Bio-Scientist Output,176,Research,169,5.66e251,H10,H11,608,906,32,31
H11,Bio-Scientist Output,177,Research,169,2.72e253,H10,H11,608,906,32,31
H11,Bio-Scientist Output,178,Research,169,1.32e255,H10,H11,608,906,32,31
H11,Bio-Scientist Output,179,Research,169,6.41e256,H10,H11,608,906,32,31
H11,Bio-Scientist Output,180,Research,169,3.14e258,H10,H11,608,906,32,31
H11,Bio-Scientist Output,181,Research,169,1.54e260,H10,H11,608,906,32,31
H11,Bio-Scientist Output,182,Research,169,7.64e261,H10,H11,608,906,32,31
H11,Bio-Scientist Output,183,Research,169,3.80e263,H10,H11,608,906,32,31
H11,Bio-Scientist Output,184,Research,169,1.90e265,H10,H11,608,906,32,31
H11,Bio-Scientist Output,185,Research,169,9.55e266,H10,H11,608,906,32,31
H11,Bio-Scientist Output,186,Research,169,4.83e268,H10,H11,608,906,32,31
H11,Bio-Scientist Output,187,Research,169,2.46e270,H10,H11,608,906,32,31
H11,Bio-Scientist Output,188,Research,169,1.25e272,H10,H11,608,906,32,31
H11,Bio-Scientist Output,189,Research,169,6.45e273,H10,H11,608,906,32,31
H11,Bio-Scientist Output,190,Research,169,3.33e275,H10,H11,608,906,32,31
H11,Bio-Scientist Output,191,Research,169,1.73e277,H10,H11,608,906,32,31
H11,Bio-Scientist Output,192,Research,169,9.02e278,H10,H11,608,906,32,31
H11,Bio-Scientist Output,193,Research,169,4.73e280,H10,H11,608,906,32,31
H11,Bio-Scientist Output,194,Research,169,2.49e282,H10,H11,608,906,32,31
H11,Bio-Scientist Output,195,Research,169,1.32e284,H10,H11,608,906,32,31
H11,Bio-Scientist Output,196,Research,169,7.04e285,H10,H11,608,906,32,31
H11,Bio-Scientist Output,197,Research,169,3.77e287,H10,H11,608,906,32,31
H11,Bio-Scientist Output,198,Research,169,2.03e289,H10,H11,608,906,32,31
H11,Bio-Scientist Output,199,Research,169,1.10e291,H10,H11,608,906,32,31
H11,Bio-Scientist Output,200,Research,169,5.96e292,H10,H11,608,906,32,31
H11,Bio-Scientist Output,201,Research,169,3.26e294,H10,H11,608,906,32,31
H11,Bio-Scientist Output,202,Research,169,1.79e296,H10,H11,608,906,32,31
H11,Bio-Scientist Output,203,Research,169,9.87e297,H10,H11,608,906,32,31
H11,Bio-Scientist Output,204,Research,169,5.47e299,H10,H11,608,906,32,31
H11,Bio-Scientist Output,205,Research,169,3.05e301,H10,H11,608,906,32,31
H11,Bio-Scientist Output,206,Research,169,1.71e303,H10,H11,608,906,32,31
H11,Bio-Scientist Output,207,Research,169,9.60e304,H10,H11,608,906,32,31
H11,Bio-Scientist Output,208,Research,169,5.43e306,H10,H11,608,906,32,31
H11,Bio-Scientist Output,209,Research,169,3.08e308,H10,H11,608,906,32,31
H11,Bio-Scientist Output,210,Research,169,1.76e310,H10,H11,608,906,32,31
H11,Bio-Scientist Output,211,Research,169,1.01e312,H10,H11,608,906,32,31
H11,Bio-Scientist Output,212,Research,169,5.81e313,H10,H11,608,906,32,31
H11,Bio-Scientist Output,213,Research,169,3.36e315,H10,H11,608,906,32,31
H11,Bio-Scientist Output,214,Research,169,1.96e317,H10,H11,608,906,32,31
H11,Bio-Scientist Output,215,Research,169,1.14e319,H10,H11,608,906,32,31
H11,Bio-Scientist Output,216,Research,169,6.71e320,H10,H11,608,906,32,31
H11,Bio-Scientist Output,217,Research,169,3.95e322,H10,H11,608,906,32,31
H11,Bio-Scientist Output,218,Research,169,2.34e324,H10,H11,608,906,32,31
H11,Bio-Scientist Output,219,Research,169,1.39e326,H10,H11,608,906,32,31
H11,Bio-Scientist Output,220,Research,169,8.33e327,H10,H11,608,906,32,31
H11,Bio-Scientist Output,221,Research,169,5.00e329,H10,H11,608,906,32,31
H11,Bio-Scientist Output,222,Research,169,3.02e331,H10,H11,608,906,32,31
H11,Bio-Scientist Output,223,Research,169,1.83e333,H10,H11,608,906,32,31
H11,Bio-Scientist Output,224,Research,169,1.11e335,H10,H11,608,906,32,31
H11,Bio-Scientist Output,225,Research,169,6.81e336,H10,H11,608,906,32,31
H11,Bio-Scientist Output,226,Research,169,4.18e338,H10,H11,608,906,32,31
H11,Bio-Scientist Output,227,Research,169,2.58e340,H10,H11,608,906,32,31
H11,Bio-Scientist Output,228,Research,169,1.60e342,H10,H11,608,906,32,31
H11,Bio-Scientist Output,229,Research,169,9.94e343,H10,H11,608,906,32,31
H11,Bio-Scientist Output,230,Research,169,6.21e345,H10,H11,608,906,32,31
H11,Bio-Scientist Output,231,Research,169,3.90e347,H10,H11,608,906,32,31
H11,Bio-Scientist Output,232,Research,169,2.46e349,H10,H11,608,906,32,31
H11,Bio-Scientist Output,233,Research,169,1.56e351,H10,H11,608,906,32,31
H11,Bio-Scientist Output,234,Research,169,9.89e352,H10,H11,608,906,32,31
H11,Bio-Scientist Output,235,Research,169,6.32e354,H10,H11,608,906,32,31
H11,Bio-Scientist Output,236,Research,169,4.05e356,H10,H11,608,906,32,31
H11,Bio-Scientist Output,237,Research,169,2.61e358,H10,H11,608,906,32,31
H11,Bio-Scientist Output,238,Research,169,1.69e360,H10,H11,608,906,32,31
H11,Bio-Scientist Output,239,Research,169,1.10e362,H10,H11,608,906,32,31
H11,Bio-Scientist Output,240,Research,169,7.14e363,H10,H11,608,906,32,31
H11,Bio-Scientist Output,241,Research,169,4.68e365,H10,H11,608,906,32,31
H11,Bio-Scientist Output,242,Research,169,3.08e367,H10,H11,608,906,32,31
H11,Bio-Scientist Output,243,Research,169,2.03e369,H10,H11,608,906,32,31
H11,Bio-Scientist Output,244,Research,169,1.35e371,H10,H11,608,906,32,31
H11,Bio-Scientist Output,245,Research,169,8.96e372,H10,H11,608,906,32,31
H11,Bio-Scientist Output,246,Research,169,5.99e374,H10,H11,608,906,32,31
H11,Bio-Scientist Output,247,Research,169,4.02e376,H10,H11,608,906,32,31
H11,Bio-Scientist Output,248,Research,169,2.71e378,H10,H11,608,906,32,31
H11,Bio-Scientist Output,249,Research,169,1.83e380,H10,H11,608,906,32,31
H11,Bio-Scientist Output,250,Research,169,1.24e382,H10,H11,608,906,32,31
H11,Bio-Scientist Output,251,Research,169,8.49e383,H10,H11,608,906,32,31
H11,Bio-Scientist Output,252,Research,169,5.81e385,H10,H11,608,906,32,31
H11,Bio-Scientist Output,253,Research,169,3.99e387,H10,H11,608,906,32,31
H11,Bio-Scientist Output,254,Research,169,2.76e389,H10,H11,608,906,32,31
H11,Bio-Scientist Output,255,Research,169,1.91e391,H10,H11,608,906,32,31
H11,Bio-Scientist Output,256,Research,169,1.33e393,H10,H11,608,906,32,31
H11,Bio-Scientist Output,257,Research,169,9.27e394,H10,H11,608,906,32,31
H11,Bio-Scientist Output,258,Research,169,6.50e396,H10,H11,608,906,32,31
H11,Bio-Scientist Output,259,Research,169,4.57e398,H10,H11,608,906,32,31
H10,Multi-Task Enhance,1,Research,170,6.00sp,H08,H10,644,907,31,34
H10,Multi-Task Enhance,2,Research,170,366o,H08,H10,644,907,31,34
H10,Multi-Task Enhance,3,Research,170,50.2d,H08,H10,644,907,31,34
H10,Multi-Task Enhance,4,Research,170,1.09e40,H08,H10,644,907,31,34
H10,Multi-Task Enhance,5,Research,170,3.24e45,H08,H10,644,907,31,34
H10,Multi-Task Enhance,6,Research,170,1.23e51,H08,H10,644,907,31,34
H10,Multi-Task Enhance,7,Research,170,5.66e56,H08,H10,644,907,31,34
H10,Multi-Task Enhance,8,Research,170,3.07e62,H08,H10,644,907,31,34
H10,Multi-Task Enhance,9,Research,170,1.92e68,H08,H10,644,907,31,34
H12,Bio-Scientist Cost,1,Research,171,60.0o,H10,H12,683,906,32,34
H12,Bio-Scientist Cost,2,Research,171,424o,H10,H12,683,906,32,34
H12,Bio-Scientist Cost,3,Research,171,3.14n,H10,H12,683,906,32,34
H12,Bio-Scientist Cost,4,Research,171,24.6n,H10,H12,683,906,32,34
H12,Bio-Scientist Cost,5,Research,171,207n,H10,H12,683,906,32,34
H12,Bio-Scientist Cost,6,Research,171,1.86d,H10,H12,683,906,32,34
H12,Bio-Scientist Cost,7,Research,171,17.8d,H10,H12,683,906,32,34
H12,Bio-Scientist Cost,8,Research,171,182d,H10,H12,683,906,32,34
H12,Bio-Scientist Cost,9,Research,171,1.98e36,H10,H12,683,906,32,34
H12,Bio-Scientist Cost,10,Research,171,2.28e37,H10,H12,683,906,32,34
H12,Bio-Scientist Cost,11,Research,171,2.79e38,H10,H12,683,906,32,34
H12,Bio-Scientist Cost,12,Research,171,3.61e39,H10,H12,683,906,32,34
H12,Bio-Scientist Cost,13,Research,171,4.91e40,H10,H12,683,906,32,34
H12,Bio-Scientist Cost,14,Research,171,7.03e41,H10,H12,683,906,32,34
H12,Bio-Scientist Cost,15,Research,171,1.06e43,H10,H12,683,906,32,34
H12,Bio-Scientist Cost,16,Research,171,1.67e44,H10,H12,683,906,32,34
H12,Bio-Scientist Cost,17,Research,171,2.75e45,H10,H12,683,906,32,34
H12,Bio-Scientist Cost,18,Research,171,4.74e46,H10,H12,683,906,32,34
H12,Bio-Scientist Cost,19,Research,171,8.51e47,H10,H12,683,906,32,34
H12,Bio-Scientist Cost,20,Research,171,1.59e49,H10,H12,683,906,32,34
H12,Bio-Scientist Cost,21,Research,171,3.09e50,H10,H12,683,906,32,34
H12,Bio-Scientist Cost,22,Research,171,6.25e51,H10,H12,683,906,32,34
H12,Bio-Scientist Cost,23,Research,171,1.31e53,H10,H12,683,906,32,34
H12,Bio-Scientist Cost,24,Research,171,2.84e54,H10,H12,683,906,32,34
H12,Bio-Scientist Cost,25,Research,171,6.38e55,H10,H12,683,906,32,34
H12,Bio-Scientist Cost,26,Research,171,1.48e57,H10,H12,683,906,32,34
H12,Bio-Scientist Cost,27,Research,171,3.56e58,H10,H12,683,906,32,34
H12,Bio-Scientist Cost,28,Research,171,8.80e59,H10,H12,683,906,32,34
H12,Bio-Scientist Cost,29,Research,171,2.25e61,H10,H12,683,906,32,34
H12,Bio-Scientist Cost,30,Research,171,5.90e62,H10,H12,683,906,32,34
H12,Bio-Scientist Cost,31,Research,171,1.60e64,H10,H12,683,906,32,34
H12,Bio-Scientist Cost,32,Research,171,4.45e65,H10,H12,683,906,32,34
H12,Bio-Scientist Cost,33,Research,171,1.27e67,H10,H12,683,906,32,34
H12,Bio-Scientist Cost,34,Research,171,3.74e68,H10,H12,683,906,32,34
H12,Bio-Scientist Cost,35,Research,171,1.13e70,H10,H12,683,906,32,34
H12,Bio-Scientist Cost,36,Research,171,3.49e71,H10,H12,683,906,32,34
H12,Bio-Scientist Cost,37,Research,171,1.11e73,H10,H12,683,906,32,34
H12,Bio-Scientist Cost,38,Research,171,3.59e74,H10,H12,683,906,32,34
H12,Bio-Scientist Cost,39,Research,171,1.20e76,H10,H12,683,906,32,34
H12,Bio-Scientist Cost,40,Research,171,4.08e77,H10,H12,683,906,32,34
H12,Bio-Scientist Cost,41,Research,171,1.42e79,H10,H12,683,906,32,34
H12,Bio-Scientist Cost,42,Research,171,5.06e80,H10,H12,683,906,32,34
H12,Bio-Scientist Cost,43,Research,171,1.84e82,H10,H12,683,906,32,34
H12,Bio-Scientist Cost,44,Research,171,6.86e83,H10,H12,683,906,32,34
H12,Bio-Scientist Cost,45,Research,171,2.61e85,H10,H12,683,906,32,34
H12,Bio-Scientist Cost,46,Research,171,1.01e87,H10,H12,683,906,32,34
H12,Bio-Scientist Cost,47,Research,171,4.00e88,H10,H12,683,906,32,34
H12,Bio-Scientist Cost,48,Research,171,1.62e90,H10,H12,683,906,32,34
H12,Bio-Scientist Cost,49,Research,171,6.65e91,H10,H12,683,906,32,34
H12,Bio-Scientist Cost,50,Research,171,2.79e93,H10,H12,683,906,32,34
H12,Bio-Scientist Cost,51,Research,171,1.19e95,H10,H12,683,906,32,34
H12,Bio-Scientist Cost,52,Research,171,5.20e96,H10,H12,683,906,32,34
H12,Bio-Scientist Cost,53,Research,171,2.30e98,H10,H12,683,906,32,34
H12,Bio-Scientist Cost,54,Research,171,1.04e100,H10,H12,683,906,32,34
H12,Bio-Scientist Cost,55,Research,171,4.78e101,H10,H12,683,906,32,34
H12,Bio-Scientist Cost,56,Research,171,2.23e103,H10,H12,683,906,32,34
H12,Bio-Scientist Cost,57,Research,171,1.06e105,H10,H12,683,906,32,34
H12,Bio-Scientist Cost,58,Research,171,5.12e106,H10,H12,683,906,32,34
H12,Bio-Scientist Cost,59,Research,171,2.52e108,H10,H12,683,906,32,34
H12,Bio-Scientist Cost,60,Research,171,1.26e110,H10,H12,683,906,32,34
H12,Bio-Scientist Cost,61,Research,171,6.37e111,H10,H12,683,906,32,34
H12,Bio-Scientist Cost,62,Research,171,3.28e113,H10,H12,683,906,32,34
H12,Bio-Scientist Cost,63,Research,171,1.72e115,H10,H12,683,906,32,34
H12,Bio-Scientist Cost,64,Research,171,9.11e116,H10,H12,683,906,32,34
H12,Bio-Scientist Cost,65,Research,171,4.91e118,H10,H12,683,906,32,34
H12,Bio-Scientist Cost,66,Research,171,2.69e120,H10,H12,683,906,32,34
H12,Bio-Scientist Cost,67,Research,171,1.49e122,H10,H12,683,906,32,34
H12,Bio-Scientist Cost,68,Research,171,8.40e123,H10,H12,683,906,32,34
H12,Bio-Scientist Cost,69,Research,171,4.80e125,H10,H12,683,906,32,34
H12,Bio-Scientist Cost,70,Research,171,2.78e127,H10,H12,683,906,32,34
H12,Bio-Scientist Cost,71,Research,171,1.63e129,H10,H12,683,906,32,34
H12,Bio-Scientist Cost,72,Research,171,9.71e130,H10,H12,683,906,32,34
H12,Bio-Scientist Cost,73,Research,171,5.86e132,H10,H12,683,906,32,34
H12,Bio-Scientist Cost,74,Research,171,3.58e134,H10,H12,683,906,32,34
H12,Bio-Scientist Cost,75,Research,171,2.22e136,H10,H12,683,906,32,34
H12,Bio-Scientist Cost,76,Research,171,1.39e138,H10,H12,683,906,32,34
H12,Bio-Scientist Cost,77,Research,171,8.83e139,H10,H12,683,906,32,34
H12,Bio-Scientist Cost,78,Research,171,5.68e141,H10,H12,683,906,32,34
H12,Bio-Scientist Cost,79,Research,171,3.70e143,H10,H12,683,906,32,34
H12,Bio-Scientist Cost,80,Research,171,2.44e145,H10,H12,683,906,32,34
H12,Bio-Scientist Cost,81,Research,171,1.63e147,H10,H12,683,906,32,34
H12,Bio-Scientist Cost,82,Research,171,1.10e149,H10,H12,683,906,32,34
H12,Bio-Scientist Cost,83,Research,171,7.52e150,H10,H12,683,906,32,34
H12,Bio-Scientist Cost,84,Research,171,5.20e152,H10,H12,683,906,32,34
H12,Bio-Scientist Cost,85,Research,171,3.64e154,H10,H12,683,906,32,34
H12,Bio-Scientist Cost,86,Research,171,2.58e156,H10,H12,683,906,32,34
H12,Bio-Scientist Cost,87,Research,171,1.84e158,H10,H12,683,906,32,34
H12,Bio-Scientist Cost,88,Research,171,1.33e160,H10,H12,683,906,32,34
H12,Bio-Scientist Cost,89,Research,171,9.77e161,H10,H12,683,906,32,34
H12,Bio-Scientist Cost,90,Research,171,7.23e163,H10,H12,683,906,32,34
H12,Bio-Scientist Cost,91,Research,171,5.41e165,H10,H12,683,906,32,34
H12,Bio-Scientist Cost,92,Research,171,4.09e167,H10,H12,683,906,32,34
H12,Bio-Scientist Cost,93,Research,171,3.12e169,H10,H12,683,906,32,34
H12,Bio-Scientist Cost,94,Research,171,2.41e171,H10,H12,683,906,32,34
H12,Bio-Scientist Cost,95,Research,171,1.88e173,H10,H12,683,906,32,34
H12,Bio-Scientist Cost,96,Research,171,1.48e175,H10,H12,683,906,32,34
H12,Bio-Scientist Cost,97,Research,171,1.18e177,H10,H12,683,906,32,34
H12,Bio-Scientist Cost,98,Research,171,9.51e178,H10,H12,683,906,32,34
H12,Bio-Scientist Cost,99,Research,171,7.73e180,H10,H12,683,906,32,34
H12,Bio-Scientist Cost,100,Research,171,6.34e182,H10,H12,683,906,32,34
H12,Bio-Scientist Cost,101,Research,171,5.26e184,H10,H12,683,906,32,34
H12,Bio-Scientist Cost,102,Research,171,4.40e186,H10,H12,683,906,32,34
H12,Bio-Scientist Cost,103,Research,171,3.72e188,H10,H12,683,906,32,34
H12,Bio-Scientist Cost,104,Research,171,3.17e190,H10,H12,683,906,32,34
H12,Bio-Scientist Cost,105,Research,171,2.73e192,H10,H12,683,906,32,34
H12,Bio-Scientist Cost,106,Research,171,2.37e194,H10,H12,683,906,32,34
H12,Bio-Scientist Cost,107,Research,171,2.08e196,H10,H12,683,906,32,34
H12,Bio-Scientist Cost,108,Research,171,1.84e198,H10,H12,683,906,32,34
H12,Bio-Scientist Cost,109,Research,171,1.65e200,H10,H12,683,906,32,34
H12,Bio-Scientist Cost,110,Research,171,1.48e202,H10,H12,683,906,32,34
H12,Bio-Scientist Cost,111,Research,171,1.35e204,H10,H12,683,906,32,34
H12,Bio-Scientist Cost,112,Research,171,1.24e206,H10,H12,683,906,32,34
H12,Bio-Scientist Cost,113,Research,171,1.15e208,H10,H12,683,906,32,34
H12,Bio-Scientist Cost,114,Research,171,1.07e210,H10,H12,683,906,32,34
H12,Bio-Scientist Cost,115,Research,171,1.01e212,H10,H12,683,906,32,34
H12,Bio-Scientist Cost,116,Research,171,9.58e213,H10,H12,683,906,32,34
H12,Bio-Scientist Cost,117,Research,171,9.18e215,H10,H12,683,906,32,34
H12,Bio-Scientist Cost,118,Research,171,8.87e217,H10,H12,683,906,32,34
H12,Bio-Scientist Cost,119,Research,171,8.65e219,H10,H12,683,906,32,34
H12,Bio-Scientist Cost,120,Research,171,8.49e221,H10,H12,683,906,32,34
H12,Bio-Scientist Cost,121,Research,171,8.41e223,H10,H12,683,906,32,34
H12,Bio-Scientist Cost,122,Research,171,8.40e225,H10,H12,683,906,32,34
H12,Bio-Scientist Cost,123,Research,171,8.46e227,H10,H12,683,906,32,34
H12,Bio-Scientist Cost,124,Research,171,8.58e229,H10,H12,683,906,32,34
H12,Bio-Scientist Cost,125,Research,171,8.78e231,H10,H12,683,906,32,34
H12,Bio-Scientist Cost,126,Research,171,9.05e233,H10,H12,683,906,32,34
H12,Bio-Scientist Cost,127,Research,171,9.41e235,H10,H12,683,906,32,34
H12,Bio-Scientist Cost,128,Research,171,9.85e237,H10,H12,683,906,32,34
H12,Bio-Scientist Cost,129,Research,171,1.04e240,H10,H12,683,906,32,34
H12,Bio-Scientist Cost,130,Research,171,1.11e242,H10,H12,683,906,32,34
H12,Bio-Scientist Cost,131,Research,171,1.19e244,H10,H12,683,906,32,34
H12,Bio-Scientist Cost,132,Research,171,1.28e246,H10,H12,683,906,32,34
H12,Bio-Scientist Cost,133,Research,171,1.39e248,H10,H12,683,906,32,34
H12,Bio-Scientist Cost,134,Research,171,1.53e250,H10,H12,683,906,32,34
H12,Bio-Scientist Cost,135,Research,171,1.68e252,H10,H12,683,906,32,34
H12,Bio-Scientist Cost,136,Research,171,1.87e254,H10,H12,683,906,32,34
H12,Bio-Scientist Cost,137,Research,171,2.10e256,H10,H12,683,906,32,34
H12,Bio-Scientist Cost,138,Research,171,2.37e258,H10,H12,683,906,32,34
H12,Bio-Scientist Cost,139,Research,171,2.69e260,H10,H12,683,906,32,34
H12,Bio-Scientist Cost,140,Research,171,3.08e262,H10,H12,683,906,32,34
H12,Bio-Scientist Cost,141,Research,171,3.55e264,H10,H12,683,906,32,34
H12,Bio-Scientist Cost,142,Research,171,4.12e266,H10,H12,683,906,32,34
H12,Bio-Scientist Cost,143,Research,171,4.81e268,H10,H12,683,906,32,34
H12,Bio-Scientist Cost,144,Research,171,5.67e270,H10,H12,683,906,32,34
H12,Bio-Scientist Cost,145,Research,171,6.72e272,H10,H12,683,906,32,34
H12,Bio-Scientist Cost,146,Research,171,8.01e274,H10,H12,683,906,32,34
H12,Bio-Scientist Cost,147,Research,171,9.63e276,H10,H12,683,906,32,34
H12,Bio-Scientist Cost,148,Research,171,1.16e279,H10,H12,683,906,32,34
H12,Bio-Scientist Cost,149,Research,171,1.42e281,H10,H12,683,906,32,34
H12,Bio-Scientist Cost,150,Research,171,1.74e283,H10,H12,683,906,32,34
H12,Bio-Scientist Cost,151,Research,171,2.14e285,H10,H12,683,906,32,34
H12,Bio-Scientist Cost,152,Research,171,2.66e287,H10,H12,683,906,32,34
H12,Bio-Scientist Cost,153,Research,171,3.33e289,H10,H12,683,906,32,34
H12,Bio-Scientist Cost,154,Research,171,4.19e291,H10,H12,683,906,32,34
H12,Bio-Scientist Cost,155,Research,171,5.30e293,H10,H12,683,906,32,34
H12,Bio-Scientist Cost,156,Research,171,6.76e295,H10,H12,683,906,32,34
H12,Bio-Scientist Cost,157,Research,171,8.67e297,H10,H12,683,906,32,34
H12,Bio-Scientist Cost,158,Research,171,1.12e300,H10,H12,683,906,32,34
H12,Bio-Scientist Cost,159,Research,171,1.45e302,H10,H12,683,906,32,34
H12,Bio-Scientist Cost,160,Research,171,1.90e304,H10,H12,683,906,32,34
H12,Bio-Scientist Cost,161,Research,171,2.50e306,H10,H12,683,906,32,34
H12,Bio-Scientist Cost,162,Research,171,3.30e308,H10,H12,683,906,32,34
H12,Bio-Scientist Cost,163,Research,171,4.40e310,H10,H12,683,906,32,34
H12,Bio-Scientist Cost,164,Research,171,5.89e312,H10,H12,683,906,32,34
H12,Bio-Scientist Cost,165,Research,171,7.94e314,H10,H12,683,906,32,34
H12,Bio-Scientist Cost,166,Research,171,1.08e317,H10,H12,683,906,32,34
H12,Bio-Scientist Cost,167,Research,171,1.47e319,H10,H12,683,906,32,34
H12,Bio-Scientist Cost,168,Research,171,2.01e321,H10,H12,683,906,32,34
H12,Bio-Scientist Cost,169,Research,171,2.78e323,H10,H12,683,906,32,34
H12,Bio-Scientist Cost,170,Research,171,3.86e325,H10,H12,683,906,32,34
H12,Bio-Scientist Cost,171,Research,171,5.38e327,H10,H12,683,906,32,34
H12,Bio-Scientist Cost,172,Research,171,7.56e329,H10,H12,683,906,32,34
H12,Bio-Scientist Cost,173,Research,171,1.07e332,H10,H12,683,906,32,34
H12,Bio-Scientist Cost,174,Research,171,1.52e334,H10,H12,683,906,32,34
H12,Bio-Scientist Cost,175,Research,171,2.17e336,H10,H12,683,906,32,34
H12,Bio-Scientist Cost,176,Research,171,3.11e338,H10,H12,683,906,32,34
H12,Bio-Scientist Cost,177,Research,171,4.50e340,H10,H12,683,906,32,34
H12,Bio-Scientist Cost,178,Research,171,6.54e342,H10,H12,683,906,32,34
H12,Bio-Scientist Cost,179,Research,171,9.55e344,H10,H12,683,906,32,34
H12,Bio-Scientist Cost,180,Research,171,1.40e347,H10,H12,683,906,32,34
H12,Bio-Scientist Cost,181,Research,171,2.07e349,H10,H12,683,906,32,34
H12,Bio-Scientist Cost,182,Research,171,3.08e351,H10,H12,683,906,32,34
H12,Bio-Scientist Cost,183,Research,171,4.60e353,H10,H12,683,906,32,34
H12,Bio-Scientist Cost,184,Research,171,6.91e355,H10,H12,683,906,32,34
H12,Bio-Scientist Cost,185,Research,171,1.04e358,H10,H12,683,906,32,34
H12,Bio-Scientist Cost,186,Research,171,1.58e360,H10,H12,683,906,32,34
H12,Bio-Scientist Cost,187,Research,171,2.42e362,H10,H12,683,906,32,34
H12,Bio-Scientist Cost,188,Research,171,3.71e364,H10,H12,683,906,32,34
H12,Bio-Scientist Cost,189,Research,171,5.72e366,H10,H12,683,906,32,34
H12,Bio-Scientist Cost,190,Research,171,8.88e368,H10,H12,683,906,32,34
H12,Bio-Scientist Cost,191,Research,171,1.38e371,H10,H12,683,906,32,34
H12,Bio-Scientist Cost,192,Research,171,2.17e373,H10,H12,683,906,32,34
H12,Bio-Scientist Cost,193,Research,171,3.41e375,H10,H12,683,906,32,34
H12,Bio-Scientist Cost,194,Research,171,5.41e377,H10,H12,683,906,32,34
H12,Bio-Scientist Cost,195,Research,171,8.60e379,H10,H12,683,906,32,34
H12,Bio-Scientist Cost,196,Research,171,1.38e382,H10,H12,683,906,32,34
H12,Bio-Scientist Cost,197,Research,171,2.21e384,H10,H12,683,906,32,34
H12,Bio-Scientist Cost,198,Research,171,3.57e386,H10,H12,683,906,32,34
H12,Bio-Scientist Cost,199,Research,171,5.80e388,H10,H12,683,906,32,34
H12,Bio-Scientist Cost,200,Research,171,9.47e390,H10,H12,683,906,32,34
H14,Research Progression,1,MP,172,250d,H13,H14,608,943,32,31
H14,Research Progression,2,MP,172,2.80e46,H13,H14,608,943,32,31
H14,Research Progression,3,MP,172,6.48e57,H13,H14,608,943,32,31
H13,Quick-Study,1,Research,173,6.00n,H10,H13,644,943,32,34
H13,Quick-Study,2,Research,173,8.08e40,H10,H13,644,943,32,34
H13,Quick-Study,3,Research,173,4.04e51,H10,H13,644,943,32,34
H13,Quick-Study,4,Research,173,3.27e62,H10,H13,644,943,32,34
H13,Quick-Study,5,Research,173,3.62e73,H10,H13,644,943,32,34
H13,Quick-Study,6,Research,173,5.05e84,H10,H13,644,943,32,34
H15,Equipment Analysis,1,Research,174,7.00e37,H13,H15,683,943,32,34
H15,Equipment Analysis,2,Research,174,1.96e45,H13,H15,683,943,32,34
H15,Equipment Analysis,3,Research,174,9.26e52,H13,H15,683,943,32,34
H15,Equipment Analysis,4,Research,174,6.15e60,H13,H15,683,943,32,34
H15,Equipment Analysis,5,Research,174,5.25e68,H13,H15,683,943,32,34
H15,Equipment Analysis,6,Research,174,5.49e76,H13,H15,683,943,32,34
H15,Equipment Analysis,7,Research,174,6.78e84,H13,H15,683,943,32,34
H15,Equipment Analysis,8,Research,174,9.67e92,H13,H15,683,943,32,34
H15,Equipment Analysis,9,Research,174,1.56e101,H13,H15,683,943,32,34
H15,Equipment Analysis,10,Research,174,2.82e109,H13,H15,683,943,32,34
H15,Equipment Analysis,11,Research,174,5.64e117,H13,H15,683,943,32,34
H15,Equipment Analysis,12,Research,174,1.23e126,H13,H15,683,943,32,34
H15,Equipment Analysis,13,Research,174,2.93e134,H13,H15,683,943,32,34
H15,Equipment Analysis,14,Research,174,7.54e142,H13,H15,683,943,32,34
H15,Equipment Analysis,15,Research,174,2.08e151,H13,H15,683,943,32,34
H15,Equipment Analysis,16,Research,174,6.13e159,H13,H15,683,943,32,34
H15,Equipment Analysis,17,Research,174,1.92e168,H13,H15,683,943,32,34
H15,Equipment Analysis,18,Research,174,6.41e176,H13,H15,683,943,32,34
H15,Equipment Analysis,19,Research,174,2.26e185,H13,H15,683,943,32,34
H15,Equipment Analysis,20,Research,174,8.37e193,H13,H15,683,943,32,34
H15,Equipment Analysis,21,Research,174,3.26e202,H13,H15,683,943,32,34
H15,Equipment Analysis,22,Research,174,1.33e211,H13,H15,683,943,32,34
H15,Equipment Analysis,23,Research,174,5.71e219,H13,H15,683,943,32,34
H15,Equipment Analysis,24,Research,174,2.56e228,H13,H15,683,943,32,34
H15,Equipment Analysis,25,Research,174,1.19e237,H13,H15,683,943,32,34
H15,Equipment Analysis,26,Research,174,5.78e245,H13,H15,683,943,32,34
H15,Equipment Analysis,27,Research,174,2.91e254,H13,H15,683,943,32,34
H15,Equipment Analysis,28,Research,174,1.52e263,H13,H15,683,943,32,34
H15,Equipment Analysis,29,Research,174,8.27e271,H13,H15,683,943,32,34
H15,Equipment Analysis,30,Research,174,4.64e280,H13,H15,683,943,32,34
H15,Equipment Analysis,31,Research,174,2.69e289,H13,H15,683,943,32,34
H15,Equipment Analysis,32,Research,174,1.61e298,H13,H15,683,943,32,34
H15,Equipment Analysis,33,Research,174,9.98e306,H13,H15,683,943,32,34
H15,Equipment Analysis,34,Research,174,6.36e315,H13,H15,683,943,32,34
H15,Equipment Analysis,35,Research,174,4.18e324,H13,H15,683,943,32,34
H15,Equipment Analysis,36,Research,174,2.82e333,H13,H15,683,943,32,34
H15,Equipment Analysis,37,Research,174,1.96e342,H13,H15,683,943,32,34
H15,Equipment Analysis,38,Research,174,1.40e351,H13,H15,683,943,32,34
H15,Equipment Analysis,39,Research,174,1.02e360,H13,H15,683,943,32,34
H15,Equipment Analysis,40,Research,174,7.70e368,H13,H15,683,943,32,34
H28,mk5-8 Quad Output,1,Cells,175,9.99e285,H26,H28,886,1019,33,34
H28,mk5-8 Quad Output,2,Cells,175,4.00e286,H26,H28,886,1019,33,34
H28,mk5-8 Quad Output,3,Cells,175,1.60e287,H26,H28,886,1019,33,34
H28,mk5-8 Quad Output,4,Cells,175,6.39e287,H26,H28,886,1019,33,34
H28,mk5-8 Quad Output,5,Cells,175,2.56e288,H26,H28,886,1019,33,34
H28,mk5-8 Quad Output,6,Cells,175,1.02e289,H26,H28,886,1019,33,34
H28,mk5-8 Quad Output,7,Cells,175,4.09e289,H26,H28,886,1019,33,34
H28,mk5-8 Quad Output,8,Cells,175,1.64e290,H26,H28,886,1019,33,34
H28,mk5-8 Quad Output,9,Cells,175,6.55e290,H26,H28,886,1019,33,34
H28,mk5-8 Quad Output,10,Cells,175,2.62e291,H26,H28,886,1019,33,34
H28,mk5-8 Quad Output,11,Cells,175,1.05e292,H26,H28,886,1019,33,34
H28,mk5-8 Quad Output,12,Cells,175,4.19e292,H26,H28,886,1019,33,34
H28,mk5-8 Quad Output,13,Cells,175,1.68e293,H26,H28,886,1019,33,34
H28,mk5-8 Quad Output,14,Cells,175,6.70e293,H26,H28,886,1019,33,34
H28,mk5-8 Quad Output,15,Cells,175,2.68e294,H26,H28,886,1019,33,34
H28,mk5-8 Quad Output,16,Cells,175,1.07e295,H26,H28,886,1019,33,34
H28,mk5-8 Quad Output,17,Cells,175,4.29e295,H26,H28,886,1019,33,34
H28,mk5-8 Quad Output,18,Cells,175,1.72e296,H26,H28,886,1019,33,34
H28,mk5-8 Quad Output,19,Cells,175,6.87e296,H26,H28,886,1019,33,34
H28,mk5-8 Quad Output,20,Cells,175,2.75e297,H26,H28,886,1019,33,34
H28,mk5-8 Quad Output,21,Cells,175,1.10e298,H26,H28,886,1019,33,34
H28,mk5-8 Quad Output,22,Cells,175,4.39e298,H26,H28,886,1019,33,34
H28,mk5-8 Quad Output,23,Cells,175,1.76e299,H26,H28,886,1019,33,34
H28,mk5-8 Quad Output,24,Cells,175,7.03e299,H26,H28,886,1019,33,34
H28,mk5-8 Quad Output,25,Cells,175,2.81e300,H26,H28,886,1019,33,34
H28,mk5-8 Quad Output,26,Cells,175,1.12e301,H26,H28,886,1019,33,34
H28,mk5-8 Quad Output,27,Cells,175,4.50e301,H26,H28,886,1019,33,34
H28,mk5-8 Quad Output,28,Cells,175,1.80e302,H26,H28,886,1019,33,34
H28,mk5-8 Quad Output,29,Cells,175,7.20e302,H26,H28,886,1019,33,34
H28,mk5-8 Quad Output,30,Cells,175,2.88e303,H26,H28,886,1019,33,34
H28,mk5-8 Quad Output,31,Cells,175,1.15e304,H26,H28,886,1019,33,34
H28,mk5-8 Quad Output,32,Cells,175,4.61e304,H26,H28,886,1019,33,34
H28,mk5-8 Quad Output,33,Cells,175,1.84e305,H26,H28,886,1019,33,34
H28,mk5-8 Quad Output,34,Cells,175,7.37e305,H26,H28,886,1019,33,34
H28,mk5-8 Quad Output,35,Cells,175,2.95e306,H26,H28,886,1019,33,34
H28,mk5-8 Quad Output,36,Cells,175,1.18e307,H26,H28,886,1019,33,34
H28,mk5-8 Quad Output,37,Cells,175,4.72e307,H26,H28,886,1019,33,34
H28,mk5-8 Quad Output,38,Cells,175,1.89e308,H26,H28,886,1019,33,34
H28,mk5-8 Quad Output,39,Cells,175,7.55e308,H26,H28,886,1019,33,34
H28,mk5-8 Quad Output,40,Cells,175,3.02e309,H26,H28,886,1019,33,34
H28,mk5-8 Quad Output,41,Cells,175,1.21e310,H26,H28,886,1019,33,34
H28,mk5-8 Quad Output,42,Cells,175,4.83e310,H26,H28,886,1019,33,34
H28,mk5-8 Quad Output,43,Cells,175,1.93e311,H26,H28,886,1019,33,34
H28,mk5-8 Quad Output,44,Cells,175,7.73e311,H26,H28,886,1019,33,34
H28,mk5-8 Quad Output,45,Cells,175,3.09e312,H26,H28,886,1019,33,34
H28,mk5-8 Quad Output,46,Cells,175,1.24e313,H26,H28,886,1019,33,34
H28,mk5-8 Quad Output,47,Cells,175,4.95e313,H26,H28,886,1019,33,34
H28,mk5-8 Quad Output,48,Cells,175,1.98e314,H26,H28,886,1019,33,34
H28,mk5-8 Quad Output,49,Cells,175,7.91e314,H26,H28,886,1019,33,34
H28,mk5-8 Quad Output,50,Cells,175,3.17e315,H26,H28,886,1019,33,34
H28,mk5-8 Quad Output,51,Cells,175,1.27e316,H26,H28,886,1019,33,34
H28,mk5-8 Quad Output,52,Cells,175,5.07e316,H26,H28,886,1019,33,34
H28,mk5-8 Quad Output,53,Cells,175,2.03e317,H26,H28,886,1019,33,34
H28,mk5-8 Quad Output,54,Cells,175,8.10e317,H26,H28,886,1019,33,34
H28,mk5-8 Quad Output,55,Cells,175,3.24e318,H26,H28,886,1019,33,34
H28,mk5-8 Quad Output,56,Cells,175,1.30e319,H26,H28,886,1019,33,34
H28,mk5-8 Quad Output,57,Cells,175,5.19e319,H26,H28,886,1019,33,34
H28,mk5-8 Quad Output,58,Cells,175,2.07e320,H26,H28,886,1019,33,34
H28,mk5-8 Quad Output,59,Cells,175,8.30e320,H26,H28,886,1019,33,34
H28,mk5-8 Quad Output,60,Cells,175,3.32e321,H26,H28,886,1019,33,34
H28,mk5-8 Quad Output,61,Cells,175,1.33e322,H26,H28,886,1019,33,34
H28,mk5-8 Quad Output,62,Cells,175,5.31e322,H26,H28,886,1019,33,34
H28,mk5-8 Quad Output,63,Cells,175,2.12e323,H26,H28,886,1019,33,34
H28,mk5-8 Quad Output,64,Cells,175,8.50e323,H26,H28,886,1019,33,34
H28,mk5-8 Quad Output,65,Cells,175,3.40e324,H26,H28,886,1019,33,34
H28,mk5-8 Quad Output,66,Cells,175,1.36e325,H26,H28,886,1019,33,34
H28,mk5-8 Quad Output,67,Cells,175,5.44e325,H26,H28,886,1019,33,34
H28,mk5-8 Quad Output,68,Cells,175,2.18e326,H26,H28,886,1019,33,34
H28,mk5-8 Quad Output,69,Cells,175,8.70e326,H26,H28,886,1019,33,34
H28,mk5-8 Quad Output,70,Cells,175,3.48e327,H26,H28,886,1019,33,34
H28,mk5-8 Quad Output,71,Cells,175,1.39e328,H26,H28,886,1019,33,34
H28,mk5-8 Quad Output,72,Cells,175,5.57e328,H26,H28,886,1019,33,34
H28,mk5-8 Quad Output,73,Cells,175,2.23e329,H26,H28,886,1019,33,34
H28,mk5-8 Quad Output,74,Cells,175,8.91e329,H26,H28,886,1019,33,34
H28,mk5-8 Quad Output,75,Cells,175,3.56e330,H26,H28,886,1019,33,34
H28,mk5-8 Quad Output,76,Cells,175,1.43e331,H26,H28,886,1019,33,34
H28,mk5-8 Quad Output,77,Cells,175,5.70e331,H26,H28,886,1019,33,34
H28,mk5-8 Quad Output,78,Cells,175,2.28e332,H26,H28,886,1019,33,34
H28,mk5-8 Quad Output,79,Cells,175,9.13e332,H26,H28,886,1019,33,34
H28,mk5-8 Quad Output,80,Cells,175,3.65e333,H26,H28,886,1019,33,34
H28,mk5-8 Quad Output,81,Cells,175,1.46e334,H26,H28,886,1019,33,34
H28,mk5-8 Quad Output,82,Cells,175,5.84e334,H26,H28,886,1019,33,34
H28,mk5-8 Quad Output,83,Cells,175,2.34e335,H26,H28,886,1019,33,34
H28,mk5-8 Quad Output,84,Cells,175,9.34e335,H26,H28,886,1019,33,34
H28,mk5-8 Quad Output,85,Cells,175,3.74e336,H26,H28,886,1019,33,34
H28,mk5-8 Quad Output,86,Cells,175,1.50e337,H26,H28,886,1019,33,34
H28,mk5-8 Quad Output,87,Cells,175,5.98e337,H26,H28,886,1019,33,34
H28,mk5-8 Quad Output,88,Cells,175,2.39e338,H26,H28,886,1019,33,34
H28,mk5-8 Quad Output,89,Cells,175,9.57e338,H26,H28,886,1019,33,34
H28,mk5-8 Quad Output,90,Cells,175,3.83e339,H26,H28,886,1019,33,34
H28,mk5-8 Quad Output,91,Cells,175,1.53e340,H26,H28,886,1019,33,34
H28,mk5-8 Quad Output,92,Cells,175,6.12e340,H26,H28,886,1019,33,34
H28,mk5-8 Quad Output,93,Cells,175,2.45e341,H26,H28,886,1019,33,34
H28,mk5-8 Quad Output,94,Cells,175,9.80e341,H26,H28,886,1019,33,34
H28,mk5-8 Quad Output,95,Cells,175,3.92e342,H26,H28,886,1019,33,34
H28,mk5-8 Quad Output,96,Cells,175,1.57e343,H26,H28,886,1019,33,34
H28,mk5-8 Quad Output,97,Cells,175,6.27e343,H26,H28,886,1019,33,34
H28,mk5-8 Quad Output,98,Cells,175,2.51e344,H26,H28,886,1019,33,34
H28,mk5-8 Quad Output,99,Cells,175,1.00e345,H26,H28,886,1019,33,34
H28,mk5-8 Quad Output,100,Cells,175,4.01e345,H26,H28,886,1019,33,34
H28,mk5-8 Quad Output,101,Cells,175,1.61e346,H26,H28,886,1019,33,34
H28,mk5-8 Quad Output,102,Cells,175,6.42e346,H26,H28,886,1019,33,34
H28,mk5-8 Quad Output,103,Cells,175,2.57e347,H26,H28,886,1019,33,34
H28,mk5-8 Quad Output,104,Cells,175,1.03e348,H26,H28,886,1019,33,34
H28,mk5-8 Quad Output,105,Cells,175,4.11e348,H26,H28,886,1019,33,34
H28,mk5-8 Quad Output,106,Cells,175,1.64e349,H26,H28,886,1019,33,34
H28,mk5-8 Quad Output,107,Cells,175,6.58e349,H26,H28,886,1019,33,34
H28,mk5-8 Quad Output,108,Cells,175,2.63e350,H26,H28,886,1019,33,34
H28,mk5-8 Quad Output,109,Cells,175,1.05e351,H26,H28,886,1019,33,34
H28,mk5-8 Quad Output,110,Cells,175,4.21e351,H26,H28,886,1019,33,34
H28,mk5-8 Quad Output,111,Cells,175,1.68e352,H26,H28,886,1019,33,34
H28,mk5-8 Quad Output,112,Cells,175,6.73e352,H26,H28,886,1019,33,34
H28,mk5-8 Quad Output,113,Cells,175,2.69e353,H26,H28,886,1019,33,34
H28,mk5-8 Quad Output,114,Cells,175,1.08e354,H26,H28,886,1019,33,34
H28,mk5-8 Quad Output,115,Cells,175,4.31e354,H26,H28,886,1019,33,34
H28,mk5-8 Quad Output,116,Cells,175,1.72e355,H26,H28,886,1019,33,34
H28,mk5-8 Quad Output,117,Cells,175,6.89e355,H26,H28,886,1019,33,34
H28,mk5-8 Quad Output,118,Cells,175,2.76e356,H26,H28,886,1019,33,34
H28,mk5-8 Quad Output,119,Cells,175,1.10e357,H26,H28,886,1019,33,34
H28,mk5-8 Quad Output,120,Cells,175,4.41e357,H26,H28,886,1019,33,34
H28,mk5-8 Quad Output,121,Cells,175,1.77e358,H26,H28,886,1019,33,34
H28,mk5-8 Quad Output,122,Cells,175,7.06e358,H26,H28,886,1019,33,34
H28,mk5-8 Quad Output,123,Cells,175,2.82e359,H26,H28,886,1019,33,34
H28,mk5-8 Quad Output,124,Cells,175,1.13e360,H26,H28,886,1019,33,34
H28,mk5-8 Quad Output,125,Cells,175,4.52e360,H26,H28,886,1019,33,34
H28,mk5-8 Quad Output,126,Cells,175,1.81e361,H26,H28,886,1019,33,34
H28,mk5-8 Quad Output,127,Cells,175,7.23e361,H26,H28,886,1019,33,34
H28,mk5-8 Quad Output,128,Cells,175,2.89e362,H26,H28,886,1019,33,34
H28,mk5-8 Quad Output,129,Cells,175,1.16e363,H26,H28,886,1019,33,34
H28,mk5-8 Quad Output,130,Cells,175,4.63e363,H26,H28,886,1019,33,34
H28,mk5-8 Quad Output,131,Cells,175,1.85e364,H26,H28,886,1019,33,34
H28,mk5-8 Quad Output,132,Cells,175,7.40e364,H26,H28,886,1019,33,34
H28,mk5-8 Quad Output,133,Cells,175,2.96e365,H26,H28,886,1019,33,34
H28,mk5-8 Quad Output,134,Cells,175,1.18e366,H26,H28,886,1019,33,34
H28,mk5-8 Quad Output,135,Cells,175,4.74e366,H26,H28,886,1019,33,34
H28,mk5-8 Quad Output,136,Cells,175,1.90e367,H26,H28,886,1019,33,34
H28,mk5-8 Quad Output,137,Cells,175,7.58e367,H26,H28,886,1019,33,34
H28,mk5-8 Quad Output,138,Cells,175,3.03e368,H26,H28,886,1019,33,34
H28,mk5-8 Quad Output,139,Cells,175,1.21e369,H26,H28,886,1019,33,34
H28,mk5-8 Quad Output,140,Cells,175,4.85e369,H26,H28,886,1019,33,34
H28,mk5-8 Quad Output,141,Cells,175,1.94e370,H26,H28,886,1019,33,34
H28,mk5-8 Quad Output,142,Cells,175,7.76e370,H26,H28,886,1019,33,34
H28,mk5-8 Quad Output,143,Cells,175,3.11e371,H26,H28,886,1019,33,34
H28,mk5-8 Quad Output,144,Cells,175,1.24e372,H26,H28,886,1019,33,34
H28,mk5-8 Quad Output,145,Cells,175,4.97e372,H26,H28,886,1019,33,34
H28,mk5-8 Quad Output,146,Cells,175,1.99e373,H26,H28,886,1019,33,34
H28,mk5-8 Quad Output,147,Cells,175,7.95e373,H26,H28,886,1019,33,34
H28,mk5-8 Quad Output,148,Cells,175,3.18e374,H26,H28,886,1019,33,34
H28,mk5-8 Quad Output,149,Cells,175,1.27e375,H26,H28,886,1019,33,34
H28,mk5-8 Quad Output,150,Cells,175,5.09e375,H26,H28,886,1019,33,34
H28,mk5-8 Quad Output,151,Cells,175,2.03e376,H26,H28,886,1019,33,34
H28,mk5-8 Quad Output,152,Cells,175,8.14e376,H26,H28,886,1019,33,34
H28,mk5-8 Quad Output,153,Cells,175,3.26e377,H26,H28,886,1019,33,34
H28,mk5-8 Quad Output,154,Cells,175,1.30e378,H26,H28,886,1019,33,34
H28,mk5-8 Quad Output,155,Cells,175,5.21e378,H26,H28,886,1019,33,34
H28,mk5-8 Quad Output,156,Cells,175,2.08e379,H26,H28,886,1019,33,34
H28,mk5-8 Quad Output,157,Cells,175,8.34e379,H26,H28,886,1019,33,34
H28,mk5-8 Quad Output,158,Cells,175,3.33e380,H26,H28,886,1019,33,34
H28,mk5-8 Quad Output,159,Cells,175,1.33e381,H26,H28,886,1019,33,34
H28,mk5-8 Quad Output,160,Cells,175,5.33e381,H26,H28,886,1019,33,34
H28,mk5-8 Quad Output,161,Cells,175,2.13e382,H26,H28,886,1019,33,34
H28,mk5-8 Quad Output,162,Cells,175,8.54e382,H26,H28,886,1019,33,34
H28,mk5-8 Quad Output,163,Cells,175,3.41e383,H26,H28,886,1019,33,34
H28,mk5-8 Quad Output,164,Cells,175,1.37e384,H26,H28,886,1019,33,34
H28,mk5-8 Quad Output,165,Cells,175,5.46e384,H26,H28,886,1019,33,34
H28,mk5-8 Quad Output,166,Cells,175,2.19e385,H26,H28,886,1019,33,34
H28,mk5-8 Quad Output,167,Cells,175,8.74e385,H26,H28,886,1019,33,34
H28,mk5-8 Quad Output,168,Cells,175,3.50e386,H26,H28,886,1019,33,34
H28,mk5-8 Quad Output,169,Cells,175,1.40e387,H26,H28,886,1019,33,34
H28,mk5-8 Quad Output,170,Cells,175,5.59e387,H26,H28,886,1019,33,34
H28,mk5-8 Quad Output,171,Cells,175,2.24e388,H26,H28,886,1019,33,34
H28,mk5-8 Quad Output,172,Cells,175,8.95e388,H26,H28,886,1019,33,34
H28,mk5-8 Quad Output,173,Cells,175,3.58e389,H26,H28,886,1019,33,34
H28,mk5-8 Quad Output,174,Cells,175,1.43e390,H26,H28,886,1019,33,34
H28,mk5-8 Quad Output,175,Cells,175,5.73e390,H26,H28,886,1019,33,34
H28,mk5-8 Quad Output,176,Cells,175,2.29e391,H26,H28,886,1019,33,34
H28,mk5-8 Quad Output,177,Cells,175,9.16e391,H26,H28,886,1019,33,34
H28,mk5-8 Quad Output,178,Cells,175,3.67e392,H26,H28,886,1019,33,34
H28,mk5-8 Quad Output,179,Cells,175,1.47e393,H26,H28,886,1019,33,34
H28,mk5-8 Quad Output,180,Cells,175,5.87e393,H26,H28,886,1019,33,34
H28,mk5-8 Quad Output,181,Cells,175,2.35e394,H26,H28,886,1019,33,34
H28,mk5-8 Quad Output,182,Cells,175,9.38e394,H26,H28,886,1019,33,34
H28,mk5-8 Quad Output,183,Cells,175,3.75e395,H26,H28,886,1019,33,34
H28,mk5-8 Quad Output,184,Cells,175,1.50e396,H26,H28,886,1019,33,34
H28,mk5-8 Quad Output,185,Cells,175,6.01e396,H26,H28,886,1019,33,34
H28,mk5-8 Quad Output,186,Cells,175,2.40e397,H26,H28,886,1019,33,34
H28,mk5-8 Quad Output,187,Cells,175,9.61e397,H26,H28,886,1019,33,34
H28,mk5-8 Quad Output,188,Cells,175,3.84e398,H26,H28,886,1019,33,34
H28,mk5-8 Quad Output,189,Cells,175,1.54e399,H26,H28,886,1019,33,34
H28,mk5-8 Quad Output,190,Cells,175,6.15e399,H26,H28,886,1019,33,34
H26,Level Enhance mk8,1,Cells,176,8.00e270,H24,H26,847,1019,33,34
H26,Level Enhance mk8,2,Cells,176,6.40e271,H24,H26,847,1019,33,34
H26,Level Enhance mk8,3,Cells,176,5.12e272,H24,H26,847,1019,33,34
H26,Level Enhance mk8,4,Cells,176,4.10e273,H24,H26,847,1019,33,34
H26,Level Enhance mk8,5,Cells,176,3.28e274,H24,H26,847,1019,33,34
H26,Level Enhance mk8,6,Cells,176,2.62e275,H24,H26,847,1019,33,34
H26,Level Enhance mk8,7,Cells,176,2.10e276,H24,H26,847,1019,33,34
H26,Level Enhance mk8,8,Cells,176,1.68e277,H24,H26,847,1019,33,34
H26,Level Enhance mk8,9,Cells,176,1.34e278,H24,H26,847,1019,33,34
H26,Level Enhance mk8,10,Cells,176,1.07e279,H24,H26,847,1019,33,34
H26,Level Enhance mk8,11,Cells,176,8.59e279,H24,H26,847,1019,33,34
H26,Level Enhance mk8,12,Cells,176,6.87e280,H24,H26,847,1019,33,34
H26,Level Enhance mk8,13,Cells,176,5.50e281,H24,H26,847,1019,33,34
H26,Level Enhance mk8,14,Cells,176,4.40e282,H24,H26,847,1019,33,34
H26,Level Enhance mk8,15,Cells,176,3.52e283,H24,H26,847,1019,33,34
H24,Level Enhance mk6,1,Cells,177,6.00e270,H22,H24,809,1019,33,33
H24,Level Enhance mk6,2,Cells,177,3.60e271,H22,H24,809,1019,33,33
H24,Level Enhance mk6,3,Cells,177,2.16e272,H22,H24,809,1019,33,33
H24,Level Enhance mk6,4,Cells,177,1.30e273,H22,H24,809,1019,33,33
H24,Level Enhance mk6,5,Cells,177,7.78e273,H22,H24,809,1019,33,33
H24,Level Enhance mk6,6,Cells,177,4.67e274,H22,H24,809,1019,33,33
H24,Level Enhance mk6,7,Cells,177,2.80e275,H22,H24,809,1019,33,33
H24,Level Enhance mk6,8,Cells,177,1.68e276,H22,H24,809,1019,33,33
H24,Level Enhance mk6,9,Cells,177,1.01e277,H22,H24,809,1019,33,33
H24,Level Enhance mk6,10,Cells,177,6.05e277,H22,H24,809,1019,33,33
H24,Level Enhance mk6,11,Cells,177,3.63e278,H22,H24,809,1019,33,33
H24,Level Enhance mk6,12,Cells,177,2.18e279,H22,H24,809,1019,33,33
H24,Level Enhance mk6,13,Cells,177,1.31e280,H22,H24,809,1019,33,33
H24,Level Enhance mk6,14,Cells,177,7.84e280,H22,H24,809,1019,33,33
H24,Level Enhance mk6,15,Cells,177,4.70e281,H22,H24,809,1019,33,33
H22,Cell Multiplication mk3,1,Cells,178,2.50e250,H18,H22,809,981,33,33
H22,Cell Multiplication mk3,2,Cells,178,3.33e250,H18,H22,809,981,33,33
H22,Cell Multiplication mk3,3,Cells,178,4.46e250,H18,H22,809,981,33,33
H22,Cell Multiplication mk3,4,Cells,178,6.00e250,H18,H22,809,981,33,33
H22,Cell Multiplication mk3,5,Cells,178,8.10e250,H18,H22,809,981,33,33
H22,Cell Multiplication mk3,6,Cells,178,1.10e251,H18,H22,809,981,33,33
H22,Cell Multiplication mk3,7,Cells,178,1.50e251,H18,H22,809,981,33,33
H22,Cell Multiplication mk3,8,Cells,178,2.05e251,H18,H22,809,981,33,33
H22,Cell Multiplication mk3,9,Cells,178,2.81e251,H18,H22,809,981,33,33
H22,Cell Multiplication mk3,10,Cells,178,3.88e251,H18,H22,809,981,33,33
H22,Cell Multiplication mk3,11,Cells,178,5.37e251,H18,H22,809,981,33,33
H22,Cell Multiplication mk3,12,Cells,178,7.47e251,H18,H22,809,981,33,33
H22,Cell Multiplication mk3,13,Cells,178,1.04e252,H18,H22,809,981,33,33
H22,Cell Multiplication mk3,14,Cells,178,1.46e252,H18,H22,809,981,33,33
H22,Cell Multiplication mk3,15,Cells,178,2.06e252,H18,H22,809,981,33,33
H22,Cell Multiplication mk3,16,Cells,178,2.92e252,H18,H22,809,981,33,33
H22,Cell Multiplication mk3,17,Cells,178,4.15e252,H18,H22,809,981,33,33
H22,Cell Multiplication mk3,18,Cells,178,5.92e252,H18,H22,809,981,33,33
H22,Cell Multiplication mk3,19,Cells,178,8.48e252,H18,H22,809,981,33,33
H22,Cell Multiplication mk3,20,Cells,178,1.22e253,H18,H22,809,981,33,33
H22,Cell Multiplication mk3,21,Cells,178,1.76e253,H18,H22,809,981,33,33
H22,Cell Multiplication mk3,22,Cells,178,2.55e253,H18,H22,809,981,33,33
H22,Cell Multiplication mk3,23,Cells,178,3.72e253,H18,H22,809,981,33,33
H22,Cell Multiplication mk3,24,Cells,178,5.44e253,H18,H22,809,981,33,33
H22,Cell Multiplication mk3,25,Cells,178,7.98e253,H18,H22,809,981,33,33
H22,Cell Multiplication mk3,26,Cells,178,1.18e254,H18,H22,809,981,33,33
H22,Cell Multiplication mk3,27,Cells,178,1.74e254,H18,H22,809,981,33,33
H22,Cell Multiplication mk3,28,Cells,178,2.59e254,H18,H22,809,981,33,33
H22,Cell Multiplication mk3,29,Cells,178,3.86e254,H18,H22,809,981,33,33
H22,Cell Multiplication mk3,30,Cells,178,5.78e254,H18,H22,809,981,33,33
H22,Cell Multiplication mk3,31,Cells,178,8.69e254,H18,H22,809,981,33,33
H22,Cell Multiplication mk3,32,Cells,178,1.31e255,H18,H22,809,981,33,33
H22,Cell Multiplication mk3,33,Cells,178,1.99e255,H18,H22,809,981,33,33
H22,Cell Multiplication mk3,34,Cells,178,3.03e255,H18,H22,809,981,33,33
H22,Cell Multiplication mk3,35,Cells,178,4.62e255,H18,H22,809,981,33,33
H22,Cell Multiplication mk3,36,Cells,178,7.09e255,H18,H22,809,981,33,33
H22,Cell Multiplication mk3,37,Cells,178,1.09e256,H18,H22,809,981,33,33
H22,Cell Multiplication mk3,38,Cells,178,1.69e256,H18,H22,809,981,33,33
H22,Cell Multiplication mk3,39,Cells,178,2.62e256,H18,H22,809,981,33,33
H22,Cell Multiplication mk3,40,Cells,178,4.08e256,H18,H22,809,981,33,33
H22,Cell Multiplication mk3,41,Cells,178,6.38e256,H18,H22,809,981,33,33
H22,Cell Multiplication mk3,42,Cells,178,1.00e257,H18,H22,809,981,33,33
H22,Cell Multiplication mk3,43,Cells,178,1.58e257,H18,H22,809,981,33,33
H22,Cell Multiplication mk3,44,Cells,178,2.50e257,H18,H22,809,981,33,33
H22,Cell Multiplication mk3,45,Cells,178,3.96e257,H18,H22,809,981,33,33
H22,Cell Multiplication mk3,46,Cells,178,6.32e257,H18,H22,809,981,33,33
H22,Cell Multiplication mk3,47,Cells,178,1.01e258,H18,H22,809,981,33,33
H22,Cell Multiplication mk3,48,Cells,178,1.62e258,H18,H22,809,981,33,33
H22,Cell Multiplication mk3,49,Cells,178,2.62e258,H18,H22,809,981,33,33
H22,Cell Multiplication mk3,50,Cells,178,4.24e258,H18,H22,809,981,33,33
H22,Cell Multiplication mk3,51,Cells,178,6.88e258,H18,H22,809,981,33,33
H22,Cell Multiplication mk3,52,Cells,178,1.12e259,H18,H22,809,981,33,33
H22,Cell Multiplication mk3,53,Cells,178,1.84e259,H18,H22,809,981,33,33
H22,Cell Multiplication mk3,54,Cells,178,3.01e259,H18,H22,809,981,33,33
H22,Cell Multiplication mk3,55,Cells,178,4.97e259,H18,H22,809,981,33,33
H22,Cell Multiplication mk3,56,Cells,178,8.23e259,H18,H22,809,981,33,33
H22,Cell Multiplication mk3,57,Cells,178,1.37e260,H18,H22,809,981,33,33
H22,Cell Multiplication mk3,58,Cells,178,2.28e260,H18,H22,809,981,33,33
H22,Cell Multiplication mk3,59,Cells,178,3.81e260,H18,H22,809,981,33,33
H22,Cell Multiplication mk3,60,Cells,178,6.40e260,H18,H22,809,981,33,33
H22,Cell Multiplication mk3,61,Cells,178,1.08e261,H18,H22,809,981,33,33
H22,Cell Multiplication mk3,62,Cells,178,1.82e261,H18,H22,809,981,33,33
H22,Cell Multiplication mk3,63,Cells,178,3.10e261,H18,H22,809,981,33,33
H22,Cell Multiplication mk3,64,Cells,178,5.28e261,H18,H22,809,981,33,33
H22,Cell Multiplication mk3,65,Cells,178,9.02e261,H18,H22,809,981,33,33
H22,Cell Multiplication mk3,66,Cells,178,1.55e262,H18,H22,809,981,33,33
H22,Cell Multiplication mk3,67,Cells,178,2.67e262,H18,H22,809,981,33,33
H22,Cell Multiplication mk3,68,Cells,178,4.61e262,H18,H22,809,981,33,33
H22,Cell Multiplication mk3,69,Cells,178,8.00e262,H18,H22,809,981,33,33
H22,Cell Multiplication mk3,70,Cells,178,1.39e263,H18,H22,809,981,33,33
H22,Cell Multiplication mk3,71,Cells,178,2.43e263,H18,H22,809,981,33,33
H22,Cell Multiplication mk3,72,Cells,178,4.26e263,H18,H22,809,981,33,33
H22,Cell Multiplication mk3,73,Cells,178,7.50e263,H18,H22,809,981,33,33
H22,Cell Multiplication mk3,74,Cells,178,1.32e264,H18,H22,809,981,33,33
H22,Cell Multiplication mk3,75,Cells,178,2.35e264,H18,H22,809,981,33,33
H22,Cell Multiplication mk3,76,Cells,178,4.17e264,H18,H22,809,981,33,33
H22,Cell Multiplication mk3,77,Cells,178,7.44e264,H18,H22,809,981,33,33
H22,Cell Multiplication mk3,78,Cells,178,1.33e265,H18,H22,809,981,33,33
H22,Cell Multiplication mk3,79,Cells,178,2.39e265,H18,H22,809,981,33,33
H22,Cell Multiplication mk3,80,Cells,178,4.32e265,H18,H22,809,981,33,33
H22,Cell Multiplication mk3,81,Cells,178,7.81e265,H18,H22,809,981,33,33
H22,Cell Multiplication mk3,82,Cells,178,1.42e266,H18,H22,809,981,33,33
H22,Cell Multiplication mk3,83,Cells,178,2.58e266,H18,H22,809,981,33,33
H22,Cell Multiplication mk3,84,Cells,178,4.72e266,H18,H22,809,981,33,33
H22,Cell Multiplication mk3,85,Cells,178,8.65e266,H18,H22,809,981,33,33
H22,Cell Multiplication mk3,86,Cells,178,1.59e267,H18,H22,809,981,33,33
H22,Cell Multiplication mk3,87,Cells,178,2.94e267,H18,H22,809,981,33,33
H22,Cell Multiplication mk3,88,Cells,178,5.45e267,H18,H22,809,981,33,33
H22,Cell Multiplication mk3,89,Cells,178,1.01e268,H18,H22,809,981,33,33
H22,Cell Multiplication mk3,90,Cells,178,1.89e268,H18,H22,809,981,33,33
H22,Cell Multiplication mk3,91,Cells,178,3.53e268,H18,H22,809,981,33,33
H22,Cell Multiplication mk3,92,Cells,178,6.64e268,H18,H22,809,981,33,33
H22,Cell Multiplication mk3,93,Cells,178,1.25e269,H18,H22,809,981,33,33
H22,Cell Multiplication mk3,94,Cells,178,2.36e269,H18,H22,809,981,33,33
H22,Cell Multiplication mk3,95,Cells,178,4.48e269,H18,H22,809,981,33,33
H22,Cell Multiplication mk3,96,Cells,178,8.53e269,H18,H22,809,981,33,33
H22,Cell Multiplication mk3,97,Cells,178,1.63e270,H18,H22,809,981,33,33
H22,Cell Multiplication mk3,98,Cells,178,3.12e270,H18,H22,809,981,33,33
H22,Cell Multiplication mk3,99,Cells,178,5.99e270,H18,H22,809,981,33,33
H22,Cell Multiplication mk3,100,Cells,178,1.16e271,H18,H22,809,981,33,33
H22,Cell Multiplication mk3,101,Cells,178,2.24e271,H18,H22,809,981,33,33
H22,Cell Multiplication mk3,102,Cells,178,4.34e271,H18,H22,809,981,33,33
H22,Cell Multiplication mk3,103,Cells,178,8.45e271,H18,H22,809,981,33,33
H22,Cell Multiplication mk3,104,Cells,178,1.65e272,H18,H22,809,981,33,33
H22,Cell Multiplication mk3,105,Cells,178,3.23e272,H18,H22,809,981,33,33
H22,Cell Multiplication mk3,106,Cells,178,6.36e272,H18,H22,809,981,33,33
H22,Cell Multiplication mk3,107,Cells,178,1.25e273,H18,H22,809,981,33,33
H22,Cell Multiplication mk3,108,Cells,178,2.48e273,H18,H22,809,981,33,33
H22,Cell Multiplication mk3,109,Cells,178,4.93e273,H18,H22,809,981,33,33
H22,Cell Multiplication mk3,110,Cells,178,9.81e273,H18,H22,809,981,33,33
H22,Cell Multiplication mk3,111,Cells,178,1.96e274,H18,H22,809,981,33,33
H22,Cell Multiplication mk3,112,Cells,178,3.93e274,H18,H22,809,981,33,33
H22,Cell Multiplication mk3,113,Cells,178,7.90e274,H18,H22,809,981,33,33
H22,Cell Multiplication mk3,114,Cells,178,1.59e275,H18,H22,809,981,33,33
H22,Cell Multiplication mk3,115,Cells,178,3.22e275,H18,H22,809,981,33,33
H22,Cell Multiplication mk3,116,Cells,178,6.54e275,H18,H22,809,981,33,33
H22,Cell Multiplication mk3,117,Cells,178,1.33e276,H18,H22,809,981,33,33
H22,Cell Multiplication mk3,118,Cells,178,2.72e276,H18,H22,809,981,33,33
H22,Cell Multiplication mk3,119,Cells,178,5.57e276,H18,H22,809,981,33,33
H22,Cell Multiplication mk3,120,Cells,178,1.14e277,H18,H22,809,981,33,33
H22,Cell Multiplication mk3,121,Cells,178,2.36e277,H18,H22,809,981,33,33
H22,Cell Multiplication mk3,122,Cells,178,4.88e277,H18,H22,809,981,33,33
H22,Cell Multiplication mk3,123,Cells,178,1.01e278,H18,H22,809,981,33,33
H22,Cell Multiplication mk3,124,Cells,178,2.11e278,H18,H22,809,981,33,33
H22,Cell Multiplication mk3,125,Cells,178,4.40e278,H18,H22,809,981,33,33
H22,Cell Multiplication mk3,126,Cells,178,9.21e278,H18,H22,809,981,33,33
H22,Cell Multiplication mk3,127,Cells,178,1.93e279,H18,H22,809,981,33,33
H22,Cell Multiplication mk3,128,Cells,178,4.07e279,H18,H22,809,981,33,33
H22,Cell Multiplication mk3,129,Cells,178,8.60e279,H18,H22,809,981,33,33
H22,Cell Multiplication mk3,130,Cells,178,1.82e280,H18,H22,809,981,33,33
H22,Cell Multiplication mk3,131,Cells,178,3.88e280,H18,H22,809,981,33,33
H22,Cell Multiplication mk3,132,Cells,178,8.26e280,H18,H22,809,981,33,33
H22,Cell Multiplication mk3,133,Cells,178,1.77e281,H18,H22,809,981,33,33
H22,Cell Multiplication mk3,134,Cells,178,3.79e281,H18,H22,809,981,33,33
H22,Cell Multiplication mk3,135,Cells,178,8.15e281,H18,H22,809,981,33,33
H22,Cell Multiplication mk3,136,Cells,178,1.76e282,H18,H22,809,981,33,33
H22,Cell Multiplication mk3,137,Cells,178,3.81e282,H18,H22,809,981,33,33
H22,Cell Multiplication mk3,138,Cells,178,8.27e282,H18,H22,809,981,33,33
H22,Cell Multiplication mk3,139,Cells,178,1.80e283,H18,H22,809,981,33,33
H22,Cell Multiplication mk3,140,Cells,178,3.93e283,H18,H22,809,981,33,33
H22,Cell Multiplication mk3,141,Cells,178,8.61e283,H18,H22,809,981,33,33
H22,Cell Multiplication mk3,142,Cells,178,1.89e284,H18,H22,809,981,33,33
H22,Cell Multiplication mk3,143,Cells,178,4.17e284,H18,H22,809,981,33,33
H22,Cell Multiplication mk3,144,Cells,178,9.20e284,H18,H22,809,981,33,33
H22,Cell Multiplication mk3,145,Cells,178,2.04e285,H18,H22,809,981,33,33
H22,Cell Multiplication mk3,146,Cells,178,4.53e285,H18,H22,809,981,33,33
H22,Cell Multiplication mk3,147,Cells,178,1.01e286,H18,H22,809,981,33,33
H22,Cell Multiplication mk3,148,Cells,178,2.26e286,H18,H22,809,981,33,33
H22,Cell Multiplication mk3,149,Cells,178,5.07e286,H18,H22,809,981,33,33
H22,Cell Multiplication mk3,150,Cells,178,1.14e287,H18,H22,809,981,33,33
H22,Cell Multiplication mk3,151,Cells,178,2.57e287,H18,H22,809,981,33,33
H22,Cell Multiplication mk3,152,Cells,178,5.81e287,H18,H22,809,981,33,33
H22,Cell Multiplication mk3,153,Cells,178,1.32e288,H18,H22,809,981,33,33
H22,Cell Multiplication mk3,154,Cells,178,3.00e288,H18,H22,809,981,33,33
H22,Cell Multiplication mk3,155,Cells,178,6.84e288,H18,H22,809,981,33,33
H22,Cell Multiplication mk3,156,Cells,178,1.56e289,H18,H22,809,981,33,33
H22,Cell Multiplication mk3,157,Cells,178,3.59e289,H18,H22,809,981,33,33
H22,Cell Multiplication mk3,158,Cells,178,8.25e289,H18,H22,809,981,33,33
H22,Cell Multiplication mk3,159,Cells,178,1.90e290,H18,H22,809,981,33,33
H22,Cell Multiplication mk3,160,Cells,178,4.41e290,H18,H22,809,981,33,33
H22,Cell Multiplication mk3,161,Cells,178,1.02e291,H18,H22,809,981,33,33
H22,Cell Multiplication mk3,162,Cells,178,2.38e291,H18,H22,809,981,33,33
H22,Cell Multiplication mk3,163,Cells,178,5.55e291,H18,H22,809,981,33,33
H22,Cell Multiplication mk3,164,Cells,178,1.30e292,H18,H22,809,981,33,33
H22,Cell Multiplication mk3,165,Cells,178,3.05e292,H18,H22,809,981,33,33
H22,Cell Multiplication mk3,166,Cells,178,7.17e292,H18,H22,809,981,33,33
H22,Cell Multiplication mk3,167,Cells,178,1.69e293,H18,H22,809,981,33,33
H22,Cell Multiplication mk3,168,Cells,178,4.00e293,H18,H22,809,981,33,33
H22,Cell Multiplication mk3,169,Cells,178,9.50e293,H18,H22,809,981,33,33
H22,Cell Multiplication mk3,170,Cells,178,2.26e294,H18,H22,809,981,33,33
H22,Cell Multiplication mk3,171,Cells,178,5.39e294,H18,H22,809,981,33,33
H22,Cell Multiplication mk3,172,Cells,178,1.29e295,H18,H22,809,981,33,33
H22,Cell Multiplication mk3,173,Cells,178,3.09e295,H18,H22,809,981,33,33
H22,Cell Multiplication mk3,174,Cells,178,7.44e295,H18,H22,809,981,33,33
H22,Cell Multiplication mk3,175,Cells,178,1.80e296,H18,H22,809,981,33,33
H22,Cell Multiplication mk3,176,Cells,178,4.34e296,H18,H22,809,981,33,33
H22,Cell Multiplication mk3,177,Cells,178,1.05e297,H18,H22,809,981,33,33
H22,Cell Multiplication mk3,178,Cells,178,2.56e297,H18,H22,809,981,33,33
H22,Cell Multiplication mk3,179,Cells,178,6.25e297,H18,H22,809,981,33,33
H22,Cell Multiplication mk3,180,Cells,178,1.53e298,H18,H22,809,981,33,33
H22,Cell Multiplication mk3,181,Cells,178,3.74e298,H18,H22,809,981,33,33
H22,Cell Multiplication mk3,182,Cells,178,9.20e298,H18,H22,809,981,33,33
H22,Cell Multiplication mk3,183,Cells,178,2.27e299,H18,H22,809,981,33,33
H22,Cell Multiplication mk3,184,Cells,178,5.61e299,H18,H22,809,981,33,33
H22,Cell Multiplication mk3,185,Cells,178,1.39e300,H18,H22,809,981,33,33
H22,Cell Multiplication mk3,186,Cells,178,3.45e300,H18,H22,809,981,33,33
H22,Cell Multiplication mk3,187,Cells,178,8.60e300,H18,H22,809,981,33,33
H22,Cell Multiplication mk3,188,Cells,178,2.15e301,H18,H22,809,981,33,33
H22,Cell Multiplication mk3,189,Cells,178,5.38e301,H18,H22,809,981,33,33
H22,Cell Multiplication mk3,190,Cells,178,1.35e302,H18,H22,809,981,33,33
H22,Cell Multiplication mk3,191,Cells,178,3.40e302,H18,H22,809,981,33,33
H22,Cell Multiplication mk3,192,Cells,178,8.59e302,H18,H22,809,981,33,33
H22,Cell Multiplication mk3,193,Cells,178,2.17e303,H18,H22,809,981,33,33
H22,Cell Multiplication mk3,194,Cells,178,5.52e303,H18,H22,809,981,33,33
H22,Cell Multiplication mk3,195,Cells,178,1.40e304,H18,H22,809,981,33,33
H22,Cell Multiplication mk3,196,Cells,178,3.58e304,H18,H22,809,981,33,33
H22,Cell Multiplication mk3,197,Cells,178,9.16e304,H18,H22,809,981,33,33
H22,Cell Multiplication mk3,198,Cells,178,2.35e305,H18,H22,809,981,33,33
H22,Cell Multiplication mk3,199,Cells,178,6.04e305,H18,H22,809,981,33,33
H22,Cell Multiplication mk3,200,Cells,178,1.56e306,H18,H22,809,981,33,33
H22,Cell Multiplication mk3,201,Cells,178,4.02e306,H18,H22,809,981,33,33
H22,Cell Multiplication mk3,202,Cells,178,1.04e307,H18,H22,809,981,33,33
H22,Cell Multiplication mk3,203,Cells,178,2.71e307,H18,H22,809,981,33,33
H22,Cell Multiplication mk3,204,Cells,178,7.05e307,H18,H22,809,981,33,33
H22,Cell Multiplication mk3,205,Cells,178,1.84e308,H18,H22,809,981,33,33
H22,Cell Multiplication mk3,206,Cells,178,4.82e308,H18,H22,809,981,33,33
H22,Cell Multiplication mk3,207,Cells,178,1.27e309,H18,H22,809,981,33,33
H22,Cell Multiplication mk3,208,Cells,178,3.33e309,H18,H22,809,981,33,33
H22,Cell Multiplication mk3,209,Cells,178,8.78e309,H18,H22,809,981,33,33
H22,Cell Multiplication mk3,210,Cells,178,2.32e310,H18,H22,809,981,33,33
H22,Cell Multiplication mk3,211,Cells,178,6.16e310,H18,H22,809,981,33,33
H22,Cell Multiplication mk3,212,Cells,178,1.64e311,H18,H22,809,981,33,33
H22,Cell Multiplication mk3,213,Cells,178,4.36e311,H18,H22,809,981,33,33
H22,Cell Multiplication mk3,214,Cells,178,1.16e312,H18,H22,809,981,33,33
H22,Cell Multiplication mk3,215,Cells,178,3.12e312,H18,H22,809,981,33,33
H22,Cell Multiplication mk3,216,Cells,178,8.37e312,H18,H22,809,981,33,33
H22,Cell Multiplication mk3,217,Cells,178,2.25e313,H18,H22,809,981,33,33
H22,Cell Multiplication mk3,218,Cells,178,6.08e313,H18,H22,809,981,33,33
H22,Cell Multiplication mk3,219,Cells,178,1.64e314,H18,H22,809,981,33,33
H22,Cell Multiplication mk3,220,Cells,178,4.46e314,H18,H22,809,981,33,33
H22,Cell Multiplication mk3,221,Cells,178,1.21e315,H18,H22,809,981,33,33
H22,Cell Multiplication mk3,222,Cells,178,3.30e315,H18,H22,809,981,33,33
H22,Cell Multiplication mk3,223,Cells,178,9.02e315,H18,H22,809,981,33,33
H22,Cell Multiplication mk3,224,Cells,178,2.47e316,H18,H22,809,981,33,33
H22,Cell Multiplication mk3,225,Cells,178,6.78e316,H18,H22,809,981,33,33
H22,Cell Multiplication mk3,226,Cells,178,1.87e317,H18,H22,809,981,33,33
H22,Cell Multiplication mk3,227,Cells,178,5.15e317,H18,H22,809,981,33,33
H22,Cell Multiplication mk3,228,Cells,178,1.42e318,H18,H22,809,981,33,33
H22,Cell Multiplication mk3,229,Cells,178,3.95e318,H18,H22,809,981,33,33
H22,Cell Multiplication mk3,230,Cells,178,1.10e319,H18,H22,809,981,33,33
H22,Cell Multiplication mk3,231,Cells,178,3.05e319,H18,H22,809,981,33,33
H22,Cell Multiplication mk3,232,Cells,178,8.53e319,H18,H22,809,981,33,33
H22,Cell Multiplication mk3,233,Cells,178,2.39e320,H18,H22,809,981,33,33
H22,Cell Multiplication mk3,234,Cells,178,6.70e320,H18,H22,809,981,33,33
H22,Cell Multiplication mk3,235,Cells,178,1.88e321,H18,H22,809,981,33,33
H22,Cell Multiplication mk3,236,Cells,178,5.31e321,H18,H22,809,981,33,33
H22,Cell Multiplication mk3,237,Cells,178,1.50e322,H18,H22,809,981,33,33
H22,Cell Multiplication mk3,238,Cells,178,4.25e322,H18,H22,809,981,33,33
H22,Cell Multiplication mk3,239,Cells,178,1.21e323,H18,H22,809,981,33,33
H22,Cell Multiplication mk3,240,Cells,178,3.44e323,H18,H22,809,981,33,33
H22,Cell Multiplication mk3,241,Cells,178,9.80e323,H18,H22,809,981,33,33
H22,Cell Multiplication mk3,242,Cells,178,2.80e324,H18,H22,809,981,33,33
H22,Cell Multiplication mk3,243,Cells,178,8.04e324,H18,H22,809,981,33,33
H22,Cell Multiplication mk3,244,Cells,178,2.31e325,H18,H22,809,981,33,33
H22,Cell Multiplication mk3,245,Cells,178,6.65e325,H18,H22,809,981,33,33
H22,Cell Multiplication mk3,246,Cells,178,1.92e326,H18,H22,809,981,33,33
H22,Cell Multiplication mk3,247,Cells,178,5.56e326,H18,H22,809,981,33,33
H22,Cell Multiplication mk3,248,Cells,178,1.61e327,H18,H22,809,981,33,33
H22,Cell Multiplication mk3,249,Cells,178,4.69e327,H18,H22,809,981,33,33
H22,Cell Multiplication mk3,250,Cells,178,1.37e328,H18,H22,809,981,33,33
H22,Cell Multiplication mk3,251,Cells,178,3.99e328,H18,H22,809,981,33,33
H22,Cell Multiplication mk3,252,Cells,178,1.17e329,H18,H22,809,981,33,33
H22,Cell Multiplication mk3,253,Cells,178,3.43e329,H18,H22,809,981,33,33
H22,Cell Multiplication mk3,254,Cells,178,1.01e330,H18,H22,809,981,33,33
H22,Cell Multiplication mk3,255,Cells,178,2.97e330,H18,H22,809,981,33,33
H22,Cell Multiplication mk3,256,Cells,178,8.78e330,H18,H22,809,981,33,33
H22,Cell Multiplication mk3,257,Cells,178,2.60e331,H18,H22,809,981,33,33
H22,Cell Multiplication mk3,258,Cells,178,7.72e331,H18,H22,809,981,33,33
H22,Cell Multiplication mk3,259,Cells,178,2.30e332,H18,H22,809,981,33,33
H22,Cell Multiplication mk3,260,Cells,178,6.85e332,H18,H22,809,981,33,33
H22,Cell Multiplication mk3,261,Cells,178,2.05e333,H18,H22,809,981,33,33
H22,Cell Multiplication mk3,262,Cells,178,6.14e333,H18,H22,809,981,33,33
H22,Cell Multiplication mk3,263,Cells,178,1.84e334,H18,H22,809,981,33,33
H22,Cell Multiplication mk3,264,Cells,178,5.54e334,H18,H22,809,981,33,33
H22,Cell Multiplication mk3,265,Cells,178,1.67e335,H18,H22,809,981,33,33
H22,Cell Multiplication mk3,266,Cells,178,5.06e335,H18,H22,809,981,33,33
H22,Cell Multiplication mk3,267,Cells,178,1.53e336,H18,H22,809,981,33,33
H22,Cell Multiplication mk3,268,Cells,178,4.65e336,H18,H22,809,981,33,33
H22,Cell Multiplication mk3,269,Cells,178,1.42e337,H18,H22,809,981,33,33
H22,Cell Multiplication mk3,270,Cells,178,4.32e337,H18,H22,809,981,33,33
H22,Cell Multiplication mk3,271,Cells,178,1.32e338,H18,H22,809,981,33,33
H22,Cell Multiplication mk3,272,Cells,178,4.05e338,H18,H22,809,981,33,33
H22,Cell Multiplication mk3,273,Cells,178,1.24e339,H18,H22,809,981,33,33
H22,Cell Multiplication mk3,274,Cells,178,3.83e339,H18,H22,809,981,33,33
H22,Cell Multiplication mk3,275,Cells,178,1.18e340,H18,H22,809,981,33,33
H22,Cell Multiplication mk3,276,Cells,178,3.65e340,H18,H22,809,981,33,33
H22,Cell Multiplication mk3,277,Cells,178,1.13e341,H18,H22,809,981,33,33
H22,Cell Multiplication mk3,278,Cells,178,3.51e341,H18,H22,809,981,33,33
H22,Cell Multiplication mk3,279,Cells,178,1.09e342,H18,H22,809,981,33,33
H22,Cell Multiplication mk3,280,Cells,178,3.41e342,H18,H22,809,981,33,33
H22,Cell Multiplication mk3,281,Cells,178,1.07e343,H18,H22,809,981,33,33
H22,Cell Multiplication mk3,282,Cells,178,3.34e343,H18,H22,809,981,33,33
H22,Cell Multiplication mk3,283,Cells,178,1.05e344,H18,H22,809,981,33,33
H22,Cell Multiplication mk3,284,Cells,178,3.30e344,H18,H22,809,981,33,33
H22,Cell Multiplication mk3,285,Cells,178,1.04e345,H18,H22,809,981,33,33
H22,Cell Multiplication mk3,286,Cells,178,3.29e345,H18,H22,809,981,33,33
H22,Cell Multiplication mk3,287,Cells,178,1.04e346,H18,H22,809,981,33,33
H22,Cell Multiplication mk3,288,Cells,178,3.30e346,H18,H22,809,981,33,33
H22,Cell Multiplication mk3,289,Cells,178,1.05e347,H18,H22,809,981,33,33
H22,Cell Multiplication mk3,290,Cells,178,3.35e347,H18,H22,809,981,33,33
H22,Cell Multiplication mk3,291,Cells,178,1.07e348,H18,H22,809,981,33,33
H22,Cell Multiplication mk3,292,Cells,178,3.42e348,H18,H22,809,981,33,33
H22,Cell Multiplication mk3,293,Cells,178,1.10e349,H18,H22,809,981,33,33
H22,Cell Multiplication mk3,294,Cells,178,3.53e349,H18,H22,809,981,33,33
H22,Cell Multiplication mk3,295,Cells,178,1.14e350,H18,H22,809,981,33,33
H22,Cell Multiplication mk3,296,Cells,178,3.68e350,H18,H22,809,981,33,33
H22,Cell Multiplication mk3,297,Cells,178,1.19e351,H18,H22,809,981,33,33
H22,Cell Multiplication mk3,298,Cells,178,3.86e351,H18,H22,809,981,33,33
H22,Cell Multiplication mk3,299,Cells,178,1.25e352,H18,H22,809,981,33,33
H22,Cell Multiplication mk3,300,Cells,178,4.08e352,H18,H22,809,981,33,33
H22,Cell Multiplication mk3,301,Cells,178,1.33e353,H18,H22,809,981,33,33
H22,Cell Multiplication mk3,302,Cells,178,4.36e353,H18,H22,809,981,33,33
H22,Cell Multiplication mk3,303,Cells,178,1.43e354,H18,H22,809,981,33,33
H22,Cell Multiplication mk3,304,Cells,178,4.69e354,H18,H22,809,981,33,33
H22,Cell Multiplication mk3,305,Cells,178,1.54e355,H18,H22,809,981,33,33
H22,Cell Multiplication mk3,306,Cells,178,5.09e355,H18,H22,809,981,33,33
H22,Cell Multiplication mk3,307,Cells,178,1.68e356,H18,H22,809,981,33,33
H22,Cell Multiplication mk3,308,Cells,178,5.58e356,H18,H22,809,981,33,33
H22,Cell Multiplication mk3,309,Cells,178,1.85e357,H18,H22,809,981,33,33
H22,Cell Multiplication mk3,310,Cells,178,6.16e357,H18,H22,809,981,33,33
H22,Cell Multiplication mk3,311,Cells,178,2.05e358,H18,H22,809,981,33,33
H22,Cell Multiplication mk3,312,Cells,178,6.85e358,H18,H22,809,981,33,33
H22,Cell Multiplication mk3,313,Cells,178,2.29e359,H18,H22,809,981,33,33
H22,Cell Multiplication mk3,314,Cells,178,7.69e359,H18,H22,809,981,33,33
H22,Cell Multiplication mk3,315,Cells,178,2.58e360,H18,H22,809,981,33,33
H22,Cell Multiplication mk3,316,Cells,178,8.70e360,H18,H22,809,981,33,33
H22,Cell Multiplication mk3,317,Cells,178,2.94e361,H18,H22,809,981,33,33
H22,Cell Multiplication mk3,318,Cells,178,9.93e361,H18,H22,809,981,33,33
H22,Cell Multiplication mk3,319,Cells,178,3.36e362,H18,H22,809,981,33,33
H22,Cell Multiplication mk3,320,Cells,178,1.14e363,H18,H22,809,981,33,33
H22,Cell Multiplication mk3,321,Cells,178,3.89e363,H18,H22,809,981,33,33
H22,Cell Multiplication mk3,322,Cells,178,1.33e364,H18,H22,809,981,33,33
H22,Cell Multiplication mk3,323,Cells,178,4.53e364,H18,H22,809,981,33,33
H22,Cell Multiplication mk3,324,Cells,178,1.55e365,H18,H22,809,981,33,33
H22,Cell Multiplication mk3,325,Cells,178,5.32e365,H18,H22,809,981,33,33
H22,Cell Multiplication mk3,326,Cells,178,1.83e366,H18,H22,809,981,33,33
H22,Cell Multiplication mk3,327,Cells,178,6.29e366,H18,H22,809,981,33,33
H22,Cell Multiplication mk3,328,Cells,178,2.17e367,H18,H22,809,981,33,33
H22,Cell Multiplication mk3,329,Cells,178,7.51e367,H18,H22,809,981,33,33
H22,Cell Multiplication mk3,330,Cells,178,2.60e368,H18,H22,809,981,33,33
H22,Cell Multiplication mk3,331,Cells,178,9.03e368,H18,H22,809,981,33,33
H22,Cell Multiplication mk3,332,Cells,178,3.14e369,H18,H22,809,981,33,33
H22,Cell Multiplication mk3,333,Cells,178,1.10e370,H18,H22,809,981,33,33
H22,Cell Multiplication mk3,334,Cells,178,3.83e370,H18,H22,809,981,33,33
H22,Cell Multiplication mk3,335,Cells,178,1.34e371,H18,H22,809,981,33,33
H22,Cell Multiplication mk3,336,Cells,178,4.69e371,H18,H22,809,981,33,33
H22,Cell Multiplication mk3,337,Cells,178,1.65e372,H18,H22,809,981,33,33
H22,Cell Multiplication mk3,338,Cells,178,5.81e372,H18,H22,809,981,33,33
H22,Cell Multiplication mk3,339,Cells,178,2.05e373,H18,H22,809,981,33,33
H22,Cell Multiplication mk3,340,Cells,178,7.24e373,H18,H22,809,981,33,33
H22,Cell Multiplication mk3,341,Cells,178,2.56e374,H18,H22,809,981,33,33
H22,Cell Multiplication mk3,342,Cells,178,9.10e374,H18,H22,809,981,33,33
H22,Cell Multiplication mk3,343,Cells,178,3.24e375,H18,H22,809,981,33,33
H22,Cell Multiplication mk3,344,Cells,178,1.15e376,H18,H22,809,981,33,33
H22,Cell Multiplication mk3,345,Cells,178,4.12e376,H18,H22,809,981,33,33
H22,Cell Multiplication mk3,346,Cells,178,1.47e377,H18,H22,809,981,33,33
H22,Cell Multiplication mk3,347,Cells,178,5.27e377,H18,H22,809,981,33,33
H22,Cell Multiplication mk3,348,Cells,178,1.89e378,H18,H22,809,981,33,33
H22,Cell Multiplication mk3,349,Cells,178,6.81e378,H18,H22,809,981,33,33
H22,Cell Multiplication mk3,350,Cells,178,2.46e379,H18,H22,809,981,33,33
H22,Cell Multiplication mk3,351,Cells,178,8.87e379,H18,H22,809,981,33,33
H22,Cell Multiplication mk3,352,Cells,178,3.21e380,H18,H22,809,981,33,33
H22,Cell Multiplication mk3,353,Cells,178,1.16e381,H18,H22,809,981,33,33
H22,Cell Multiplication mk3,354,Cells,178,4.23e381,H18,H22,809,981,33,33
H22,Cell Multiplication mk3,355,Cells,178,1.54e382,H18,H22,809,981,33,33
H22,Cell Multiplication mk3,356,Cells,178,5.61e382,H18,H22,809,981,33,33
H22,Cell Multiplication mk3,357,Cells,178,2.05e383,H18,H22,809,981,33,33
H22,Cell Multiplication mk3,358,Cells,178,7.50e383,H18,H22,809,981,33,33
H22,Cell Multiplication mk3,359,Cells,178,2.75e384,H18,H22,809,981,33,33
H22,Cell Multiplication mk3,360,Cells,178,1.01e385,H18,H22,809,981,33,33
H22,Cell Multiplication mk3,361,Cells,178,3.72e385,H18,H22,809,981,33,33
H22,Cell Multiplication mk3,362,Cells,178,1.37e386,H18,H22,809,981,33,33
H22,Cell Multiplication mk3,363,Cells,178,5.08e386,H18,H22,809,981,33,33
H22,Cell Multiplication mk3,364,Cells,178,1.88e387,H18,H22,809,981,33,33
H22,Cell Multiplication mk3,365,Cells,178,6.97e387,H18,H22,809,981,33,33
H22,Cell Multiplication mk3,366,Cells,178,2.59e388,H18,H22,809,981,33,33
H22,Cell Multiplication mk3,367,Cells,178,9.65e388,H18,H22,809,981,33,33
H22,Cell Multiplication mk3,368,Cells,178,3.60e389,H18,H22,809,981,33,33
H22,Cell Multiplication mk3,369,Cells,178,1.35e390,H18,H22,809,981,33,33
H22,Cell Multiplication mk3,370,Cells,178,5.04e390,H18,H22,809,981,33,33
H22,Cell Multiplication mk3,371,Cells,178,1.89e391,H18,H22,809,981,33,33
H22,Cell Multiplication mk3,372,Cells,178,7.11e391,H18,H22,809,981,33,33
H22,Cell Multiplication mk3,373,Cells,178,2.68e392,H18,H22,809,981,33,33
H22,Cell Multiplication mk3,374,Cells,178,1.01e393,H18,H22,809,981,33,33
H22,Cell Multiplication mk3,375,Cells,178,3.82e393,H18,H22,809,981,33,33
H22,Cell Multiplication mk3,376,Cells,178,1.45e394,H18,H22,809,981,33,33
H22,Cell Multiplication mk3,377,Cells,178,5.49e394,H18,H22,809,981,33,33
H22,Cell Multiplication mk3,378,Cells,178,2.09e395,H18,H22,809,981,33,33
H22,Cell Multiplication mk3,379,Cells,178,7.95e395,H18,H22,809,981,33,33
H22,Cell Multiplication mk3,380,Cells,178,3.03e396,H18,H22,809,981,33,33
H22,Cell Multiplication mk3,381,Cells,178,1.16e397,H18,H22,809,981,33,33
H22,Cell Multiplication mk3,382,Cells,178,4.44e397,H18,H22,809,981,33,33
H22,Cell Multiplication mk3,383,Cells,178,1.70e398,H18,H22,809,981,33,33
H22,Cell Multiplication mk3,384,Cells,178,6.55e398,H18,H22,809,981,33,33
H22,Cell Multiplication mk3,385,Cells,178,2.52e399,H18,H22,809,981,33,33
H22,Cell Multiplication mk3,386,Cells,178,9.72e399,H18,H22,809,981,33,33
H23,Level Enhance mk5,1,Cells,179,5.00e270,H22,H23,809,943,33,33
H23,Level Enhance mk5,2,Cells,179,2.50e271,H22,H23,809,943,33,33
H23,Level Enhance mk5,3,Cells,179,1.25e272,H22,H23,809,943,33,33
H23,Level Enhance mk5,4,Cells,179,6.25e272,H22,H23,809,943,33,33
H23,Level Enhance mk5,5,Cells,179,3.13e273,H22,H23,809,943,33,33
H23,Level Enhance mk5,6,Cells,179,1.56e274,H22,H23,809,943,33,33
H23,Level Enhance mk5,7,Cells,179,7.81e274,H22,H23,809,943,33,33
H23,Level Enhance mk5,8,Cells,179,3.91e275,H22,H23,809,943,33,33
H23,Level Enhance mk5,9,Cells,179,1.95e276,H22,H23,809,943,33,33
H23,Level Enhance mk5,10,Cells,179,9.77e276,H22,H23,809,943,33,33
H23,Level Enhance mk5,11,Cells,179,4.88e277,H22,H23,809,943,33,33
H23,Level Enhance mk5,12,Cells,179,2.44e278,H22,H23,809,943,33,33
H23,Level Enhance mk5,13,Cells,179,1.22e279,H22,H23,809,943,33,33
H23,Level Enhance mk5,14,Cells,179,6.10e279,H22,H23,809,943,33,33
H23,Level Enhance mk5,15,Cells,179,3.05e280,H22,H23,809,943,33,33
H25,Level Enhance mk7,1,Cells,180,7.00e270,H23,H25,847,943,33,34
H25,Level Enhance mk7,2,Cells,180,4.90e271,H23,H25,847,943,33,34
H25,Level Enhance mk7,3,Cells,180,3.43e272,H23,H25,847,943,33,34
H25,Level Enhance mk7,4,Cells,180,2.40e273,H23,H25,847,943,33,34
H25,Level Enhance mk7,5,Cells,180,1.68e274,H23,H25,847,943,33,34
H25,Level Enhance mk7,6,Cells,180,1.18e275,H23,H25,847,943,33,34
H25,Level Enhance mk7,7,Cells,180,8.24e275,H23,H25,847,943,33,34
H25,Level Enhance mk7,8,Cells,180,5.76e276,H23,H25,847,943,33,34
H25,Level Enhance mk7,9,Cells,180,4.04e277,H23,H25,847,943,33,34
H25,Level Enhance mk7,10,Cells,180,2.82e278,H23,H25,847,943,33,34
H25,Level Enhance mk7,11,Cells,180,1.98e279,H23,H25,847,943,33,34
H25,Level Enhance mk7,12,Cells,180,1.38e280,H23,H25,847,943,33,34
H25,Level Enhance mk7,13,Cells,180,9.69e280,H23,H25,847,943,33,34
H25,Level Enhance mk7,14,Cells,180,6.78e281,H23,H25,847,943,33,34
H25,Level Enhance mk7,15,Cells,180,4.75e282,H23,H25,847,943,33,34
H27,Cell Multiplication mk4,1,Cells,181,9.99e285,H25,H27,886,943,33,34
H27,Cell Multiplication mk4,2,Cells,181,3.75e286,H25,H27,886,943,33,34
H27,Cell Multiplication mk4,3,Cells,181,1.40e287,H25,H27,886,943,33,34
H27,Cell Multiplication mk4,4,Cells,181,5.27e287,H25,H27,886,943,33,34
H27,Cell Multiplication mk4,5,Cells,181,1.98e288,H25,H27,886,943,33,34
H27,Cell Multiplication mk4,6,Cells,181,7.41e288,H25,H27,886,943,33,34
H27,Cell Multiplication mk4,7,Cells,181,2.78e289,H25,H27,886,943,33,34
H27,Cell Multiplication mk4,8,Cells,181,1.04e290,H25,H27,886,943,33,34
H27,Cell Multiplication mk4,9,Cells,181,3.91e290,H25,H27,886,943,33,34
H27,Cell Multiplication mk4,10,Cells,181,1.47e291,H25,H27,886,943,33,34
H27,Cell Multiplication mk4,11,Cells,181,5.49e291,H25,H27,886,943,33,34
H27,Cell Multiplication mk4,12,Cells,181,2.06e292,H25,H27,886,943,33,34
H27,Cell Multiplication mk4,13,Cells,181,7.73e292,H25,H27,886,943,33,34
H27,Cell Multiplication mk4,14,Cells,181,2.90e293,H25,H27,886,943,33,34
H27,Cell Multiplication mk4,15,Cells,181,1.09e294,H25,H27,886,943,33,34
H27,Cell Multiplication mk4,16,Cells,181,4.07e294,H25,H27,886,943,33,34
H27,Cell Multiplication mk4,17,Cells,181,1.53e295,H25,H27,886,943,33,34
H27,Cell Multiplication mk4,18,Cells,181,5.73e295,H25,H27,886,943,33,34
H27,Cell Multiplication mk4,19,Cells,181,2.15e296,H25,H27,886,943,33,34
H27,Cell Multiplication mk4,20,Cells,181,8.06e296,H25,H27,886,943,33,34
H27,Cell Multiplication mk4,21,Cells,181,3.02e297,H25,H27,886,943,33,34
H27,Cell Multiplication mk4,22,Cells,181,1.13e298,H25,H27,886,943,33,34
H27,Cell Multiplication mk4,23,Cells,181,4.25e298,H25,H27,886,943,33,34
H27,Cell Multiplication mk4,24,Cells,181,1.59e299,H25,H27,886,943,33,34
H27,Cell Multiplication mk4,25,Cells,181,5.97e299,H25,H27,886,943,33,34
H27,Cell Multiplication mk4,26,Cells,181,2.24e300,H25,H27,886,943,33,34
H27,Cell Multiplication mk4,27,Cells,181,8.40e300,H25,H27,886,943,33,34
H27,Cell Multiplication mk4,28,Cells,181,3.15e301,H25,H27,886,943,33,34
H27,Cell Multiplication mk4,29,Cells,181,1.18e302,H25,H27,886,943,33,34
H27,Cell Multiplication mk4,30,Cells,181,4.43e302,H25,H27,886,943,33,34
H27,Cell Multiplication mk4,31,Cells,181,1.66e303,H25,H27,886,943,33,34
H27,Cell Multiplication mk4,32,Cells,181,6.23e303,H25,H27,886,943,33,34
H27,Cell Multiplication mk4,33,Cells,181,2.34e304,H25,H27,886,943,33,34
H27,Cell Multiplication mk4,34,Cells,181,8.76e304,H25,H27,886,943,33,34
H27,Cell Multiplication mk4,35,Cells,181,3.29e305,H25,H27,886,943,33,34
H27,Cell Multiplication mk4,36,Cells,181,1.23e306,H25,H27,886,943,33,34
H27,Cell Multiplication mk4,37,Cells,181,4.62e306,H25,H27,886,943,33,34
H27,Cell Multiplication mk4,38,Cells,181,1.73e307,H25,H27,886,943,33,34
H27,Cell Multiplication mk4,39,Cells,181,6.50e307,H25,H27,886,943,33,34
H27,Cell Multiplication mk4,40,Cells,181,2.44e308,H25,H27,886,943,33,34
H27,Cell Multiplication mk4,41,Cells,181,9.14e308,H25,H27,886,943,33,34
H27,Cell Multiplication mk4,42,Cells,181,3.43e309,H25,H27,886,943,33,34
H27,Cell Multiplication mk4,43,Cells,181,1.28e310,H25,H27,886,943,33,34
H27,Cell Multiplication mk4,44,Cells,181,4.82e310,H25,H27,886,943,33,34
H27,Cell Multiplication mk4,45,Cells,181,1.81e311,H25,H27,886,943,33,34
H27,Cell Multiplication mk4,46,Cells,181,6.78e311,H25,H27,886,943,33,34
H27,Cell Multiplication mk4,47,Cells,181,2.54e312,H25,H27,886,943,33,34
H27,Cell Multiplication mk4,48,Cells,181,9.53e312,H25,H27,886,943,33,34
H27,Cell Multiplication mk4,49,Cells,181,3.57e313,H25,H27,886,943,33,34
H27,Cell Multiplication mk4,50,Cells,181,1.34e314,H25,H27,886,943,33,34
H27,Cell Multiplication mk4,51,Cells,181,5.02e314,H25,H27,886,943,33,34
H27,Cell Multiplication mk4,52,Cells,181,1.88e315,H25,H27,886,943,33,34
H27,Cell Multiplication mk4,53,Cells,181,7.07e315,H25,H27,886,943,33,34
H27,Cell Multiplication mk4,54,Cells,181,2.65e316,H25,H27,886,943,33,34
H27,Cell Multiplication mk4,55,Cells,181,9.94e316,H25,H27,886,943,33,34
H27,Cell Multiplication mk4,56,Cells,181,3.73e317,H25,H27,886,943,33,34
H27,Cell Multiplication mk4,57,Cells,181,1.40e318,H25,H27,886,943,33,34
H27,Cell Multiplication mk4,58,Cells,181,5.24e318,H25,H27,886,943,33,34
H27,Cell Multiplication mk4,59,Cells,181,1.97e319,H25,H27,886,943,33,34
H27,Cell Multiplication mk4,60,Cells,181,7.37e319,H25,H27,886,943,33,34
H27,Cell Multiplication mk4,61,Cells,181,2.76e320,H25,H27,886,943,33,34
H27,Cell Multiplication mk4,62,Cells,181,1.04e321,H25,H27,886,943,33,34
H27,Cell Multiplication mk4,63,Cells,181,3.89e321,H25,H27,886,943,33,34
H27,Cell Multiplication mk4,64,Cells,181,1.46e322,H25,H27,886,943,33,34
H27,Cell Multiplication mk4,65,Cells,181,5.46e322,H25,H27,886,943,33,34
H27,Cell Multiplication mk4,66,Cells,181,2.05e323,H25,H27,886,943,33,34
H27,Cell Multiplication mk4,67,Cells,181,7.68e323,H25,H27,886,943,33,34
H27,Cell Multiplication mk4,68,Cells,181,2.88e324,H25,H27,886,943,33,34
H27,Cell Multiplication mk4,69,Cells,181,1.08e325,H25,H27,886,943,33,34
H27,Cell Multiplication mk4,70,Cells,181,4.05e325,H25,H27,886,943,33,34
H27,Cell Multiplication mk4,71,Cells,181,1.52e326,H25,H27,886,943,33,34
H27,Cell Multiplication mk4,72,Cells,181,5.70e326,H25,H27,886,943,33,34
H27,Cell Multiplication mk4,73,Cells,181,2.14e327,H25,H27,886,943,33,34
H27,Cell Multiplication mk4,74,Cells,181,8.01e327,H25,H27,886,943,33,34
H27,Cell Multiplication mk4,75,Cells,181,3.01e328,H25,H27,886,943,33,34
H27,Cell Multiplication mk4,76,Cells,181,1.13e329,H25,H27,886,943,33,34
H27,Cell Multiplication mk4,77,Cells,181,4.23e329,H25,H27,886,943,33,34
H27,Cell Multiplication mk4,78,Cells,181,1.58e330,H25,H27,886,943,33,34
H27,Cell Multiplication mk4,79,Cells,181,5.94e330,H25,H27,886,943,33,34
H27,Cell Multiplication mk4,80,Cells,181,2.23e331,H25,H27,886,943,33,34
H27,Cell Multiplication mk4,81,Cells,181,8.36e331,H25,H27,886,943,33,34
H27,Cell Multiplication mk4,82,Cells,181,3.13e332,H25,H27,886,943,33,34
H27,Cell Multiplication mk4,83,Cells,181,1.18e333,H25,H27,886,943,33,34
H27,Cell Multiplication mk4,84,Cells,181,4.41e333,H25,H27,886,943,33,34
H27,Cell Multiplication mk4,85,Cells,181,1.65e334,H25,H27,886,943,33,34
H27,Cell Multiplication mk4,86,Cells,181,6.20e334,H25,H27,886,943,33,34
H27,Cell Multiplication mk4,87,Cells,181,2.32e335,H25,H27,886,943,33,34
H27,Cell Multiplication mk4,88,Cells,181,8.72e335,H25,H27,886,943,33,34
H27,Cell Multiplication mk4,89,Cells,181,3.27e336,H25,H27,886,943,33,34
H27,Cell Multiplication mk4,90,Cells,181,1.23e337,H25,H27,886,943,33,34
H27,Cell Multiplication mk4,91,Cells,181,4.60e337,H25,H27,886,943,33,34
H27,Cell Multiplication mk4,92,Cells,181,1.72e338,H25,H27,886,943,33,34
H27,Cell Multiplication mk4,93,Cells,181,6.46e338,H25,H27,886,943,33,34
H27,Cell Multiplication mk4,94,Cells,181,2.42e339,H25,H27,886,943,33,34
H27,Cell Multiplication mk4,95,Cells,181,9.09e339,H25,H27,886,943,33,34
H27,Cell Multiplication mk4,96,Cells,181,3.41e340,H25,H27,886,943,33,34
H27,Cell Multiplication mk4,97,Cells,181,1.28e341,H25,H27,886,943,33,34
H27,Cell Multiplication mk4,98,Cells,181,4.79e341,H25,H27,886,943,33,34
H27,Cell Multiplication mk4,99,Cells,181,1.80e342,H25,H27,886,943,33,34
H27,Cell Multiplication mk4,100,Cells,181,6.74e342,H25,H27,886,943,33,34
H27,Cell Multiplication mk4,101,Cells,181,2.53e343,H25,H27,886,943,33,34
H27,Cell Multiplication mk4,102,Cells,181,9.48e343,H25,H27,886,943,33,34
H27,Cell Multiplication mk4,103,Cells,181,3.55e344,H25,H27,886,943,33,34
H27,Cell Multiplication mk4,104,Cells,181,1.33e345,H25,H27,886,943,33,34
H27,Cell Multiplication mk4,105,Cells,181,5.00e345,H25,H27,886,943,33,34
H27,Cell Multiplication mk4,106,Cells,181,1.87e346,H25,H27,886,943,33,34
H27,Cell Multiplication mk4,107,Cells,181,7.03e346,H25,H27,886,943,33,34
H27,Cell Multiplication mk4,108,Cells,181,2.64e347,H25,H27,886,943,33,34
H27,Cell Multiplication mk4,109,Cells,181,9.88e347,H25,H27,886,943,33,34
H27,Cell Multiplication mk4,110,Cells,181,3.71e348,H25,H27,886,943,33,34
H27,Cell Multiplication mk4,111,Cells,181,1.39e349,H25,H27,886,943,33,34
H27,Cell Multiplication mk4,112,Cells,181,5.21e349,H25,H27,886,943,33,34
H27,Cell Multiplication mk4,113,Cells,181,1.95e350,H25,H27,886,943,33,34
H27,Cell Multiplication mk4,114,Cells,181,7.33e350,H25,H27,886,943,33,34
H27,Cell Multiplication mk4,115,Cells,181,2.75e351,H25,H27,886,943,33,34
H27,Cell Multiplication mk4,116,Cells,181,1.03e352,H25,H27,886,943,33,34
H27,Cell Multiplication mk4,117,Cells,181,3.87e352,H25,H27,886,943,33,34
H27,Cell Multiplication mk4,118,Cells,181,1.45e353,H25,H27,886,943,33,34
H27,Cell Multiplication mk4,119,Cells,181,5.44e353,H25,H27,886,943,33,34
H27,Cell Multiplication mk4,120,Cells,181,2.04e354,H25,H27,886,943,33,34
H27,Cell Multiplication mk4,121,Cells,181,7.64e354,H25,H27,886,943,33,34
H27,Cell Multiplication mk4,122,Cells,181,2.87e355,H25,H27,886,943,33,34
H27,Cell Multiplication mk4,123,Cells,181,1.07e356,H25,H27,886,943,33,34
H27,Cell Multiplication mk4,124,Cells,181,4.03e356,H25,H27,886,943,33,34
H27,Cell Multiplication mk4,125,Cells,181,1.51e357,H25,H27,886,943,33,34
H27,Cell Multiplication mk4,126,Cells,181,5.67e357,H25,H27,886,943,33,34
H27,Cell Multiplication mk4,127,Cells,181,2.13e358,H25,H27,886,943,33,34
H27,Cell Multiplication mk4,128,Cells,181,7.97e358,H25,H27,886,943,33,34
H27,Cell Multiplication mk4,129,Cells,181,2.99e359,H25,H27,886,943,33,34
H27,Cell Multiplication mk4,130,Cells,181,1.12e360,H25,H27,886,943,33,34
H27,Cell Multiplication mk4,131,Cells,181,4.20e360,H25,H27,886,943,33,34
H27,Cell Multiplication mk4,132,Cells,181,1.58e361,H25,H27,886,943,33,34
H27,Cell Multiplication mk4,133,Cells,181,5.91e361,H25,H27,886,943,33,34
H27,Cell Multiplication mk4,134,Cells,181,2.22e362,H25,H27,886,943,33,34
H27,Cell Multiplication mk4,135,Cells,181,8.31e362,H25,H27,886,943,33,34
H27,Cell Multiplication mk4,136,Cells,181,3.12e363,H25,H27,886,943,33,34
H27,Cell Multiplication mk4,137,Cells,181,1.17e364,H25,H27,886,943,33,34
H27,Cell Multiplication mk4,138,Cells,181,4.38e364,H25,H27,886,943,33,34
H27,Cell Multiplication mk4,139,Cells,181,1.64e365,H25,H27,886,943,33,34
H27,Cell Multiplication mk4,140,Cells,181,6.16e365,H25,H27,886,943,33,34
H27,Cell Multiplication mk4,141,Cells,181,2.31e366,H25,H27,886,943,33,34
H27,Cell Multiplication mk4,142,Cells,181,8.67e366,H25,H27,886,943,33,34
H27,Cell Multiplication mk4,143,Cells,181,3.25e367,H25,H27,886,943,33,34
H27,Cell Multiplication mk4,144,Cells,181,1.22e368,H25,H27,886,943,33,34
H27,Cell Multiplication mk4,145,Cells,181,4.57e368,H25,H27,886,943,33,34
H27,Cell Multiplication mk4,146,Cells,181,1.71e369,H25,H27,886,943,33,34
H27,Cell Multiplication mk4,147,Cells,181,6.43e369,H25,H27,886,943,33,34
H27,Cell Multiplication mk4,148,Cells,181,2.41e370,H25,H27,886,943,33,34
H27,Cell Multiplication mk4,149,Cells,181,9.04e370,H25,H27,886,943,33,34
H27,Cell Multiplication mk4,150,Cells,181,3.39e371,H25,H27,886,943,33,34
H27,Cell Multiplication mk4,151,Cells,181,1.27e372,H25,H27,886,943,33,34
H27,Cell Multiplication mk4,152,Cells,181,4.77e372,H25,H27,886,943,33,34
H27,Cell Multiplication mk4,153,Cells,181,1.79e373,H25,H27,886,943,33,34
H27,Cell Multiplication mk4,154,Cells,181,6.70e373,H25,H27,886,943,33,34
H27,Cell Multiplication mk4,155,Cells,181,2.51e374,H25,H27,886,943,33,34
H27,Cell Multiplication mk4,156,Cells,181,9.43e374,H25,H27,886,943,33,34
H27,Cell Multiplication mk4,157,Cells,181,3.54e375,H25,H27,886,943,33,34
H27,Cell Multiplication mk4,158,Cells,181,1.33e376,H25,H27,886,943,33,34
H27,Cell Multiplication mk4,159,Cells,181,4.97e376,H25,H27,886,943,33,34
H27,Cell Multiplication mk4,160,Cells,181,1.86e377,H25,H27,886,943,33,34
H27,Cell Multiplication mk4,161,Cells,181,6.99e377,H25,H27,886,943,33,34
H27,Cell Multiplication mk4,162,Cells,181,2.62e378,H25,H27,886,943,33,34
H27,Cell Multiplication mk4,163,Cells,181,9.83e378,H25,H27,886,943,33,34
H27,Cell Multiplication mk4,164,Cells,181,3.69e379,H25,H27,886,943,33,34
H27,Cell Multiplication mk4,165,Cells,181,1.38e380,H25,H27,886,943,33,34
H27,Cell Multiplication mk4,166,Cells,181,5.18e380,H25,H27,886,943,33,34
H27,Cell Multiplication mk4,167,Cells,181,1.94e381,H25,H27,886,943,33,34
H27,Cell Multiplication mk4,168,Cells,181,7.29e381,H25,H27,886,943,33,34
H27,Cell Multiplication mk4,169,Cells,181,2.73e382,H25,H27,886,943,33,34
H27,Cell Multiplication mk4,170,Cells,181,1.03e383,H25,H27,886,943,33,34
H27,Cell Multiplication mk4,171,Cells,181,3.84e383,H25,H27,886,943,33,34
H27,Cell Multiplication mk4,172,Cells,181,1.44e384,H25,H27,886,943,33,34
H27,Cell Multiplication mk4,173,Cells,181,5.41e384,H25,H27,886,943,33,34
H27,Cell Multiplication mk4,174,Cells,181,2.03e385,H25,H27,886,943,33,34
H27,Cell Multiplication mk4,175,Cells,181,7.60e385,H25,H27,886,943,33,34
H27,Cell Multiplication mk4,176,Cells,181,2.85e386,H25,H27,886,943,33,34
H27,Cell Multiplication mk4,177,Cells,181,1.07e387,H25,H27,886,943,33,34
H27,Cell Multiplication mk4,178,Cells,181,4.01e387,H25,H27,886,943,33,34
H27,Cell Multiplication mk4,179,Cells,181,1.50e388,H25,H27,886,943,33,34
H27,Cell Multiplication mk4,180,Cells,181,5.64e388,H25,H27,886,943,33,34
H27,Cell Multiplication mk4,181,Cells,181,2.11e389,H25,H27,886,943,33,34
H27,Cell Multiplication mk4,182,Cells,181,7.93e389,H25,H27,886,943,33,34
H27,Cell Multiplication mk4,183,Cells,181,2.97e390,H25,H27,886,943,33,34
H27,Cell Multiplication mk4,184,Cells,181,1.12e391,H25,H27,886,943,33,34
H27,Cell Multiplication mk4,185,Cells,181,4.18e391,H25,H27,886,943,33,34
H27,Cell Multiplication mk4,186,Cells,181,1.57e392,H25,H27,886,943,33,34
H27,Cell Multiplication mk4,187,Cells,181,5.88e392,H25,H27,886,943,33,34
H27,Cell Multiplication mk4,188,Cells,181,2.21e393,H25,H27,886,943,33,34
H27,Cell Multiplication mk4,189,Cells,181,8.27e393,H25,H27,886,943,33,34
H27,Cell Multiplication mk4,190,Cells,181,3.10e394,H25,H27,886,943,33,34
H27,Cell Multiplication mk4,191,Cells,181,1.16e395,H25,H27,886,943,33,34
H27,Cell Multiplication mk4,192,Cells,181,4.36e395,H25,H27,886,943,33,34
H27,Cell Multiplication mk4,193,Cells,181,1.64e396,H25,H27,886,943,33,34
H27,Cell Multiplication mk4,194,Cells,181,6.13e396,H25,H27,886,943,33,34
H27,Cell Multiplication mk4,195,Cells,181,2.30e397,H25,H27,886,943,33,34
H27,Cell Multiplication mk4,196,Cells,181,8.62e397,H25,H27,886,943,33,34
H27,Cell Multiplication mk4,197,Cells,181,3.23e398,H25,H27,886,943,33,34
H27,Cell Multiplication mk4,198,Cells,181,1.21e399,H25,H27,886,943,33,34
H27,Cell Multiplication mk4,199,Cells,181,4.55e399,H25,H27,886,943,33,34
H29,Instant Diamond D,1,Diamonds,182,1.00e300,"H27,H28",H29,886,981,33,34
H30,Looper-Cell mk2,1,Unknown,183,2.00e320,H29,H30,847,981,33,34
H30,Looper-Cell mk2,2,Unknown,183,4.00e360,H29,H30,847,981,33,34
H18,Hyxin's Printable Genetics,1,Research,184,9.00e52,H16,H18,683,980,33,34
H18,Hyxin's Printable Genetics,2,Research,184,3.60e61,H16,H18,683,980,33,34
H18,Hyxin's Printable Genetics,3,Research,184,2.43e70,H16,H18,683,980,33,34
H18,Hyxin's Printable Genetics,4,Research,184,2.30e79,H16,H18,683,980,33,34
H18,Hyxin's Printable Genetics,5,Research,184,2.81e88,H16,H18,683,980,33,34
H18,Hyxin's Printable Genetics,6,Research,184,4.20e97,H16,H18,683,980,33,34
H18,Hyxin's Printable Genetics,7,Research,184,7.41e106,H16,H18,683,980,33,34
H18,Hyxin's Printable Genetics,8,Research,184,1.51e116,H16,H18,683,980,33,34
H18,Hyxin's Printable Genetics,9,Research,184,3.49e125,H16,H18,683,980,33,34
H18,Hyxin's Printable Genetics,10,Research,184,9.00e134,H16,H18,683,980,33,34
H18,Hyxin's Printable Genetics,11,Research,184,2.57e144,H16,H18,683,980,33,34
H18,Hyxin's Printable Genetics,12,Research,184,8.02e153,H16,H18,683,980,33,34
H18,Hyxin's Printable Genetics,13,Research,184,2.73e163,H16,H18,683,980,33,34
H18,Hyxin's Printable Genetics,14,Research,184,1.00e173,H16,H18,683,980,33,34
H18,Hyxin's Printable Genetics,15,Research,184,3.94e182,H16,H18,683,980,33,34
H18,Hyxin's Printable Genetics,16,Research,184,1.66e192,H16,H18,683,980,33,34
H18,Hyxin's Printable Genetics,17,Research,184,7.45e201,H16,H18,683,980,33,34
H18,Hyxin's Printable Genetics,18,Research,184,3.54e211,H16,H18,683,980,33,34
H18,Hyxin's Printable Genetics,19,Research,184,1.78e221,H16,H18,683,980,33,34
H18,Hyxin's Printable Genetics,20,Research,184,9.44e230,H16,H18,683,980,33,34
H18,Hyxin's Printable Genetics,21,Research,184,5.26e240,H16,H18,683,980,33,34
H18,Hyxin's Printable Genetics,22,Research,184,3.07e250,H16,H18,683,980,33,34
H18,Hyxin's Printable Genetics,23,Research,184,1.88e260,H16,H18,683,980,33,34
H18,Hyxin's Printable Genetics,24,Research,184,1.20e270,H16,H18,683,980,33,34
H18,Hyxin's Printable Genetics,25,Research,184,7.99e279,H16,H18,683,980,33,34
H18,Hyxin's Printable Genetics,26,Research,184,5.54e289,H16,H18,683,980,33,34
H18,Hyxin's Printable Genetics,27,Research,184,3.99e299,H16,H18,683,980,33,34
H18,Hyxin's Printable Genetics,28,Research,184,2.98e309,H16,H18,683,980,33,34
H18,Hyxin's Printable Genetics,29,Research,184,2.31e319,H16,H18,683,980,33,34
H18,Hyxin's Printable Genetics,30,Research,184,1.85e329,H16,H18,683,980,33,34
H18,Hyxin's Printable Genetics,31,Research,184,1.54e339,H16,H18,683,980,33,34
H18,Hyxin's Printable Genetics,32,Research,184,1.32e349,H16,H18,683,980,33,34
H18,Hyxin's Printable Genetics,33,Research,184,1.16e359,H16,H18,683,980,33,34
H18,Hyxin's Printable Genetics,34,Research,184,1.06e369,H16,H18,683,980,33,34
H18,Hyxin's Printable Genetics,35,Research,184,9.92e378,H16,H18,683,980,33,34
H18,Hyxin's Printable Genetics,36,Research,184,9.57e388,H16,H18,683,980,33,34
H18,Hyxin's Printable Genetics,37,Research,184,9.50e398,H16,H18,683,980,33,34
H16,Multi-Task Enhance 2,1,Research,185,5.00e48,H13,H16,644,980,33,34
H16,Multi-Task Enhance 2,2,Research,185,2.00e62,H13,H16,644,980,33,34
H16,Multi-Task Enhance 2,3,Research,185,1.35e76,H13,H16,644,980,33,34
H16,Multi-Task Enhance 2,4,Research,185,1.28e90,H13,H16,644,980,33,34
H16,Multi-Task Enhance 2,5,Research,185,1.56e104,H13,H16,644,980,33,34
H17,Gaiden's Law of Growth,1,MP,186,9.00e49,H16,H17,608,980,33,31
H17,Gaiden's Law of Growth,2,MP,186,3.24e81,H16,H17,608,980,33,31
H17,Gaiden's Law of Growth,3,MP,186,1.97e113,H16,H17,608,980,33,31
H20,Morag's Looping Thesis,1,Shards,187,8.00e100,H19,H20,608,1018,33,31
H19,Multi-Task Enhance 3,1,Research,188,5.00e96,H16,H19,644,1018,33,34
H19,Multi-Task Enhance 3,2,Research,188,1.00e121,H16,H19,644,1018,33,34
H19,Multi-Task Enhance 3,3,Research,188,3.38e145,H16,H19,644,1018,33,34
H19,Multi-Task Enhance 3,4,Research,188,1.60e170,H16,H19,644,1018,33,34
H19,Multi-Task Enhance 3,5,Research,188,9.77e194,H16,H19,644,1018,33,34
H21,Rule of Persistence,1,Shards,189,8.00e130,H19,H21,683,1018,33,34
H21,Rule of Persistence,2,Shards,189,2.56e162,H19,H21,683,1018,33,34
H21,Rule of Persistence,3,Shards,189,1.38e194,H19,H21,683,1018,33,34
H21,Rule of Persistence,4,Shards,189,1.05e226,H19,H21,683,1018,33,34
H21,Rule of Persistence,5,Shards,189,1.02e258,H19,H21,683,1018,33,34
H21,Rule of Persistence,6,Shards,189,1.22e290,H19,H21,683,1018,33,34
H21,Rule of Persistence,7,Shards,189,1.73e322,H19,H21,683,1018,33,34
H21,Rule of Persistence,8,Shards,189,2.81e354,H19,H21,683,1018,33,34
H21,Rule of Persistence,9,Shards,189,5.20e386,H19,H21,683,1018,33,34
B04,Time Dilation mk2,1,Tickspeed Mult,190,60.0,B03,B04,607,651,38,34
B04,Time Dilation mk2,2,Tickspeed Mult,190,143,B03,B04,607,651,38,34
B04,Time Dilation mk2,3,Tickspeed Mult,190,387,B03,B04,607,651,38,34
B04,Time Dilation mk2,4,Tickspeed Mult,190,1.17k,B03,B04,607,651,38,34
B04,Time Dilation mk2,5,Tickspeed Mult,190,3.91k,B03,B04,607,651,38,34
B04,Time Dilation mk2,6,Tickspeed Mult,190,14.4k,B03,B04,607,651,38,34
B04,Time Dilation mk2,7,Tickspeed Mult,190,57.8k,B03,B04,607,651,38,34
B04,Time Dilation mk2,8,Tickspeed Mult,190,253k,B03,B04,607,651,38,34
B04,Time Dilation mk2,9,Tickspeed Mult,190,1.19m,B03,B04,607,651,38,34
B04,Time Dilation mk2,10,Tickspeed Mult,190,6.07m,B03,B04,607,651,38,34
B04,Time Dilation mk2,11,Tickspeed Mult,190,33.0m,B03,B04,607,651,38,34
B04,Time Dilation mk2,12,Tickspeed Mult,190,192m,B03,B04,607,651,38,34
B04,Time Dilation mk2,13,Tickspeed Mult,190,1.18b,B03,B04,607,651,38,34
B04,Time Dilation mk2,14,Tickspeed Mult,190,7.76b,B03,B04,607,651,38,34
B04,Time Dilation mk2,15,Tickspeed Mult,190,53.7b,B03,B04,607,651,38,34
B03,mk1 + mk2 Duo Output,1,Cells,191,8.00,B01,B03,569,651,39,33
B03,mk1 + mk2 Duo Output,2,Cells,191,13.0,B01,B03,569,651,39,33
B03,mk1 + mk2 Duo Output,3,Cells,191,26.0,B01,B03,569,651,39,33
B03,mk1 + mk2 Duo Output,4,Cells,191,55.0,B01,B03,569,651,39,33
B03,mk1 + mk2 Duo Output,5,Cells,191,126,B01,B03,569,651,39,33
B03,mk1 + mk2 Duo Output,6,Cells,191,313,B01,B03,569,651,39,33
B03,mk1 + mk2 Duo Output,7,Cells,191,838,B01,B03,569,651,39,33
B03,mk1 + mk2 Duo Output,8,Cells,191,2.41k,B01,B03,569,651,39,33
B03,mk1 + mk2 Duo Output,9,Cells,191,7.41k,B01,B03,569,651,39,33
B03,mk1 + mk2 Duo Output,10,Cells,191,24.3k,B01,B03,569,651,39,33
B03,mk1 + mk2 Duo Output,11,Cells,191,84.9k,B01,B03,569,651,39,33
B03,mk1 + mk2 Duo Output,12,Cells,191,314k,B01,B03,569,651,39,33
B03,mk1 + mk2 Duo Output,13,Cells,191,1.23m,B01,B03,569,651,39,33
B03,mk1 + mk2 Duo Output,14,Cells,191,5.06m,B01,B03,569,651,39,33
B03,mk1 + mk2 Duo Output,15,Cells,191,21.9m,B01,B03,569,651,39,33
B03,mk1 + mk2 Duo Output,16,Cells,191,99.8m,B01,B03,569,651,39,33
B03,mk1 + mk2 Duo Output,17,Cells,191,476m,B01,B03,569,651,39,33
B03,mk1 + mk2 Duo Output,18,Cells,191,2.37b,B01,B03,569,651,39,33
B03,mk1 + mk2 Duo Output,19,Cells,191,12.3b,B01,B03,569,651,39,33
B03,mk1 + mk2 Duo Output,20,Cells,191,66.9b,B01,B03,569,651,39,33
B03,mk1 + mk2 Duo Output,21,Cells,191,378b,B01,B03,569,651,39,33
B03,mk1 + mk2 Duo Output,22,Cells,191,2.22t,B01,B03,569,651,39,33
B03,mk1 + mk2 Duo Output,23,Cells,191,13.5t,B01,B03,569,651,39,33
B03,mk1 + mk2 Duo Output,24,Cells,191,85.2t,B01,B03,569,651,39,33
B03,mk1 + mk2 Duo Output,25,Cells,191,557t,B01,B03,569,651,39,33
B03,mk1 + mk2 Duo Output,26,Cells,191,3.77qa,B01,B03,569,651,39,33
B03,mk1 + mk2 Duo Output,27,Cells,191,26.3qa,B01,B03,569,651,39,33
B03,mk1 + mk2 Duo Output,28,Cells,191,190qa,B01,B03,569,651,39,33
B03,mk1 + mk2 Duo Output,29,Cells,191,1.41qu,B01,B03,569,651,39,33
B03,mk1 + mk2 Duo Output,30,Cells,191,10.8qu,B01,B03,569,651,39,33
B03,mk1 + mk2 Duo Output,31,Cells,191,85.4qu,B01,B03,569,651,39,33
B03,mk1 + mk2 Duo Output,32,Cells,191,694qu,B01,B03,569,651,39,33
B03,mk1 + mk2 Duo Output,33,Cells,191,5.79sx,B01,B03,569,651,39,33
B03,mk1 + mk2 Duo Output,34,Cells,191,49.7sx,B01,B03,569,651,39,33
B03,mk1 + mk2 Duo Output,35,Cells,191,437sx,B01,B03,569,651,39,33
B03,mk1 + mk2 Duo Output,36,Cells,191,3.95sp,B01,B03,569,651,39,33
B03,mk1 + mk2 Duo Output,37,Cells,191,36.6sp,B01,B03,569,651,39,33
B03,mk1 + mk2 Duo Output,38,Cells,191,348sp,B01,B03,569,651,39,33
B03,mk1 + mk2 Duo Output,39,Cells,191,3.38o,B01,B03,569,651,39,33
B03,mk1 + mk2 Duo Output,40,Cells,191,33.7o,B01,B03,569,651,39,33
B03,mk1 + mk2 Duo Output,41,Cells,191,343o,B01,B03,569,651,39,33
B03,mk1 + mk2 Duo Output,42,Cells,191,3.58n,B01,B03,569,651,39,33
B03,mk1 + mk2 Duo Output,43,Cells,191,38.1n,B01,B03,569,651,39,33
B03,mk1 + mk2 Duo Output,44,Cells,191,414n,B01,B03,569,651,39,33
B03,mk1 + mk2 Duo Output,45,Cells,191,4.61d,B01,B03,569,651,39,33
B03,mk1 + mk2 Duo Output,46,Cells,191,52.3d,B01,B03,569,651,39,33
B03,mk1 + mk2 Duo Output,47,Cells,191,605d,B01,B03,569,651,39,33
B03,mk1 + mk2 Duo Output,48,Cells,191,7.15e36,B01,B03,569,651,39,33
B03,mk1 + mk2 Duo Output,49,Cells,191,8.61e37,B01,B03,569,651,39,33
B03,mk1 + mk2 Duo Output,50,Cells,191,1.06e39,B01,B03,569,651,39,33
D1g,mk1 LR Growth,1,Cells,192,5.00qa,D1c,D1g,619,448,35,34
D1g,mk1 LR Growth,2,Cells,192,100qa,D1c,D1g,619,448,35,34
D1g,mk1 LR Growth,3,Cells,192,3.38qu,D1c,D1g,619,448,35,34
D1g,mk1 LR Growth,4,Cells,192,160qu,D1c,D1g,619,448,35,34
D1g,mk1 LR Growth,5,Cells,192,9.77sx,D1c,D1g,619,448,35,34
D1g,mk1 LR Growth,6,Cells,192,729sx,D1c,D1g,619,448,35,34
D1g,mk1 LR Growth,7,Cells,192,64.3sp,D1c,D1g,619,448,35,34
D1g,mk1 LR Growth,8,Cells,192,6.55o,D1c,D1g,619,448,35,34
D1g,mk1 LR Growth,9,Cells,192,757o,D1c,D1g,619,448,35,34
D1g,mk1 LR Growth,10,Cells,192,97.7n,D1c,D1g,619,448,35,34
D1c,mk1 MP Connection,1,MP,193,1.10t,D1L,D1c,619,488,33,34
D1c,mk1 MP Connection,2,MP,193,6.60t,D1L,D1c,619,488,33,34
D1c,mk1 MP Connection,3,MP,193,66.8t,D1L,D1c,619,488,33,34
D1c,mk1 MP Connection,4,MP,193,950t,D1L,D1c,619,488,33,34
D1c,mk1 MP Connection,5,MP,193,17.4qa,D1L,D1c,619,488,33,34
D1c,mk1 MP Connection,6,MP,193,390qa,D1L,D1c,619,488,33,34
D1c,mk1 MP Connection,7,MP,193,10.3qu,D1L,D1c,619,488,33,34
D1c,mk1 MP Connection,8,MP,193,315qu,D1L,D1c,619,488,33,34
D1c,mk1 MP Connection,9,MP,193,10.9sx,D1L,D1c,619,488,33,34
D1c,mk1 MP Connection,10,MP,193,423sx,D1L,D1c,619,488,33,34
D1L,mk1 Looper,1,MP,194,300,D1v,D1L,620,526,30,33
D1L,mk1 Looper,2,MP,194,3.00k,D1v,D1L,620,526,30,33
D1L,mk1 Looper,3,MP,194,56.7k,D1v,D1L,620,526,30,33
D1L,mk1 Looper,4,MP,194,1.56m,D1v,D1L,620,526,30,33
D1L,mk1 Looper,5,MP,194,55.7m,D1v,D1L,620,526,30,33
D1v,mk1 Venture,1,MP,195,50.0,F01,D1v,619,562,35,34
D1v,mk1 Venture,2,MP,195,78.0,F01,D1v,619,562,35,34
D1v,mk1 Venture,3,MP,195,120,F01,D1v,619,562,35,34
D1v,mk1 Venture,4,MP,195,185,F01,D1v,619,562,35,34
D1v,mk1 Venture,5,MP,195,294,F01,D1v,619,562,35,34
D1v,mk1 Venture,6,MP,195,483,F01,D1v,619,562,35,34
D1v,mk1 Venture,7,MP,195,826,F01,D1v,619,562,35,34
D1v,mk1 Venture,8,MP,195,1.47k,F01,D1v,619,562,35,34
D1v,mk1 Venture,9,MP,195,2.74k,F01,D1v,619,562,35,34
D1v,mk1 Venture,10,MP,195,5.31k,F01,D1v,619,562,35,34
D1v,mk1 Venture,11,MP,195,10.7k,F01,D1v,619,562,35,34
D1v,mk1 Venture,12,MP,195,22.6k,F01,D1v,619,562,35,34
D1v,mk1 Venture,13,MP,195,49.6k,F01,D1v,619,562,35,34
D1v,mk1 Venture,14,MP,195,113k,F01,D1v,619,562,35,34
D1v,mk1 Venture,15,MP,195,268k,F01,D1v,619,562,35,34
D1v,mk1 Venture,16,MP,195,660k,F01,D1v,619,562,35,34
D1v,mk1 Venture,17,MP,195,1.68m,F01,D1v,619,562,35,34
D1v,mk1 Venture,18,MP,195,4.45m,F01,D1v,619,562,35,34
D1v,mk1 Venture,19,MP,195,12.2m,F01,D1v,619,562,35,34
D1v,mk1 Venture,20,MP,195,34.5m,F01,D1v,619,562,35,34
D1v,mk1 Venture,21,MP,195,101m,F01,D1v,619,562,35,34
D1v,mk1 Venture,22,MP,195,305m,F01,D1v,619,562,35,34
D1v,mk1 Venture,23,MP,195,950m,F01,D1v,619,562,35,34
D1v,mk1 Venture,24,MP,195,3.05b,F01,D1v,619,562,35,34
D1v,mk1 Venture,25,MP,195,10.1b,F01,D1v,619,562,35,34
D1v,mk1 Venture,26,MP,195,34.4b,F01,D1v,619,562,35,34
D1v,mk1 Venture,27,MP,195,121b,F01,D1v,619,562,35,34
D1v,mk1 Venture,28,MP,195,434b,F01,D1v,619,562,35,34
D1v,mk1 Venture,29,MP,195,1.61t,F01,D1v,619,562,35,34
D1v,mk1 Venture,30,MP,195,6.11t,F01,D1v,619,562,35,34
D1v,mk1 Venture,31,MP,195,23.8t,F01,D1v,619,562,35,34
D1v,mk1 Venture,32,MP,195,95.2t,F01,D1v,619,562,35,34
D1v,mk1 Venture,33,MP,195,390t,F01,D1v,619,562,35,34
D1v,mk1 Venture,34,MP,195,1.64qa,F01,D1v,619,562,35,34
D1v,mk1 Venture,35,MP,195,7.04qa,F01,D1v,619,562,35,34
D1v,mk1 Venture,36,MP,195,30.9qa,F01,D1v,619,562,35,34
D1v,mk1 Venture,37,MP,195,139qa,F01,D1v,619,562,35,34
D1v,mk1 Venture,38,MP,195,641qa,F01,D1v,619,562,35,34
D1v,mk1 Venture,39,MP,195,3.01qu,F01,D1v,619,562,35,34
D1v,mk1 Venture,40,MP,195,14.5qu,F01,D1v,619,562,35,34
D1v,mk1 Venture,41,MP,195,70.9qu,F01,D1v,619,562,35,34
D1v,mk1 Venture,42,MP,195,355qu,F01,D1v,619,562,35,34
D1v,mk1 Venture,43,MP,195,1.81sx,F01,D1v,619,562,35,34
D1v,mk1 Venture,44,MP,195,9.46sx,F01,D1v,619,562,35,34
D1v,mk1 Venture,45,MP,195,50.2sx,F01,D1v,619,562,35,34
D1v,mk1 Venture,46,MP,195,272sx,F01,D1v,619,562,35,34
D1v,mk1 Venture,47,MP,195,1.50sp,F01,D1v,619,562,35,34
D1v,mk1 Venture,48,MP,195,8.44sp,F01,D1v,619,562,35,34
D1v,mk1 Venture,49,MP,195,48.3sp,F01,D1v,619,562,35,34
D1v,mk1 Venture,50,MP,195,282sp,F01,D1v,619,562,35,34
D1v,mk1 Venture,51,MP,195,1.67o,F01,D1v,619,562,35,34
D1v,mk1 Venture,52,MP,195,10.1o,F01,D1v,619,562,35,34
D1v,mk1 Venture,53,MP,195,61.9o,F01,D1v,619,562,35,34
D1v,mk1 Venture,54,MP,195,386o,F01,D1v,619,562,35,34
D1v,mk1 Venture,55,MP,195,2.45n,F01,D1v,619,562,35,34
D1v,mk1 Venture,56,MP,195,15.8n,F01,D1v,619,562,35,34
D1v,mk1 Venture,57,MP,195,104n,F01,D1v,619,562,35,34
D1v,mk1 Venture,58,MP,195,690n,F01,D1v,619,562,35,34
D1v,mk1 Venture,59,MP,195,4.66d,F01,D1v,619,562,35,34
D1v,mk1 Venture,60,MP,195,32.0d,F01,D1v,619,562,35,34
D1v,mk1 Venture,61,MP,195,223d,F01,D1v,619,562,35,34
D1v,mk1 Venture,62,MP,195,1.58e36,F01,D1v,619,562,35,34
D1v,mk1 Venture,63,MP,195,1.13e37,F01,D1v,619,562,35,34
D1v,mk1 Venture,64,MP,195,8.26e37,F01,D1v,619,562,35,34
D1v,mk1 Venture,65,MP,195,6.11e38,F01,D1v,619,562,35,34
D1v,mk1 Venture,66,MP,195,4.58e39,F01,D1v,619,562,35,34
D1v,mk1 Venture,67,MP,195,3.48e40,F01,D1v,619,562,35,34
D1v,mk1 Venture,68,MP,195,2.68e41,F01,D1v,619,562,35,34
D1v,mk1 Venture,69,MP,195,2.09e42,F01,D1v,619,562,35,34
D1v,mk1 Venture,70,MP,195,1.66e43,F01,D1v,619,562,35,34
D1v,mk1 Venture,71,MP,195,1.33e44,F01,D1v,619,562,35,34
D1v,mk1 Venture,72,MP,195,1.08e45,F01,D1v,619,562,35,34
D1v,mk1 Venture,73,MP,195,8.88e45,F01,D1v,619,562,35,34
D1v,mk1 Venture,74,MP,195,7.41e46,F01,D1v,619,562,35,34
D1v,mk1 Venture,75,MP,195,6.25e47,F01,D1v,619,562,35,34
D1v,mk1 Venture,76,MP,195,5.34e48,F01,D1v,619,562,35,34
D1v,mk1 Venture,77,MP,195,4.62e49,F01,D1v,619,562,35,34
D1v,mk1 Venture,78,MP,195,4.05e50,F01,D1v,619,562,35,34
D1v,mk1 Venture,79,MP,195,3.59e51,F01,D1v,619,562,35,34
D1v,mk1 Venture,80,MP,195,3.22e52,F01,D1v,619,562,35,34
D1v,mk1 Venture,81,MP,195,2.92e53,F01,D1v,619,562,35,34
D1v,mk1 Venture,82,MP,195,2.68e54,F01,D1v,619,562,35,34
D1v,mk1 Venture,83,MP,195,2.49e55,F01,D1v,619,562,35,34
D1v,mk1 Venture,84,MP,195,2.34e56,F01,D1v,619,562,35,34
D1v,mk1 Venture,85,MP,195,2.22e57,F01,D1v,619,562,35,34
D1v,mk1 Venture,86,MP,195,2.14e58,F01,D1v,619,562,35,34
D1v,mk1 Venture,87,MP,195,2.07e59,F01,D1v,619,562,35,34
D1v,mk1 Venture,88,MP,195,2.04e60,F01,D1v,619,562,35,34
D1v,mk1 Venture,89,MP,195,2.02e61,F01,D1v,619,562,35,34
D1v,mk1 Venture,90,MP,195,2.03e62,F01,D1v,619,562,35,34
D1v,mk1 Venture,91,MP,195,2.06e63,F01,D1v,619,562,35,34
D1v,mk1 Venture,92,MP,195,2.11e64,F01,D1v,619,562,35,34
D1v,mk1 Venture,93,MP,195,2.18e65,F01,D1v,619,562,35,34
D1v,mk1 Venture,94,MP,195,2.28e66,F01,D1v,619,562,35,34
D1v,mk1 Venture,95,MP,195,2.41e67,F01,D1v,619,562,35,34
D1v,mk1 Venture,96,MP,195,2.57e68,F01,D1v,619,562,35,34
D1v,mk1 Venture,97,MP,195,2.77e69,F01,D1v,619,562,35,34
D1v,mk1 Venture,98,MP,195,3.01e70,F01,D1v,619,562,35,34
D1v,mk1 Venture,99,MP,195,3.31e71,F01,D1v,619,562,35,34
D1v,mk1 Venture,100,MP,195,3.67e72,F01,D1v,619,562,35,34
D1v,mk1 Venture,101,MP,195,4.11e73,F01,D1v,619,562,35,34
D1v,mk1 Venture,102,MP,195,4.65e74,F01,D1v,619,562,35,34
D1v,mk1 Venture,103,MP,195,5.31e75,F01,D1v,619,562,35,34
D1v,mk1 Venture,104,MP,195,6.12e76,F01,D1v,619,562,35,34
D1v,mk1 Venture,105,MP,195,7.11e77,F01,D1v,619,562,35,34
D1v,mk1 Venture,106,MP,195,8.35e78,F01,D1v,619,562,35,34
D1v,mk1 Venture,107,MP,195,9.89e79,F01,D1v,619,562,35,34
D1v,mk1 Venture,108,MP,195,1.18e81,F01,D1v,619,562,35,34
D1v,mk1 Venture,109,MP,195,1.42e82,F01,D1v,619,562,35,34
D1v,mk1 Venture,110,MP,195,1.73e83,F01,D1v,619,562,35,34
D1v,mk1 Venture,111,MP,195,2.13e84,F01,D1v,619,562,35,34
D1v,mk1 Venture,112,MP,195,2.63e85,F01,D1v,619,562,35,34
D1v,mk1 Venture,113,MP,195,3.28e86,F01,D1v,619,562,35,34
D1v,mk1 Venture,114,MP,195,4.14e87,F01,D1v,619,562,35,34
D1v,mk1 Venture,115,MP,195,5.25e88,F01,D1v,619,562,35,34
D1v,mk1 Venture,116,MP,195,6.72e89,F01,D1v,619,562,35,34
D1v,mk1 Venture,117,MP,195,8.68e90,F01,D1v,619,562,35,34
D1v,mk1 Venture,118,MP,195,1.13e92,F01,D1v,619,562,35,34
D1v,mk1 Venture,119,MP,195,1.48e93,F01,D1v,619,562,35,34
D1v,mk1 Venture,120,MP,195,1.96e94,F01,D1v,619,562,35,34
D1v,mk1 Venture,121,MP,195,2.62e95,F01,D1v,619,562,35,34
D1v,mk1 Venture,122,MP,195,3.52e96,F01,D1v,619,562,35,34
D1v,mk1 Venture,123,MP,195,4.78e97,F01,D1v,619,562,35,34
D1v,mk1 Venture,124,MP,195,6.52e98,F01,D1v,619,562,35,34
D1v,mk1 Venture,125,MP,195,8.98e99,F01,D1v,619,562,35,34
D1v,mk1 Venture,126,MP,195,1.25e101,F01,D1v,619,562,35,34
D1v,mk1 Venture,127,MP,195,1.74e102,F01,D1v,619,562,35,34
D1v,mk1 Venture,128,MP,195,2.46e103,F01,D1v,619,562,35,34
D1v,mk1 Venture,129,MP,195,3.49e104,F01,D1v,619,562,35,34
D1v,mk1 Venture,130,MP,195,4.99e105,F01,D1v,619,562,35,34
D1v,mk1 Venture,131,MP,195,7.19e106,F01,D1v,619,562,35,34
D1v,mk1 Venture,132,MP,195,1.04e108,F01,D1v,619,562,35,34
D1v,mk1 Venture,133,MP,195,1.53e109,F01,D1v,619,562,35,34
D1v,mk1 Venture,134,MP,195,2.25e110,F01,D1v,619,562,35,34
D1v,mk1 Venture,135,MP,195,3.34e111,F01,D1v,619,562,35,34
D1v,mk1 Venture,136,MP,195,5.00e112,F01,D1v,619,562,35,34
D1v,mk1 Venture,137,MP,195,7.52e113,F01,D1v,619,562,35,34
D1v,mk1 Venture,138,MP,195,1.14e115,F01,D1v,619,562,35,34
D1v,mk1 Venture,139,MP,195,1.74e116,F01,D1v,619,562,35,34
D1v,mk1 Venture,140,MP,195,2.68e117,F01,D1v,619,562,35,34
D1v,mk1 Venture,141,MP,195,4.15e118,F01,D1v,619,562,35,34
D1v,mk1 Venture,142,MP,195,6.47e119,F01,D1v,619,562,35,34
D1v,mk1 Venture,143,MP,195,1.02e121,F01,D1v,619,562,35,34
D1v,mk1 Venture,144,MP,195,1.61e122,F01,D1v,619,562,35,34
D1v,mk1 Venture,145,MP,195,2.56e123,F01,D1v,619,562,35,34
D1v,mk1 Venture,146,MP,195,4.10e124,F01,D1v,619,562,35,34
D1v,mk1 Venture,147,MP,195,6.61e125,F01,D1v,619,562,35,34
D1v,mk1 Venture,148,MP,195,1.07e127,F01,D1v,619,562,35,34
D1v,mk1 Venture,149,MP,195,1.76e128,F01,D1v,619,562,35,34
D1v,mk1 Venture,150,MP,195,2.89e129,F01,D1v,619,562,35,34
D1v,mk1 Venture,151,MP,195,4.79e130,F01,D1v,619,562,35,34
D1v,mk1 Venture,152,MP,195,7.98e131,F01,D1v,619,562,35,34
D1v,mk1 Venture,153,MP,195,1.34e133,F01,D1v,619,562,35,34
D1v,mk1 Venture,154,MP,195,2.26e134,F01,D1v,619,562,35,34
D1v,mk1 Venture,155,MP,195,3.84e135,F01,D1v,619,562,35,34
D1v,mk1 Venture,156,MP,195,6.57e136,F01,D1v,619,562,35,34
D1v,mk1 Venture,157,MP,195,1.13e138,F01,D1v,619,562,35,34
D1v,mk1 Venture,158,MP,195,1.96e139,F01,D1v,619,562,35,34
D1v,mk1 Venture,159,MP,195,3.41e140,F01,D1v,619,562,35,34
D1v,mk1 Venture,160,MP,195,5.98e141,F01,D1v,619,562,35,34
D1v,mk1 Venture,161,MP,195,1.06e143,F01,D1v,619,562,35,34
D1v,mk1 Venture,162,MP,195,1.87e144,F01,D1v,619,562,35,34
D1v,mk1 Venture,163,MP,195,3.34e145,F01,D1v,619,562,35,34
D1v,mk1 Venture,164,MP,195,6.01e146,F01,D1v,619,562,35,34
D1v,mk1 Venture,165,MP,195,1.09e148,F01,D1v,619,562,35,34
D1v,mk1 Venture,166,MP,195,1.97e149,F01,D1v,619,562,35,34
D1v,mk1 Venture,167,MP,195,3.61e150,F01,D1v,619,562,35,34
D1v,mk1 Venture,168,MP,195,6.64e151,F01,D1v,619,562,35,34
D1v,mk1 Venture,169,MP,195,1.23e153,F01,D1v,619,562,35,34
D1v,mk1 Venture,170,MP,195,2.29e154,F01,D1v,619,562,35,34
D1v,mk1 Venture,171,MP,195,4.28e155,F01,D1v,619,562,35,34
D1v,mk1 Venture,172,MP,195,8.06e156,F01,D1v,619,562,35,34
D1v,mk1 Venture,173,MP,195,1.53e158,F01,D1v,619,562,35,34
D1v,mk1 Venture,174,MP,195,2.91e159,F01,D1v,619,562,35,34
D1v,mk1 Venture,175,MP,195,5.56e160,F01,D1v,619,562,35,34
D8g,mk8 LR Growth,1,Cells,196,1.00e102,D8c,D8g,886,448,35,35
D8g,mk8 LR Growth,2,Cells,196,4.80e106,D8c,D8g,886,448,35,35
D8g,mk8 LR Growth,3,Cells,196,5.18e111,D8c,D8g,886,448,35,35
D8g,mk8 LR Growth,4,Cells,196,8.85e116,D8c,D8g,886,448,35,35
D8g,mk8 LR Growth,5,Cells,196,2.07e122,D8c,D8g,886,448,35,35
D8g,mk8 LR Growth,6,Cells,196,6.19e127,D8c,D8g,886,448,35,35
D8g,mk8 LR Growth,7,Cells,196,2.25e133,D8c,D8g,886,448,35,35
D8g,mk8 LR Growth,8,Cells,196,9.62e138,D8c,D8g,886,448,35,35
D8g,mk8 LR Growth,9,Cells,196,4.74e144,D8c,D8g,886,448,35,35
D8g,mk8 LR Growth,10,Cells,196,2.64e150,D8c,D8g,886,448,35,35
D8c,mk8 MP Connection,1,MP,197,1.00e94,D8L,D8c,886,488,33,35
D8c,mk8 MP Connection,2,MP,197,2.40e98,D8L,D8c,886,488,33,35
D8c,mk8 MP Connection,3,MP,197,1.30e103,D8L,D8c,886,488,33,35
D8c,mk8 MP Connection,4,MP,197,1.11e108,D8L,D8c,886,488,33,35
D8c,mk8 MP Connection,5,MP,197,1.30e113,D8L,D8c,886,488,33,35
D8c,mk8 MP Connection,6,MP,197,1.93e118,D8L,D8c,886,488,33,35
D8c,mk8 MP Connection,7,MP,197,3.51e123,D8L,D8c,886,488,33,35
D8c,mk8 MP Connection,8,MP,197,7.51e128,D8L,D8c,886,488,33,35
D8c,mk8 MP Connection,9,MP,197,1.85e134,D8L,D8c,886,488,33,35
D8c,mk8 MP Connection,10,MP,197,5.16e139,D8L,D8c,886,488,33,35
D8L,mk8 Looper,1,MP,198,1.00e88,D8v,D8L,886,526,30,35
D8L,mk8 Looper,2,MP,198,1.00e92,D8v,D8L,886,526,30,35
D8L,mk8 Looper,3,MP,198,2.25e96,D8v,D8L,886,526,30,35
D8L,mk8 Looper,4,MP,198,8.00e100,D8v,D8L,886,526,30,35
D8L,mk8 Looper,5,MP,198,3.91e105,D8v,D8L,886,526,30,35
D8v,mk8 Venture,1,MP,199,1.00e82,D7v,D8v,886,562,35,35
D8v,mk8 Venture,2,MP,199,2.60e82,D7v,D8v,886,562,35,35
D8v,mk8 Venture,3,MP,199,1.16e83,D7v,D8v,886,562,35,35
D8v,mk8 Venture,4,MP,199,7.41e83,D7v,D8v,886,562,35,35
D8v,mk8 Venture,5,MP,199,6.25e84,D7v,D8v,886,562,35,35
D8v,mk8 Venture,6,MP,199,6.56e85,D7v,D8v,886,562,35,35
D8v,mk8 Venture,7,MP,199,8.27e86,D7v,D8v,886,562,35,35
D8v,mk8 Venture,8,MP,199,1.22e88,D7v,D8v,886,562,35,35
D8v,mk8 Venture,9,MP,199,2.04e89,D7v,D8v,886,562,35,35
D8v,mk8 Venture,10,MP,199,3.87e90,D7v,D8v,886,562,35,35
D8v,mk8 Venture,11,MP,199,8.17e91,D7v,D8v,886,562,35,35
D8v,mk8 Venture,12,MP,199,1.90e93,D7v,D8v,886,562,35,35
D8v,mk8 Venture,13,MP,199,4.82e94,D7v,D8v,886,562,35,35
D8v,mk8 Venture,14,MP,199,1.33e96,D7v,D8v,886,562,35,35
D8v,mk8 Venture,15,MP,199,3.94e97,D7v,D8v,886,562,35,35
D8v,mk8 Venture,16,MP,199,1.25e99,D7v,D8v,886,562,35,35
D8v,mk8 Venture,17,MP,199,4.26e100,D7v,D8v,886,562,35,35
D8v,mk8 Venture,18,MP,199,1.54e102,D7v,D8v,886,562,35,35
D8v,mk8 Venture,19,MP,199,5.91e103,D7v,D8v,886,562,35,35
D8v,mk8 Venture,20,MP,199,2.39e105,D7v,D8v,886,562,35,35
D8v,mk8 Venture,21,MP,199,1.02e107,D7v,D8v,886,562,35,35
D8v,mk8 Venture,22,MP,199,4.57e108,D7v,D8v,886,562,35,35
D8v,mk8 Venture,23,MP,199,2.15e110,D7v,D8v,886,562,35,35
D8v,mk8 Venture,24,MP,199,1.05e112,D7v,D8v,886,562,35,35
D8v,mk8 Venture,25,MP,199,5.41e113,D7v,D8v,886,562,35,35
D8v,mk8 Venture,26,MP,199,2.89e115,D7v,D8v,886,562,35,35
D8v,mk8 Venture,27,MP,199,1.61e117,D7v,D8v,886,562,35,35
D8v,mk8 Venture,28,MP,199,9.31e118,D7v,D8v,886,562,35,35
D8v,mk8 Venture,29,MP,199,5.58e120,D7v,D8v,886,562,35,35
D8v,mk8 Venture,30,MP,199,3.47e122,D7v,D8v,886,562,35,35
D8v,mk8 Venture,31,MP,199,2.23e124,D7v,D8v,886,562,35,35
D8v,mk8 Venture,32,MP,199,1.48e126,D7v,D8v,886,562,35,35
D8v,mk8 Venture,33,MP,199,1.02e128,D7v,D8v,886,562,35,35
D8v,mk8 Venture,34,MP,199,7.21e129,D7v,D8v,886,562,35,35
D8v,mk8 Venture,35,MP,199,5.27e131,D7v,D8v,886,562,35,35
D8v,mk8 Venture,36,MP,199,3.96e133,D7v,D8v,886,562,35,35
D8v,mk8 Venture,37,MP,199,3.06e135,D7v,D8v,886,562,35,35
D8v,mk8 Venture,38,MP,199,2.43e137,D7v,D8v,886,562,35,35
D8v,mk8 Venture,39,MP,199,1.99e139,D7v,D8v,886,562,35,35
D8v,mk8 Venture,40,MP,199,1.67e141,D7v,D8v,886,562,35,35
D8v,mk8 Venture,41,MP,199,1.43e143,D7v,D8v,886,562,35,35
D8v,mk8 Venture,42,MP,199,1.27e145,D7v,D8v,886,562,35,35
D8v,mk8 Venture,43,MP,199,1.14e147,D7v,D8v,886,562,35,35
D8v,mk8 Venture,44,MP,199,1.06e149,D7v,D8v,886,562,35,35
D8v,mk8 Venture,45,MP,199,1.00e151,D7v,D8v,886,562,35,35
D8v,mk8 Venture,46,MP,199,9.71e152,D7v,D8v,886,562,35,35
D8v,mk8 Venture,47,MP,199,9.62e154,D7v,D8v,886,562,35,35
D8v,mk8 Venture,48,MP,199,9.73e156,D7v,D8v,886,562,35,35
D8v,mk8 Venture,49,MP,199,1.01e159,D7v,D8v,886,562,35,35
D8v,mk8 Venture,50,MP,199,1.06e161,D7v,D8v,886,562,35,35
D8v,mk8 Venture,51,MP,199,1.15e163,D7v,D8v,886,562,35,35
D8v,mk8 Venture,52,MP,199,1.26e165,D7v,D8v,886,562,35,35
D8v,mk8 Venture,53,MP,199,1.41e167,D7v,D8v,886,562,35,35
D8v,mk8 Venture,54,MP,199,1.61e169,D7v,D8v,886,562,35,35
D8v,mk8 Venture,55,MP,199,1.88e171,D7v,D8v,886,562,35,35
D8v,mk8 Venture,56,MP,199,2.23e173,D7v,D8v,886,562,35,35
D8v,mk8 Venture,57,MP,199,2.69e175,D7v,D8v,886,562,35,35
D8v,mk8 Venture,58,MP,199,3.31e177,D7v,D8v,886,562,35,35
D8v,mk8 Venture,59,MP,199,4.14e179,D7v,D8v,886,562,35,35
D8v,mk8 Venture,60,MP,199,5.27e181,D7v,D8v,886,562,35,35
D8v,mk8 Venture,61,MP,199,6.82e183,D7v,D8v,886,562,35,35
D8v,mk8 Venture,62,MP,199,8.98e185,D7v,D8v,886,562,35,35
D8v,mk8 Venture,63,MP,199,1.20e188,D7v,D8v,886,562,35,35
D8v,mk8 Venture,64,MP,199,1.63e190,D7v,D8v,886,562,35,35
D8v,mk8 Venture,65,MP,199,2.26e192,D7v,D8v,886,562,35,35
D8v,mk8 Venture,66,MP,199,3.17e194,D7v,D8v,886,562,35,35
D8v,mk8 Venture,67,MP,199,4.52e196,D7v,D8v,886,562,35,35
D8v,mk8 Venture,68,MP,199,6.53e198,D7v,D8v,886,562,35,35
D8v,mk8 Venture,69,MP,199,9.60e200,D7v,D8v,886,562,35,35
D8v,mk8 Venture,70,MP,199,1.43e203,D7v,D8v,886,562,35,35
D8v,mk8 Venture,71,MP,199,2.16e205,D7v,D8v,886,562,35,35
D8v,mk8 Venture,72,MP,199,3.32e207,D7v,D8v,886,562,35,35
D8v,mk8 Venture,73,MP,199,5.16e209,D7v,D8v,886,562,35,35
D8v,mk8 Venture,74,MP,199,8.14e211,D7v,D8v,886,562,35,35
D8v,mk8 Venture,75,MP,199,1.30e214,D7v,D8v,886,562,35,35
D8v,mk8 Venture,76,MP,199,2.11e216,D7v,D8v,886,562,35,35
D8v,mk8 Venture,77,MP,199,3.46e218,D7v,D8v,886,562,35,35
D8v,mk8 Venture,78,MP,199,5.77e220,D7v,D8v,886,562,35,35
D8v,mk8 Venture,79,MP,199,9.72e222,D7v,D8v,886,562,35,35
D8v,mk8 Venture,80,MP,199,1.66e225,D7v,D8v,886,562,35,35
D8v,mk8 Venture,81,MP,199,2.87e227,D7v,D8v,886,562,35,35
D8v,mk8 Venture,82,MP,199,5.03e229,D7v,D8v,886,562,35,35
D8v,mk8 Venture,83,MP,199,8.91e231,D7v,D8v,886,562,35,35
D8v,mk8 Venture,84,MP,199,1.60e234,D7v,D8v,886,562,35,35
D8v,mk8 Venture,85,MP,199,2.91e236,D7v,D8v,886,562,35,35
D8v,mk8 Venture,86,MP,199,5.34e238,D7v,D8v,886,562,35,35
D8v,mk8 Venture,87,MP,199,9.94e240,D7v,D8v,886,562,35,35
D8v,mk8 Venture,88,MP,199,1.87e243,D7v,D8v,886,562,35,35
D8v,mk8 Venture,89,MP,199,3.56e245,D7v,D8v,886,562,35,35
D8v,mk8 Venture,90,MP,199,6.85e247,D7v,D8v,886,562,35,35
D8v,mk8 Venture,91,MP,199,1.33e250,D7v,D8v,886,562,35,35
D8v,mk8 Venture,92,MP,199,2.63e252,D7v,D8v,886,562,35,35
D8v,mk8 Venture,93,MP,199,5.23e254,D7v,D8v,886,562,35,35
D8v,mk8 Venture,94,MP,199,1.05e257,D7v,D8v,886,562,35,35
D8v,mk8 Venture,95,MP,199,2.14e259,D7v,D8v,886,562,35,35
D8v,mk8 Venture,96,MP,199,4.40e261,D7v,D8v,886,562,35,35
D8v,mk8 Venture,97,MP,199,9.13e263,D7v,D8v,886,562,35,35
D8v,mk8 Venture,98,MP,199,1.92e266,D7v,D8v,886,562,35,35
D8v,mk8 Venture,99,MP,199,4.07e268,D7v,D8v,886,562,35,35
D8v,mk8 Venture,100,MP,199,8.71e270,D7v,D8v,886,562,35,35
D8v,mk8 Venture,101,MP,199,1.89e273,D7v,D8v,886,562,35,35
D8v,mk8 Venture,102,MP,199,4.12e275,D7v,D8v,886,562,35,35
D8v,mk8 Venture,103,MP,199,9.10e277,D7v,D8v,886,562,35,35
D8v,mk8 Venture,104,MP,199,2.03e280,D7v,D8v,886,562,35,35
D8v,mk8 Venture,105,MP,199,4.57e282,D7v,D8v,886,562,35,35
D8v,mk8 Venture,106,MP,199,1.04e285,D7v,D8v,886,562,35,35
D8v,mk8 Venture,107,MP,199,2.38e287,D7v,D8v,886,562,35,35
D8v,mk8 Venture,108,MP,199,5.52e289,D7v,D8v,886,562,35,35
D8v,mk8 Venture,109,MP,199,1.29e292,D7v,D8v,886,562,35,35
D8v,mk8 Venture,110,MP,199,3.04e294,D7v,D8v,886,562,35,35
D8v,mk8 Venture,111,MP,199,7.25e296,D7v,D8v,886,562,35,35
D8v,mk8 Venture,112,MP,199,1.74e299,D7v,D8v,886,562,35,35
D8v,mk8 Venture,113,MP,199,4.23e301,D7v,D8v,886,562,35,35
D8v,mk8 Venture,114,MP,199,1.03e304,D7v,D8v,886,562,35,35
D8v,mk8 Venture,115,MP,199,2.55e306,D7v,D8v,886,562,35,35
D8v,mk8 Venture,116,MP,199,6.36e308,D7v,D8v,886,562,35,35
D8v,mk8 Venture,117,MP,199,1.60e311,D7v,D8v,886,562,35,35
D8v,mk8 Venture,118,MP,199,4.05e313,D7v,D8v,886,562,35,35
D8v,mk8 Venture,119,MP,199,1.03e316,D7v,D8v,886,562,35,35
D8v,mk8 Venture,120,MP,199,2.67e318,D7v,D8v,886,562,35,35
D8v,mk8 Venture,121,MP,199,6.93e320,D7v,D8v,886,562,35,35
D8v,mk8 Venture,122,MP,199,1.82e323,D7v,D8v,886,562,35,35
D8v,mk8 Venture,123,MP,199,4.80e325,D7v,D8v,886,562,35,35
D8v,mk8 Venture,124,MP,199,1.28e328,D7v,D8v,886,562,35,35
D8v,mk8 Venture,125,MP,199,3.43e330,D7v,D8v,886,562,35,35
D8v,mk8 Venture,126,MP,199,9.30e332,D7v,D8v,886,562,35,35
D8v,mk8 Venture,127,MP,199,2.54e335,D7v,D8v,886,562,35,35
D8v,mk8 Venture,128,MP,199,6.98e337,D7v,D8v,886,562,35,35
D8v,mk8 Venture,129,MP,199,1.94e340,D7v,D8v,886,562,35,35
D8v,mk8 Venture,130,MP,199,5.41e342,D7v,D8v,886,562,35,35
D8v,mk8 Venture,131,MP,199,1.52e345,D7v,D8v,886,562,35,35
D8v,mk8 Venture,132,MP,199,4.33e347,D7v,D8v,886,562,35,35
D8v,mk8 Venture,133,MP,199,1.24e350,D7v,D8v,886,562,35,35
D8v,mk8 Venture,134,MP,199,3.57e352,D7v,D8v,886,562,35,35
D8v,mk8 Venture,135,MP,199,1.04e355,D7v,D8v,886,562,35,35
D8v,mk8 Venture,136,MP,199,3.03e357,D7v,D8v,886,562,35,35
D8v,mk8 Venture,137,MP,199,8.93e359,D7v,D8v,886,562,35,35
D8v,mk8 Venture,138,MP,199,2.65e362,D7v,D8v,886,562,35,35
D8v,mk8 Venture,139,MP,199,7.93e364,D7v,D8v,886,562,35,35
D8v,mk8 Venture,140,MP,199,2.39e367,D7v,D8v,886,562,35,35
D8v,mk8 Venture,141,MP,199,7.24e369,D7v,D8v,886,562,35,35
D8v,mk8 Venture,142,MP,199,2.21e372,D7v,D8v,886,562,35,35
D8v,mk8 Venture,143,MP,199,6.81e374,D7v,D8v,886,562,35,35
D8v,mk8 Venture,144,MP,199,2.11e377,D7v,D8v,886,562,35,35
D8v,mk8 Venture,145,MP,199,6.59e379,D7v,D8v,886,562,35,35
D8v,mk8 Venture,146,MP,199,2.07e382,D7v,D8v,886,562,35,35
D8v,mk8 Venture,147,MP,199,6.55e384,D7v,D8v,886,562,35,35
D8v,mk8 Venture,148,MP,199,2.09e387,D7v,D8v,886,562,35,35
D8v,mk8 Venture,149,MP,199,6.70e389,D7v,D8v,886,562,35,35
D8v,mk8 Venture,150,MP,199,2.16e392,D7v,D8v,886,562,35,35
D8v,mk8 Venture,151,MP,199,7.03e394,D7v,D8v,886,562,35,35
D8v,mk8 Venture,152,MP,199,2.30e397,D7v,D8v,886,562,35,35
D8v,mk8 Venture,153,MP,199,7.58e399,D7v,D8v,886,562,35,35
D7v,mk7 Venture,1,MP,200,1.00e42,D6v,D7v,848,562,35,33
D7v,mk7 Venture,2,MP,200,1.60e42,D6v,D7v,848,562,35,33
D7v,mk7 Venture,3,MP,200,2.89e42,D6v,D7v,848,562,35,33
D7v,mk7 Venture,4,MP,200,5.83e42,D6v,D7v,848,562,35,33
D7v,mk7 Venture,5,MP,200,1.30e43,D6v,D7v,848,562,35,33
D7v,mk7 Venture,6,MP,200,3.20e43,D6v,D7v,848,562,35,33
D7v,mk7 Venture,7,MP,200,8.58e43,D6v,D7v,848,562,35,33
D7v,mk7 Venture,8,MP,200,2.49e44,D6v,D7v,848,562,35,33
D7v,mk7 Venture,9,MP,200,7.83e44,D6v,D7v,848,562,35,33
D7v,mk7 Venture,10,MP,200,2.64e45,D6v,D7v,848,562,35,33
D7v,mk7 Venture,11,MP,200,9.54e45,D6v,D7v,848,562,35,33
D7v,mk7 Venture,12,MP,200,3.67e46,D6v,D7v,848,562,35,33
D7v,mk7 Venture,13,MP,200,1.50e47,D6v,D7v,848,562,35,33
D7v,mk7 Venture,14,MP,200,6.50e47,D6v,D7v,848,562,35,33
D7v,mk7 Venture,15,MP,200,2.98e48,D6v,D7v,848,562,35,33
D7v,mk7 Venture,16,MP,200,1.43e49,D6v,D7v,848,562,35,33
D7v,mk7 Venture,17,MP,200,7.27e49,D6v,D7v,848,562,35,33
D7v,mk7 Venture,18,MP,200,3.87e50,D6v,D7v,848,562,35,33
D7v,mk7 Venture,19,MP,200,2.15e51,D6v,D7v,848,562,35,33
D7v,mk7 Venture,20,MP,200,1.25e52,D6v,D7v,848,562,35,33
D7v,mk7 Venture,21,MP,200,7.61e52,D6v,D7v,848,562,35,33
D7v,mk7 Venture,22,MP,200,4.81e53,D6v,D7v,848,562,35,33
D7v,mk7 Venture,23,MP,200,3.17e54,D6v,D7v,848,562,35,33
D7v,mk7 Venture,24,MP,200,2.16e55,D6v,D7v,848,562,35,33
D7v,mk7 Venture,25,MP,200,1.53e56,D6v,D7v,848,562,35,33
D7v,mk7 Venture,26,MP,200,1.13e57,D6v,D7v,848,562,35,33
D7v,mk7 Venture,27,MP,200,8.56e57,D6v,D7v,848,562,35,33
D7v,mk7 Venture,28,MP,200,6.73e58,D6v,D7v,848,562,35,33
D7v,mk7 Venture,29,MP,200,5.46e59,D6v,D7v,848,562,35,33
D7v,mk7 Venture,30,MP,200,4.57e60,D6v,D7v,848,562,35,33
D7v,mk7 Venture,31,MP,200,3.95e61,D6v,D7v,848,562,35,33
D7v,mk7 Venture,32,MP,200,3.51e62,D6v,D7v,848,562,35,33
D7v,mk7 Venture,33,MP,200,3.21e63,D6v,D7v,848,562,35,33
D7v,mk7 Venture,34,MP,200,3.03e64,D6v,D7v,848,562,35,33
D7v,mk7 Venture,35,MP,200,2.93e65,D6v,D7v,848,562,35,33
D7v,mk7 Venture,36,MP,200,2.91e66,D6v,D7v,848,562,35,33
D7v,mk7 Venture,37,MP,200,2.97e67,D6v,D7v,848,562,35,33
D7v,mk7 Venture,38,MP,200,3.11e68,D6v,D7v,848,562,35,33
D7v,mk7 Venture,39,MP,200,3.33e69,D6v,D7v,848,562,35,33
D7v,mk7 Venture,40,MP,200,3.66e70,D6v,D7v,848,562,35,33
D7v,mk7 Venture,41,MP,200,4.12e71,D6v,D7v,848,562,35,33
D7v,mk7 Venture,42,MP,200,4.74e72,D6v,D7v,848,562,35,33
D7v,mk7 Venture,43,MP,200,5.58e73,D6v,D7v,848,562,35,33
D7v,mk7 Venture,44,MP,200,6.72e74,D6v,D7v,848,562,35,33
D7v,mk7 Venture,45,MP,200,8.27e75,D6v,D7v,848,562,35,33
D7v,mk7 Venture,46,MP,200,1.04e77,D6v,D7v,848,562,35,33
D7v,mk7 Venture,47,MP,200,1.33e78,D6v,D7v,848,562,35,33
D7v,mk7 Venture,48,MP,200,1.75e79,D6v,D7v,848,562,35,33
D7v,mk7 Venture,49,MP,200,2.34e80,D6v,D7v,848,562,35,33
D7v,mk7 Venture,50,MP,200,3.18e81,D6v,D7v,848,562,35,33
D7v,mk7 Venture,51,MP,200,4.42e82,D6v,D7v,848,562,35,33
D7v,mk7 Venture,52,MP,200,6.26e83,D6v,D7v,848,562,35,33
D7v,mk7 Venture,53,MP,200,9.03e84,D6v,D7v,848,562,35,33
D7v,mk7 Venture,54,MP,200,1.33e86,D6v,D7v,848,562,35,33
D7v,mk7 Venture,55,MP,200,1.99e87,D6v,D7v,848,562,35,33
D7v,mk7 Venture,56,MP,200,3.02e88,D6v,D7v,848,562,35,33
D7v,mk7 Venture,57,MP,200,4.68e89,D6v,D7v,848,562,35,33
D7v,mk7 Venture,58,MP,200,7.38e90,D6v,D7v,848,562,35,33
D7v,mk7 Venture,59,MP,200,1.18e92,D6v,D7v,848,562,35,33
D7v,mk7 Venture,60,MP,200,1.93e93,D6v,D7v,848,562,35,33
D7v,mk7 Venture,61,MP,200,3.19e94,D6v,D7v,848,562,35,33
D7v,mk7 Venture,62,MP,200,5.37e95,D6v,D7v,848,562,35,33
D7v,mk7 Venture,63,MP,200,9.17e96,D6v,D7v,848,562,35,33
D7v,mk7 Venture,64,MP,200,1.59e98,D6v,D7v,848,562,35,33
D7v,mk7 Venture,65,MP,200,2.81e99,D6v,D7v,848,562,35,33
D7v,mk7 Venture,66,MP,200,5.02e100,D6v,D7v,848,562,35,33
D7v,mk7 Venture,67,MP,200,9.12e101,D6v,D7v,848,562,35,33
D7v,mk7 Venture,68,MP,200,1.68e103,D6v,D7v,848,562,35,33
D7v,mk7 Venture,69,MP,200,3.14e104,D6v,D7v,848,562,35,33
D7v,mk7 Venture,70,MP,200,5.96e105,D6v,D7v,848,562,35,33
D7v,mk7 Venture,71,MP,200,1.15e107,D6v,D7v,848,562,35,33
D7v,mk7 Venture,72,MP,200,2.24e108,D6v,D7v,848,562,35,33
D7v,mk7 Venture,73,MP,200,4.42e109,D6v,D7v,848,562,35,33
D7v,mk7 Venture,74,MP,200,8.86e110,D6v,D7v,848,562,35,33
D7v,mk7 Venture,75,MP,200,1.80e112,D6v,D7v,848,562,35,33
D7v,mk7 Venture,76,MP,200,3.70e113,D6v,D7v,848,562,35,33
D7v,mk7 Venture,77,MP,200,7.71e114,D6v,D7v,848,562,35,33
D7v,mk7 Venture,78,MP,200,1.63e116,D6v,D7v,848,562,35,33
D7v,mk7 Venture,79,MP,200,3.48e117,D6v,D7v,848,562,35,33
D7v,mk7 Venture,80,MP,200,7.54e118,D6v,D7v,848,562,35,33
D7v,mk7 Venture,81,MP,200,1.65e120,D6v,D7v,848,562,35,33
D7v,mk7 Venture,82,MP,200,3.66e121,D6v,D7v,848,562,35,33
D7v,mk7 Venture,83,MP,200,8.23e122,D6v,D7v,848,562,35,33
D7v,mk7 Venture,84,MP,200,1.87e124,D6v,D7v,848,562,35,33
D7v,mk7 Venture,85,MP,200,4.30e125,D6v,D7v,848,562,35,33
D7v,mk7 Venture,86,MP,200,1.00e127,D6v,D7v,848,562,35,33
D7v,mk7 Venture,87,MP,200,2.35e128,D6v,D7v,848,562,35,33
D7v,mk7 Venture,88,MP,200,5.60e129,D6v,D7v,848,562,35,33
D7v,mk7 Venture,89,MP,200,1.35e131,D6v,D7v,848,562,35,33
D7v,mk7 Venture,90,MP,200,3.28e132,D6v,D7v,848,562,35,33
D7v,mk7 Venture,91,MP,200,8.07e133,D6v,D7v,848,562,35,33
D7v,mk7 Venture,92,MP,200,2.01e135,D6v,D7v,848,562,35,33
D7v,mk7 Venture,93,MP,200,5.05e136,D6v,D7v,848,562,35,33
D7v,mk7 Venture,94,MP,200,1.28e138,D6v,D7v,848,562,35,33
D7v,mk7 Venture,95,MP,200,3.30e139,D6v,D7v,848,562,35,33
D7v,mk7 Venture,96,MP,200,8.56e140,D6v,D7v,848,562,35,33
D7v,mk7 Venture,97,MP,200,2.24e142,D6v,D7v,848,562,35,33
D7v,mk7 Venture,98,MP,200,5.94e143,D6v,D7v,848,562,35,33
D7v,mk7 Venture,99,MP,200,1.59e145,D6v,D7v,848,562,35,33
D7v,mk7 Venture,100,MP,200,4.30e146,D6v,D7v,848,562,35,33
D7v,mk7 Venture,101,MP,200,1.17e148,D6v,D7v,848,562,35,33
D7v,mk7 Venture,102,MP,200,3.24e149,D6v,D7v,848,562,35,33
D7v,mk7 Venture,103,MP,200,9.01e150,D6v,D7v,848,562,35,33
D7v,mk7 Venture,104,MP,200,2.53e152,D6v,D7v,848,562,35,33
D7v,mk7 Venture,105,MP,200,7.19e153,D6v,D7v,848,562,35,33
D7v,mk7 Venture,106,MP,200,2.06e155,D6v,D7v,848,562,35,33
D7v,mk7 Venture,107,MP,200,5.96e156,D6v,D7v,848,562,35,33
D7v,mk7 Venture,108,MP,200,1.74e158,D6v,D7v,848,562,35,33
D7v,mk7 Venture,109,MP,200,5.13e159,D6v,D7v,848,562,35,33
D7v,mk7 Venture,110,MP,200,1.52e161,D6v,D7v,848,562,35,33
D7v,mk7 Venture,111,MP,200,4.57e162,D6v,D7v,848,562,35,33
D7v,mk7 Venture,112,MP,200,1.38e164,D6v,D7v,848,562,35,33
D7v,mk7 Venture,113,MP,200,4.23e165,D6v,D7v,848,562,35,33
D7v,mk7 Venture,114,MP,200,1.30e167,D6v,D7v,848,562,35,33
D7v,mk7 Venture,115,MP,200,4.05e168,D6v,D7v,848,562,35,33
D7v,mk7 Venture,116,MP,200,1.27e170,D6v,D7v,848,562,35,33
D7v,mk7 Venture,117,MP,200,4.01e171,D6v,D7v,848,562,35,33
D7v,mk7 Venture,118,MP,200,1.28e173,D6v,D7v,848,562,35,33
D7v,mk7 Venture,119,MP,200,4.12e174,D6v,D7v,848,562,35,33
D7v,mk7 Venture,120,MP,200,1.33e176,D6v,D7v,848,562,35,33
D7v,mk7 Venture,121,MP,200,4.37e177,D6v,D7v,848,562,35,33
D7v,mk7 Venture,122,MP,200,1.44e179,D6v,D7v,848,562,35,33
D7v,mk7 Venture,123,MP,200,4.79e180,D6v,D7v,848,562,35,33
D7v,mk7 Venture,124,MP,200,1.60e182,D6v,D7v,848,562,35,33
D7v,mk7 Venture,125,MP,200,5.42e183,D6v,D7v,848,562,35,33
D7v,mk7 Venture,126,MP,200,1.85e185,D6v,D7v,848,562,35,33
D7v,mk7 Venture,127,MP,200,6.33e186,D6v,D7v,848,562,35,33
D7v,mk7 Venture,128,MP,200,2.19e188,D6v,D7v,848,562,35,33
D7v,mk7 Venture,129,MP,200,7.64e189,D6v,D7v,848,562,35,33
D7v,mk7 Venture,130,MP,200,2.68e191,D6v,D7v,848,562,35,33
D7v,mk7 Venture,131,MP,200,9.50e192,D6v,D7v,848,562,35,33
D7v,mk7 Venture,132,MP,200,3.39e194,D6v,D7v,848,562,35,33
D7v,mk7 Venture,133,MP,200,1.22e196,D6v,D7v,848,562,35,33
D7v,mk7 Venture,134,MP,200,4.41e197,D6v,D7v,848,562,35,33
D7v,mk7 Venture,135,MP,200,1.61e199,D6v,D7v,848,562,35,33
D7v,mk7 Venture,136,MP,200,5.92e200,D6v,D7v,848,562,35,33
D7v,mk7 Venture,137,MP,200,2.19e202,D6v,D7v,848,562,35,33
D7v,mk7 Venture,138,MP,200,8.18e203,D6v,D7v,848,562,35,33
D7v,mk7 Venture,139,MP,200,3.07e205,D6v,D7v,848,562,35,33
D7v,mk7 Venture,140,MP,200,1.16e207,D6v,D7v,848,562,35,33
D7v,mk7 Venture,141,MP,200,4.43e208,D6v,D7v,848,562,35,33
D7v,mk7 Venture,142,MP,200,1.70e210,D6v,D7v,848,562,35,33
D7v,mk7 Venture,143,MP,200,6.57e211,D6v,D7v,848,562,35,33
D7v,mk7 Venture,144,MP,200,2.56e213,D6v,D7v,848,562,35,33
D7v,mk7 Venture,145,MP,200,1.00e215,D6v,D7v,848,562,35,33
D7v,mk7 Venture,146,MP,200,3.96e216,D6v,D7v,848,562,35,33
D7v,mk7 Venture,147,MP,200,1.57e218,D6v,D7v,848,562,35,33
D7v,mk7 Venture,148,MP,200,6.29e219,D6v,D7v,848,562,35,33
D7v,mk7 Venture,149,MP,200,2.53e221,D6v,D7v,848,562,35,33
D7v,mk7 Venture,150,MP,200,1.03e223,D6v,D7v,848,562,35,33
D7v,mk7 Venture,151,MP,200,4.19e224,D6v,D7v,848,562,35,33
D7v,mk7 Venture,152,MP,200,1.72e226,D6v,D7v,848,562,35,33
D7v,mk7 Venture,153,MP,200,7.13e227,D6v,D7v,848,562,35,33
D7v,mk7 Venture,154,MP,200,2.97e229,D6v,D7v,848,562,35,33
D7v,mk7 Venture,155,MP,200,1.24e231,D6v,D7v,848,562,35,33
D7v,mk7 Venture,156,MP,200,5.24e232,D6v,D7v,848,562,35,33
D7v,mk7 Venture,157,MP,200,2.23e234,D6v,D7v,848,562,35,33
D7v,mk7 Venture,158,MP,200,9.51e235,D6v,D7v,848,562,35,33
D7v,mk7 Venture,159,MP,200,4.09e237,D6v,D7v,848,562,35,33
D7v,mk7 Venture,160,MP,200,1.77e239,D6v,D7v,848,562,35,33
D7v,mk7 Venture,161,MP,200,7.69e240,D6v,D7v,848,562,35,33
D7v,mk7 Venture,162,MP,200,3.37e242,D6v,D7v,848,562,35,33
D7v,mk7 Venture,163,MP,200,1.48e244,D6v,D7v,848,562,35,33
D7v,mk7 Venture,164,MP,200,6.58e245,D6v,D7v,848,562,35,33
D7v,mk7 Venture,165,MP,200,2.94e247,D6v,D7v,848,562,35,33
D7v,mk7 Venture,166,MP,200,1.32e249,D6v,D7v,848,562,35,33
D7v,mk7 Venture,167,MP,200,5.95e250,D6v,D7v,848,562,35,33
D7v,mk7 Venture,168,MP,200,2.70e252,D6v,D7v,848,562,35,33
D7v,mk7 Venture,169,MP,200,1.24e254,D6v,D7v,848,562,35,33
D7v,mk7 Venture,170,MP,200,5.68e255,D6v,D7v,848,562,35,33
D7v,mk7 Venture,171,MP,200,2.63e257,D6v,D7v,848,562,35,33
D7v,mk7 Venture,172,MP,200,1.22e259,D6v,D7v,848,562,35,33
D7v,mk7 Venture,173,MP,200,5.71e260,D6v,D7v,848,562,35,33
D7v,mk7 Venture,174,MP,200,2.69e262,D6v,D7v,848,562,35,33
D7v,mk7 Venture,175,MP,200,1.27e264,D6v,D7v,848,562,35,33
D7L,mk7 Looper,1,Unknown,201,1.00e48,D7v,D7L,848,526,30,33
D7L,mk7 Looper,2,Unknown,201,2.00e51,D7v,D7L,848,526,30,33
D7L,mk7 Looper,3,Unknown,201,9.00e54,D7v,D7L,848,526,30,33
D7L,mk7 Looper,4,Unknown,201,6.40e58,D7v,D7L,848,526,30,33
D7L,mk7 Looper,5,Unknown,201,6.25e62,D7v,D7L,848,526,30,33
D7c,mk7 MP Connection,1,MP,202,1.00e60,D7L,D7c,848,488,33,33
D7c,mk7 MP Connection,2,MP,202,1.60e63,D7L,D7c,848,488,33,33
D7c,mk7 MP Connection,3,MP,202,5.76e66,D7L,D7c,848,488,33,33
D7c,mk7 MP Connection,4,MP,202,3.28e70,D7L,D7c,848,488,33,33
D7c,mk7 MP Connection,5,MP,202,2.56e74,D7L,D7c,848,488,33,33
D7c,mk7 MP Connection,6,MP,202,2.55e78,D7L,D7c,848,488,33,33
D7c,mk7 MP Connection,7,MP,202,3.08e82,D7L,D7c,848,488,33,33
D7c,mk7 MP Connection,8,MP,202,4.40e86,D7L,D7c,848,488,33,33
D7c,mk7 MP Connection,9,MP,202,7.22e90,D7L,D7c,848,488,33,33
D7c,mk7 MP Connection,10,MP,202,1.34e95,D7L,D7c,848,488,33,33
D7g,mk7 LR Growth,1,Cells,203,1.00e62,D7c,D7g,848,448,35,33
D7g,mk7 LR Growth,2,Cells,203,2.40e65,D7c,D7g,848,448,35,33
D7g,mk7 LR Growth,3,Cells,203,1.30e69,D7c,D7g,848,448,35,33
D7g,mk7 LR Growth,4,Cells,203,1.11e73,D7c,D7g,848,448,35,33
D7g,mk7 LR Growth,5,Cells,203,1.30e77,D7c,D7g,848,448,35,33
D7g,mk7 LR Growth,6,Cells,203,1.93e81,D7c,D7g,848,448,35,33
D7g,mk7 LR Growth,7,Cells,203,3.51e85,D7c,D7g,848,448,35,33
D7g,mk7 LR Growth,8,Cells,203,7.51e89,D7c,D7g,848,448,35,33
D7g,mk7 LR Growth,9,Cells,203,1.85e94,D7c,D7g,848,448,35,33
D7g,mk7 LR Growth,10,Cells,203,5.16e98,D7c,D7g,848,448,35,33
D6v,mk6 Venture,1,MP,204,16.0qu,D5v,D6v,811,562,35,32
D6v,mk6 Venture,2,MP,204,21.5qu,D5v,D6v,811,562,35,32
D6v,mk6 Venture,3,MP,204,34.0qu,D5v,D6v,811,562,35,32
D6v,mk6 Venture,4,MP,204,62.1qu,D5v,D6v,811,562,35,32
D6v,mk6 Venture,5,MP,204,129qu,D5v,D6v,811,562,35,32
D6v,mk6 Venture,6,MP,204,303qu,D5v,D6v,811,562,35,32
D6v,mk6 Venture,7,MP,204,787qu,D5v,D6v,811,562,35,32
D6v,mk6 Venture,8,MP,204,2.26sx,D5v,D6v,811,562,35,32
D6v,mk6 Venture,9,MP,204,7.08sx,D5v,D6v,811,562,35,32
D6v,mk6 Venture,10,MP,204,24.1sx,D5v,D6v,811,562,35,32
D6v,mk6 Venture,11,MP,204,88.9sx,D5v,D6v,811,562,35,32
D6v,mk6 Venture,12,MP,204,352sx,D5v,D6v,811,562,35,32
D6v,mk6 Venture,13,MP,204,1.49sp,D5v,D6v,811,562,35,32
D6v,mk6 Venture,14,MP,204,6.74sp,D5v,D6v,811,562,35,32
D6v,mk6 Venture,15,MP,204,32.3sp,D5v,D6v,811,562,35,32
D6v,mk6 Venture,16,MP,204,164sp,D5v,D6v,811,562,35,32
D6v,mk6 Venture,17,MP,204,881sp,D5v,D6v,811,562,35,32
D6v,mk6 Venture,18,MP,204,4.98o,D5v,D6v,811,562,35,32
D6v,mk6 Venture,19,MP,204,29.5o,D5v,D6v,811,562,35,32
D6v,mk6 Venture,20,MP,204,184o,D5v,D6v,811,562,35,32
D6v,mk6 Venture,21,MP,204,1.20n,D5v,D6v,811,562,35,32
D6v,mk6 Venture,22,MP,204,8.13n,D5v,D6v,811,562,35,32
D6v,mk6 Venture,23,MP,204,57.6n,D5v,D6v,811,562,35,32
D6v,mk6 Venture,24,MP,204,425n,D5v,D6v,811,562,35,32
D6v,mk6 Venture,25,MP,204,3.25d,D5v,D6v,811,562,35,32
D6v,mk6 Venture,26,MP,204,25.9d,D5v,D6v,811,562,35,32
D6v,mk6 Venture,27,MP,204,213d,D5v,D6v,811,562,35,32
D6v,mk6 Venture,28,MP,204,1.82e36,D5v,D6v,811,562,35,32
D6v,mk6 Venture,29,MP,204,1.61e37,D5v,D6v,811,562,35,32
D6v,mk6 Venture,30,MP,204,1.46e38,D5v,D6v,811,562,35,32
D6v,mk6 Venture,31,MP,204,1.38e39,D5v,D6v,811,562,35,32
D6v,mk6 Venture,32,MP,204,1.34e40,D5v,D6v,811,562,35,32
D6v,mk6 Venture,33,MP,204,1.34e41,D5v,D6v,811,562,35,32
D6v,mk6 Venture,34,MP,204,1.37e42,D5v,D6v,811,562,35,32
D6v,mk6 Venture,35,MP,204,1.45e43,D5v,D6v,811,562,35,32
D6v,mk6 Venture,36,MP,204,1.58e44,D5v,D6v,811,562,35,32
D6v,mk6 Venture,37,MP,204,1.77e45,D5v,D6v,811,562,35,32
D6v,mk6 Venture,38,MP,204,2.02e46,D5v,D6v,811,562,35,32
D6v,mk6 Venture,39,MP,204,2.38e47,D5v,D6v,811,562,35,32
D6v,mk6 Venture,40,MP,204,2.87e48,D5v,D6v,811,562,35,32
D6v,mk6 Venture,41,MP,204,3.54e49,D5v,D6v,811,562,35,32
D6v,mk6 Venture,42,MP,204,4.48e50,D5v,D6v,811,562,35,32
D6v,mk6 Venture,43,MP,204,5.79e51,D5v,D6v,811,562,35,32
D6v,mk6 Venture,44,MP,204,7.66e52,D5v,D6v,811,562,35,32
D6v,mk6 Venture,45,MP,204,1.04e54,D5v,D6v,811,562,35,32
D6v,mk6 Venture,46,MP,204,1.43e55,D5v,D6v,811,562,35,32
D6v,mk6 Venture,47,MP,204,2.02e56,D5v,D6v,811,562,35,32
D6v,mk6 Venture,48,MP,204,2.91e57,D5v,D6v,811,562,35,32
D6v,mk6 Venture,49,MP,204,4.28e58,D5v,D6v,811,562,35,32
D6v,mk6 Venture,50,MP,204,6.42e59,D5v,D6v,811,562,35,32
D6v,mk6 Venture,51,MP,204,9.83e60,D5v,D6v,811,562,35,32
D6v,mk6 Venture,52,MP,204,1.53e62,D5v,D6v,811,562,35,32
D6v,mk6 Venture,53,MP,204,2.43e63,D5v,D6v,811,562,35,32
D6v,mk6 Venture,54,MP,204,3.94e64,D5v,D6v,811,562,35,32
D6v,mk6 Venture,55,MP,204,6.49e65,D5v,D6v,811,562,35,32
D6v,mk6 Venture,56,MP,204,1.09e67,D5v,D6v,811,562,35,32
D6v,mk6 Venture,57,MP,204,1.86e68,D5v,D6v,811,562,35,32
D6v,mk6 Venture,58,MP,204,3.23e69,D5v,D6v,811,562,35,32
D6v,mk6 Venture,59,MP,204,5.71e70,D5v,D6v,811,562,35,32
D6v,mk6 Venture,60,MP,204,1.03e72,D5v,D6v,811,562,35,32
D6v,mk6 Venture,61,MP,204,1.87e73,D5v,D6v,811,562,35,32
D6v,mk6 Venture,62,MP,204,3.48e74,D5v,D6v,811,562,35,32
D6v,mk6 Venture,63,MP,204,6.55e75,D5v,D6v,811,562,35,32
D6v,mk6 Venture,64,MP,204,1.25e77,D5v,D6v,811,562,35,32
D6v,mk6 Venture,65,MP,204,2.44e78,D5v,D6v,811,562,35,32
D6v,mk6 Venture,66,MP,204,4.82e79,D5v,D6v,811,562,35,32
D6v,mk6 Venture,67,MP,204,9.66e80,D5v,D6v,811,562,35,32
D6v,mk6 Venture,68,MP,204,1.96e82,D5v,D6v,811,562,35,32
D6v,mk6 Venture,69,MP,204,4.05e83,D5v,D6v,811,562,35,32
D6v,mk6 Venture,70,MP,204,8.48e84,D5v,D6v,811,562,35,32
D6v,mk6 Venture,71,MP,204,1.80e86,D5v,D6v,811,562,35,32
D6v,mk6 Venture,72,MP,204,3.88e87,D5v,D6v,811,562,35,32
D6v,mk6 Venture,73,MP,204,8.46e88,D5v,D6v,811,562,35,32
D6v,mk6 Venture,74,MP,204,1.87e90,D5v,D6v,811,562,35,32
D6v,mk6 Venture,75,MP,204,4.20e91,D5v,D6v,811,562,35,32
D6v,mk6 Venture,76,MP,204,9.53e92,D5v,D6v,811,562,35,32
D6v,mk6 Venture,77,MP,204,2.19e94,D5v,D6v,811,562,35,32
D6v,mk6 Venture,78,MP,204,5.11e95,D5v,D6v,811,562,35,32
D6v,mk6 Venture,79,MP,204,1.21e97,D5v,D6v,811,562,35,32
D6v,mk6 Venture,80,MP,204,2.89e98,D5v,D6v,811,562,35,32
D6v,mk6 Venture,81,MP,204,6.99e99,D5v,D6v,811,562,35,32
D6v,mk6 Venture,82,MP,204,1.71e101,D5v,D6v,811,562,35,32
D6v,mk6 Venture,83,MP,204,4.25e102,D5v,D6v,811,562,35,32
D6v,mk6 Venture,84,MP,204,1.07e104,D5v,D6v,811,562,35,32
D6v,mk6 Venture,85,MP,204,2.71e105,D5v,D6v,811,562,35,32
D6v,mk6 Venture,86,MP,204,6.95e106,D5v,D6v,811,562,35,32
D6v,mk6 Venture,87,MP,204,1.81e108,D5v,D6v,811,562,35,32
D6v,mk6 Venture,88,MP,204,4.75e109,D5v,D6v,811,562,35,32
D6v,mk6 Venture,89,MP,204,1.26e111,D5v,D6v,811,562,35,32
D6v,mk6 Venture,90,MP,204,3.39e112,D5v,D6v,811,562,35,32
D6v,mk6 Venture,91,MP,204,9.23e113,D5v,D6v,811,562,35,32
D6v,mk6 Venture,92,MP,204,2.53e115,D5v,D6v,811,562,35,32
D6v,mk6 Venture,93,MP,204,7.04e116,D5v,D6v,811,562,35,32
D6v,mk6 Venture,94,MP,204,1.98e118,D5v,D6v,811,562,35,32
D6v,mk6 Venture,95,MP,204,5.61e119,D5v,D6v,811,562,35,32
D6v,mk6 Venture,96,MP,204,1.61e121,D5v,D6v,811,562,35,32
D6v,mk6 Venture,97,MP,204,4.66e122,D5v,D6v,811,562,35,32
D6v,mk6 Venture,98,MP,204,1.36e124,D5v,D6v,811,562,35,32
D6v,mk6 Venture,99,MP,204,4.03e125,D5v,D6v,811,562,35,32
D6v,mk6 Venture,100,MP,204,1.20e127,D5v,D6v,811,562,35,32
D6v,mk6 Venture,101,MP,204,3.63e128,D5v,D6v,811,562,35,32
D6v,mk6 Venture,102,MP,204,1.11e130,D5v,D6v,811,562,35,32
D6v,mk6 Venture,103,MP,204,3.40e131,D5v,D6v,811,562,35,32
D6v,mk6 Venture,104,MP,204,1.06e133,D5v,D6v,811,562,35,32
D6v,mk6 Venture,105,MP,204,3.31e134,D5v,D6v,811,562,35,32
D6v,mk6 Venture,106,MP,204,1.05e136,D5v,D6v,811,562,35,32
D6v,mk6 Venture,107,MP,204,3.35e137,D5v,D6v,811,562,35,32
D6v,mk6 Venture,108,MP,204,1.08e139,D5v,D6v,811,562,35,32
D6v,mk6 Venture,109,MP,204,3.51e140,D5v,D6v,811,562,35,32
D6v,mk6 Venture,110,MP,204,1.15e142,D5v,D6v,811,562,35,32
D6v,mk6 Venture,111,MP,204,3.82e143,D5v,D6v,811,562,35,32
D6v,mk6 Venture,112,MP,204,1.28e145,D5v,D6v,811,562,35,32
D6v,mk6 Venture,113,MP,204,4.32e146,D5v,D6v,811,562,35,32
D6v,mk6 Venture,114,MP,204,1.47e148,D5v,D6v,811,562,35,32
D6v,mk6 Venture,115,MP,204,5.04e149,D5v,D6v,811,562,35,32
D6v,mk6 Venture,116,MP,204,1.75e151,D5v,D6v,811,562,35,32
D6v,mk6 Venture,117,MP,204,6.10e152,D5v,D6v,811,562,35,32
D6v,mk6 Venture,118,MP,204,2.15e154,D5v,D6v,811,562,35,32
D6v,mk6 Venture,119,MP,204,7.64e155,D5v,D6v,811,562,35,32
D6v,mk6 Venture,120,MP,204,2.74e157,D5v,D6v,811,562,35,32
D6v,mk6 Venture,121,MP,204,9.88e158,D5v,D6v,811,562,35,32
D6v,mk6 Venture,122,MP,204,3.60e160,D5v,D6v,811,562,35,32
D6v,mk6 Venture,123,MP,204,1.32e162,D5v,D6v,811,562,35,32
D6v,mk6 Venture,124,MP,204,4.89e163,D5v,D6v,811,562,35,32
D6v,mk6 Venture,125,MP,204,1.83e165,D5v,D6v,811,562,35,32
D6v,mk6 Venture,126,MP,204,6.87e166,D5v,D6v,811,562,35,32
D6v,mk6 Venture,127,MP,204,2.60e168,D5v,D6v,811,562,35,32
D6v,mk6 Venture,128,MP,204,9.95e169,D5v,D6v,811,562,35,32
D6v,mk6 Venture,129,MP,204,3.83e171,D5v,D6v,811,562,35,32
D6v,mk6 Venture,130,MP,204,1.49e173,D5v,D6v,811,562,35,32
D6v,mk6 Venture,131,MP,204,5.82e174,D5v,D6v,811,562,35,32
D6v,mk6 Venture,132,MP,204,2.29e176,D5v,D6v,811,562,35,32
D6v,mk6 Venture,133,MP,204,9.10e177,D5v,D6v,811,562,35,32
D6v,mk6 Venture,134,MP,204,3.64e179,D5v,D6v,811,562,35,32
D6v,mk6 Venture,135,MP,204,1.47e181,D5v,D6v,811,562,35,32
D6v,mk6 Venture,136,MP,204,5.96e182,D5v,D6v,811,562,35,32
D6v,mk6 Venture,137,MP,204,2.44e184,D5v,D6v,811,562,35,32
D6v,mk6 Venture,138,MP,204,1.00e186,D5v,D6v,811,562,35,32
D6v,mk6 Venture,139,MP,204,4.16e187,D5v,D6v,811,562,35,32
D6v,mk6 Venture,140,MP,204,1.74e189,D5v,D6v,811,562,35,32
D6v,mk6 Venture,141,MP,204,7.32e190,D5v,D6v,811,562,35,32
D6v,mk6 Venture,142,MP,204,3.11e192,D5v,D6v,811,562,35,32
D6v,mk6 Venture,143,MP,204,1.33e194,D5v,D6v,811,562,35,32
D6v,mk6 Venture,144,MP,204,5.70e195,D5v,D6v,811,562,35,32
D6v,mk6 Venture,145,MP,204,2.47e197,D5v,D6v,811,562,35,32
D6v,mk6 Venture,146,MP,204,1.08e199,D5v,D6v,811,562,35,32
D6v,mk6 Venture,147,MP,204,4.72e200,D5v,D6v,811,562,35,32
D6v,mk6 Venture,148,MP,204,2.08e202,D5v,D6v,811,562,35,32
D6v,mk6 Venture,149,MP,204,9.27e203,D5v,D6v,811,562,35,32
D6v,mk6 Venture,150,MP,204,4.15e205,D5v,D6v,811,562,35,32
D6v,mk6 Venture,151,MP,204,1.87e207,D5v,D6v,811,562,35,32
D6v,mk6 Venture,152,MP,204,8.49e208,D5v,D6v,811,562,35,32
D6v,mk6 Venture,153,MP,204,3.88e210,D5v,D6v,811,562,35,32
D6v,mk6 Venture,154,MP,204,1.78e212,D5v,D6v,811,562,35,32
D6v,mk6 Venture,155,MP,204,8.25e213,D5v,D6v,811,562,35,32
D6v,mk6 Venture,156,MP,204,3.84e215,D5v,D6v,811,562,35,32
D6v,mk6 Venture,157,MP,204,1.80e217,D5v,D6v,811,562,35,32
D6v,mk6 Venture,158,MP,204,8.49e218,D5v,D6v,811,562,35,32
D6v,mk6 Venture,159,MP,204,4.03e220,D5v,D6v,811,562,35,32
D6v,mk6 Venture,160,MP,204,1.93e222,D5v,D6v,811,562,35,32
D6v,mk6 Venture,161,MP,204,9.25e223,D5v,D6v,811,562,35,32
D6v,mk6 Venture,162,MP,204,4.48e225,D5v,D6v,811,562,35,32
D6v,mk6 Venture,163,MP,204,2.18e227,D5v,D6v,811,562,35,32
D6v,mk6 Venture,164,MP,204,1.07e229,D5v,D6v,811,562,35,32
D6v,mk6 Venture,165,MP,204,5.25e230,D5v,D6v,811,562,35,32
D6v,mk6 Venture,166,MP,204,2.60e232,D5v,D6v,811,562,35,32
D6v,mk6 Venture,167,MP,204,1.30e234,D5v,D6v,811,562,35,32
D6v,mk6 Venture,168,MP,204,6.51e235,D5v,D6v,811,562,35,32
D6v,mk6 Venture,169,MP,204,3.28e237,D5v,D6v,811,562,35,32
D6v,mk6 Venture,170,MP,204,1.67e239,D5v,D6v,811,562,35,32
D6v,mk6 Venture,171,MP,204,8.51e240,D5v,D6v,811,562,35,32
D6v,mk6 Venture,172,MP,204,4.37e242,D5v,D6v,811,562,35,32
D6v,mk6 Venture,173,MP,204,2.26e244,D5v,D6v,811,562,35,32
D6v,mk6 Venture,174,MP,204,1.17e246,D5v,D6v,811,562,35,32
D6v,mk6 Venture,175,MP,204,6.12e247,D5v,D6v,811,562,35,32
D6L,mk6 Looper,1,MP,205,660qu,D6v,D6L,811,526,30,32
D6L,mk6 Looper,2,MP,205,18.0sx,D6v,D6L,811,526,30,32
D6L,mk6 Looper,3,MP,205,1.07sp,D6v,D6L,811,526,30,32
D6L,mk6 Looper,4,MP,205,97.1sp,D6v,D6L,811,526,30,32
D6L,mk6 Looper,5,MP,205,11.9o,D6v,D6L,811,526,30,32
D6c,mk6 MP Connection,1,MP,206,660sp,D6L,D6c,811,488,33,32
D6c,mk6 MP Connection,2,MP,206,127o,D6L,D6c,811,488,33,32
D6c,mk6 MP Connection,3,MP,206,41.1n,D6L,D6c,811,488,33,32
D6c,mk6 MP Connection,4,MP,206,18.7d,D6L,D6c,811,488,33,32
D6c,mk6 MP Connection,5,MP,206,1.09e37,D6L,D6c,811,488,33,32
D6c,mk6 MP Connection,6,MP,206,7.85e39,D6L,D6c,811,488,33,32
D6c,mk6 MP Connection,7,MP,206,6.65e42,D6L,D6c,811,488,33,32
D6c,mk6 MP Connection,8,MP,206,6.50e45,D6L,D6c,811,488,33,32
D6c,mk6 MP Connection,9,MP,206,7.21e48,D6L,D6c,811,488,33,32
D6c,mk6 MP Connection,10,MP,206,8.93e51,D6L,D6c,811,488,33,32
D6g,mk6 LR Growth,1,Cells,207,50.0n,D6c,D6g,811,448,35,32
D6g,mk6 LR Growth,2,Cells,207,10.0d,D6c,D6g,811,448,35,32
D6g,mk6 LR Growth,3,Cells,207,3.38e36,D6c,D6g,811,448,35,32
D6g,mk6 LR Growth,4,Cells,207,1.60e39,D6c,D6g,811,448,35,32
D6g,mk6 LR Growth,5,Cells,207,9.77e41,D6c,D6g,811,448,35,32
D6g,mk6 LR Growth,6,Cells,207,7.29e44,D6c,D6g,811,448,35,32
D6g,mk6 LR Growth,7,Cells,207,6.43e47,D6c,D6g,811,448,35,32
D6g,mk6 LR Growth,8,Cells,207,6.55e50,D6c,D6g,811,448,35,32
D6g,mk6 LR Growth,9,Cells,207,7.57e53,D6c,D6g,811,448,35,32
D6g,mk6 LR Growth,10,Cells,207,9.77e56,D6c,D6g,811,448,35,32
D5v,mk5 Venture,1,MP,208,15.0qa,D4v,D5v,773,562,35,33
D5v,mk5 Venture,2,MP,208,19.4qa,D4v,D5v,773,562,35,33
D5v,mk5 Venture,3,MP,208,28.8qa,D4v,D5v,773,562,35,33
D5v,mk5 Venture,4,MP,208,48.1qa,D4v,D5v,773,562,35,33
D5v,mk5 Venture,5,MP,208,89.8qa,D4v,D5v,773,562,35,33
D5v,mk5 Venture,6,MP,208,186qa,D4v,D5v,773,562,35,33
D5v,mk5 Venture,7,MP,208,421qa,D4v,D5v,773,562,35,33
D5v,mk5 Venture,8,MP,208,1.04qu,D4v,D5v,773,562,35,33
D5v,mk5 Venture,9,MP,208,2.80qu,D4v,D5v,773,562,35,33
D5v,mk5 Venture,10,MP,208,8.09qu,D4v,D5v,773,562,35,33
D5v,mk5 Venture,11,MP,208,25.1qu,D4v,D5v,773,562,35,33
D5v,mk5 Venture,12,MP,208,83.3qu,D4v,D5v,773,562,35,33
D5v,mk5 Venture,13,MP,208,294qu,D4v,D5v,773,562,35,33
D5v,mk5 Venture,14,MP,208,1.10sx,D4v,D5v,773,562,35,33
D5v,mk5 Venture,15,MP,208,4.38sx,D4v,D5v,773,562,35,33
D5v,mk5 Venture,16,MP,208,18.3sx,D4v,D5v,773,562,35,33
D5v,mk5 Venture,17,MP,208,80.9sx,D4v,D5v,773,562,35,33
D5v,mk5 Venture,18,MP,208,374sx,D4v,D5v,773,562,35,33
D5v,mk5 Venture,19,MP,208,1.82sp,D4v,D5v,773,562,35,33
D5v,mk5 Venture,20,MP,208,9.22sp,D4v,D5v,773,562,35,33
D5v,mk5 Venture,21,MP,208,48.9sp,D4v,D5v,773,562,35,33
D5v,mk5 Venture,22,MP,208,270sp,D4v,D5v,773,562,35,33
D5v,mk5 Venture,23,MP,208,1.55o,D4v,D5v,773,562,35,33
D5v,mk5 Venture,24,MP,208,9.27o,D4v,D5v,773,562,35,33
D5v,mk5 Venture,25,MP,208,57.4o,D4v,D5v,773,562,35,33
D5v,mk5 Venture,26,MP,208,369o,D4v,D5v,773,562,35,33
D5v,mk5 Venture,27,MP,208,2.46n,D4v,D5v,773,562,35,33
D5v,mk5 Venture,28,MP,208,16.9n,D4v,D5v,773,562,35,33
D5v,mk5 Venture,29,MP,208,120n,D4v,D5v,773,562,35,33
D5v,mk5 Venture,30,MP,208,882n,D4v,D5v,773,562,35,33
D5v,mk5 Venture,31,MP,208,6.67d,D4v,D5v,773,562,35,33
D5v,mk5 Venture,32,MP,208,52.0d,D4v,D5v,773,562,35,33
D5v,mk5 Venture,33,MP,208,417d,D4v,D5v,773,562,35,33
D5v,mk5 Venture,34,MP,208,3.44e36,D4v,D5v,773,562,35,33
D5v,mk5 Venture,35,MP,208,2.92e37,D4v,D5v,773,562,35,33
D5v,mk5 Venture,36,MP,208,2.55e38,D4v,D5v,773,562,35,33
D5v,mk5 Venture,37,MP,208,2.28e39,D4v,D5v,773,562,35,33
D5v,mk5 Venture,38,MP,208,2.09e40,D4v,D5v,773,562,35,33
D5v,mk5 Venture,39,MP,208,1.97e41,D4v,D5v,773,562,35,33
D5v,mk5 Venture,40,MP,208,1.89e42,D4v,D5v,773,562,35,33
D5v,mk5 Venture,41,MP,208,1.87e43,D4v,D5v,773,562,35,33
D5v,mk5 Venture,42,MP,208,1.89e44,D4v,D5v,773,562,35,33
D5v,mk5 Venture,43,MP,208,1.95e45,D4v,D5v,773,562,35,33
D5v,mk5 Venture,44,MP,208,2.06e46,D4v,D5v,773,562,35,33
D5v,mk5 Venture,45,MP,208,2.22e47,D4v,D5v,773,562,35,33
D5v,mk5 Venture,46,MP,208,2.45e48,D4v,D5v,773,562,35,33
D5v,mk5 Venture,47,MP,208,2.76e49,D4v,D5v,773,562,35,33
D5v,mk5 Venture,48,MP,208,3.17e50,D4v,D5v,773,562,35,33
D5v,mk5 Venture,49,MP,208,3.72e51,D4v,D5v,773,562,35,33
D5v,mk5 Venture,50,MP,208,4.45e52,D4v,D5v,773,562,35,33
D5v,mk5 Venture,51,MP,208,5.42e53,D4v,D5v,773,562,35,33
D5v,mk5 Venture,52,MP,208,6.74e54,D4v,D5v,773,562,35,33
D5v,mk5 Venture,53,MP,208,8.52e55,D4v,D5v,773,562,35,33
D5v,mk5 Venture,54,MP,208,1.10e57,D4v,D5v,773,562,35,33
D5v,mk5 Venture,55,MP,208,1.44e58,D4v,D5v,773,562,35,33
D5v,mk5 Venture,56,MP,208,1.93e59,D4v,D5v,773,562,35,33
D5v,mk5 Venture,57,MP,208,2.62e60,D4v,D5v,773,562,35,33
D5v,mk5 Venture,58,MP,208,3.62e61,D4v,D5v,773,562,35,33
D5v,mk5 Venture,59,MP,208,5.08e62,D4v,D5v,773,562,35,33
D5v,mk5 Venture,60,MP,208,7.26e63,D4v,D5v,773,562,35,33
D5v,mk5 Venture,61,MP,208,1.05e65,D4v,D5v,773,562,35,33
D5v,mk5 Venture,62,MP,208,1.56e66,D4v,D5v,773,562,35,33
D5v,mk5 Venture,63,MP,208,2.33e67,D4v,D5v,773,562,35,33
D5v,mk5 Venture,64,MP,208,3.55e68,D4v,D5v,773,562,35,33
D5v,mk5 Venture,65,MP,208,5.49e69,D4v,D5v,773,562,35,33
D5v,mk5 Venture,66,MP,208,8.61e70,D4v,D5v,773,562,35,33
D5v,mk5 Venture,67,MP,208,1.37e72,D4v,D5v,773,562,35,33
D5v,mk5 Venture,68,MP,208,2.22e73,D4v,D5v,773,562,35,33
D5v,mk5 Venture,69,MP,208,3.63e74,D4v,D5v,773,562,35,33
D5v,mk5 Venture,70,MP,208,6.04e75,D4v,D5v,773,562,35,33
D5v,mk5 Venture,71,MP,208,1.02e77,D4v,D5v,773,562,35,33
D5v,mk5 Venture,72,MP,208,1.74e78,D4v,D5v,773,562,35,33
D5v,mk5 Venture,73,MP,208,3.02e79,D4v,D5v,773,562,35,33
D5v,mk5 Venture,74,MP,208,5.30e80,D4v,D5v,773,562,35,33
D5v,mk5 Venture,75,MP,208,9.43e81,D4v,D5v,773,562,35,33
D5v,mk5 Venture,76,MP,208,1.70e83,D4v,D5v,773,562,35,33
D5v,mk5 Venture,77,MP,208,3.11e84,D4v,D5v,773,562,35,33
D5v,mk5 Venture,78,MP,208,5.75e85,D4v,D5v,773,562,35,33
D5v,mk5 Venture,79,MP,208,1.08e87,D4v,D5v,773,562,35,33
D5v,mk5 Venture,80,MP,208,2.04e88,D4v,D5v,773,562,35,33
D5v,mk5 Venture,81,MP,208,3.93e89,D4v,D5v,773,562,35,33
D5v,mk5 Venture,82,MP,208,7.63e90,D4v,D5v,773,562,35,33
D5v,mk5 Venture,83,MP,208,1.50e92,D4v,D5v,773,562,35,33
D5v,mk5 Venture,84,MP,208,2.99e93,D4v,D5v,773,562,35,33
D5v,mk5 Venture,85,MP,208,6.03e94,D4v,D5v,773,562,35,33
D5v,mk5 Venture,86,MP,208,1.23e96,D4v,D5v,773,562,35,33
D5v,mk5 Venture,87,MP,208,2.53e97,D4v,D5v,773,562,35,33
D5v,mk5 Venture,88,MP,208,5.28e98,D4v,D5v,773,562,35,33
D5v,mk5 Venture,89,MP,208,1.11e100,D4v,D5v,773,562,35,33
D5v,mk5 Venture,90,MP,208,2.37e101,D4v,D5v,773,562,35,33
D5v,mk5 Venture,91,MP,208,5.12e102,D4v,D5v,773,562,35,33
D5v,mk5 Venture,92,MP,208,1.11e104,D4v,D5v,773,562,35,33
D5v,mk5 Venture,93,MP,208,2.46e105,D4v,D5v,773,562,35,33
D5v,mk5 Venture,94,MP,208,5.47e106,D4v,D5v,773,562,35,33
D5v,mk5 Venture,95,MP,208,1.23e108,D4v,D5v,773,562,35,33
D5v,mk5 Venture,96,MP,208,2.80e109,D4v,D5v,773,562,35,33
D5v,mk5 Venture,97,MP,208,6.42e110,D4v,D5v,773,562,35,33
D5v,mk5 Venture,98,MP,208,1.49e112,D4v,D5v,773,562,35,33
D5v,mk5 Venture,99,MP,208,3.49e113,D4v,D5v,773,562,35,33
D5v,mk5 Venture,100,MP,208,8.26e114,D4v,D5v,773,562,35,33
D5v,mk5 Venture,101,MP,208,1.98e116,D4v,D5v,773,562,35,33
D5v,mk5 Venture,102,MP,208,4.77e117,D4v,D5v,773,562,35,33
D5v,mk5 Venture,103,MP,208,1.16e119,D4v,D5v,773,562,35,33
D5v,mk5 Venture,104,MP,208,2.86e120,D4v,D5v,773,562,35,33
D5v,mk5 Venture,105,MP,208,7.11e121,D4v,D5v,773,562,35,33
D5v,mk5 Venture,106,MP,208,1.78e123,D4v,D5v,773,562,35,33
D5v,mk5 Venture,107,MP,208,4.52e124,D4v,D5v,773,562,35,33
D5v,mk5 Venture,108,MP,208,1.15e126,D4v,D5v,773,562,35,33
D5v,mk5 Venture,109,MP,208,2.98e127,D4v,D5v,773,562,35,33
D5v,mk5 Venture,110,MP,208,7.75e128,D4v,D5v,773,562,35,33
D5v,mk5 Venture,111,MP,208,2.04e130,D4v,D5v,773,562,35,33
D5v,mk5 Venture,112,MP,208,5.39e131,D4v,D5v,773,562,35,33
D5v,mk5 Venture,113,MP,208,1.44e133,D4v,D5v,773,562,35,33
D5v,mk5 Venture,114,MP,208,3.89e134,D4v,D5v,773,562,35,33
D5v,mk5 Venture,115,MP,208,1.06e136,D4v,D5v,773,562,35,33
D5v,mk5 Venture,116,MP,208,2.90e137,D4v,D5v,773,562,35,33
D5v,mk5 Venture,117,MP,208,8.03e138,D4v,D5v,773,562,35,33
D5v,mk5 Venture,118,MP,208,2.24e140,D4v,D5v,773,562,35,33
D5v,mk5 Venture,119,MP,208,6.31e141,D4v,D5v,773,562,35,33
D5v,mk5 Venture,120,MP,208,1.79e143,D4v,D5v,773,562,35,33
D5v,mk5 Venture,121,MP,208,5.12e144,D4v,D5v,773,562,35,33
D5v,mk5 Venture,122,MP,208,1.48e146,D4v,D5v,773,562,35,33
D5v,mk5 Venture,123,MP,208,4.30e147,D4v,D5v,773,562,35,33
D5v,mk5 Venture,124,MP,208,1.26e149,D4v,D5v,773,562,35,33
D5v,mk5 Venture,125,MP,208,3.73e150,D4v,D5v,773,562,35,33
D5v,mk5 Venture,126,MP,208,1.11e152,D4v,D5v,773,562,35,33
D5v,mk5 Venture,127,MP,208,3.33e153,D4v,D5v,773,562,35,33
D5v,mk5 Venture,128,MP,208,1.01e155,D4v,D5v,773,562,35,33
D5v,mk5 Venture,129,MP,208,3.08e156,D4v,D5v,773,562,35,33
D5v,mk5 Venture,130,MP,208,9.46e157,D4v,D5v,773,562,35,33
D5v,mk5 Venture,131,MP,208,2.93e159,D4v,D5v,773,562,35,33
D5v,mk5 Venture,132,MP,208,9.15e160,D4v,D5v,773,562,35,33
D5v,mk5 Venture,133,MP,208,2.88e162,D4v,D5v,773,562,35,33
D5v,mk5 Venture,134,MP,208,9.11e163,D4v,D5v,773,562,35,33
D5v,mk5 Venture,135,MP,208,2.91e165,D4v,D5v,773,562,35,33
D5v,mk5 Venture,136,MP,208,9.35e166,D4v,D5v,773,562,35,33
D5v,mk5 Venture,137,MP,208,3.03e168,D4v,D5v,773,562,35,33
D5v,mk5 Venture,138,MP,208,9.88e169,D4v,D5v,773,562,35,33
D5v,mk5 Venture,139,MP,208,3.25e171,D4v,D5v,773,562,35,33
D5v,mk5 Venture,140,MP,208,1.07e173,D4v,D5v,773,562,35,33
D5v,mk5 Venture,141,MP,208,3.58e174,D4v,D5v,773,562,35,33
D5v,mk5 Venture,142,MP,208,1.20e176,D4v,D5v,773,562,35,33
D5v,mk5 Venture,143,MP,208,4.06e177,D4v,D5v,773,562,35,33
D5v,mk5 Venture,144,MP,208,1.38e179,D4v,D5v,773,562,35,33
D5v,mk5 Venture,145,MP,208,4.74e180,D4v,D5v,773,562,35,33
D5v,mk5 Venture,146,MP,208,1.64e182,D4v,D5v,773,562,35,33
D5v,mk5 Venture,147,MP,208,5.69e183,D4v,D5v,773,562,35,33
D5v,mk5 Venture,148,MP,208,1.99e185,D4v,D5v,773,562,35,33
D5v,mk5 Venture,149,MP,208,7.01e186,D4v,D5v,773,562,35,33
D5v,mk5 Venture,150,MP,208,2.48e188,D4v,D5v,773,562,35,33
D5v,mk5 Venture,151,MP,208,8.86e189,D4v,D5v,773,562,35,33
D5v,mk5 Venture,152,MP,208,3.18e191,D4v,D5v,773,562,35,33
D5v,mk5 Venture,153,MP,208,1.15e193,D4v,D5v,773,562,35,33
D5v,mk5 Venture,154,MP,208,4.19e194,D4v,D5v,773,562,35,33
D5v,mk5 Venture,155,MP,208,1.54e196,D4v,D5v,773,562,35,33
D5v,mk5 Venture,156,MP,208,5.66e197,D4v,D5v,773,562,35,33
D5v,mk5 Venture,157,MP,208,2.10e199,D4v,D5v,773,562,35,33
D5v,mk5 Venture,158,MP,208,7.84e200,D4v,D5v,773,562,35,33
D5v,mk5 Venture,159,MP,208,2.95e202,D4v,D5v,773,562,35,33
D5v,mk5 Venture,160,MP,208,1.11e204,D4v,D5v,773,562,35,33
D5v,mk5 Venture,161,MP,208,4.24e205,D4v,D5v,773,562,35,33
D5v,mk5 Venture,162,MP,208,1.62e207,D4v,D5v,773,562,35,33
D5v,mk5 Venture,163,MP,208,6.25e208,D4v,D5v,773,562,35,33
D5v,mk5 Venture,164,MP,208,2.42e210,D4v,D5v,773,562,35,33
D5v,mk5 Venture,165,MP,208,9.45e211,D4v,D5v,773,562,35,33
D5v,mk5 Venture,166,MP,208,3.71e213,D4v,D5v,773,562,35,33
D5v,mk5 Venture,167,MP,208,1.46e215,D4v,D5v,773,562,35,33
D5v,mk5 Venture,168,MP,208,5.81e216,D4v,D5v,773,562,35,33
D5v,mk5 Venture,169,MP,208,2.32e218,D4v,D5v,773,562,35,33
D5v,mk5 Venture,170,MP,208,9.32e219,D4v,D5v,773,562,35,33
D5v,mk5 Venture,171,MP,208,3.77e221,D4v,D5v,773,562,35,33
D5v,mk5 Venture,172,MP,208,1.53e223,D4v,D5v,773,562,35,33
D5v,mk5 Venture,173,MP,208,6.26e224,D4v,D5v,773,562,35,33
D5v,mk5 Venture,174,MP,208,2.57e226,D4v,D5v,773,562,35,33
D5v,mk5 Venture,175,MP,208,1.06e228,D4v,D5v,773,562,35,33
D5L,mk5 Looper,1,MP,209,550qa,D5v,D5L,773,526,30,33
D5L,mk5 Looper,2,MP,209,11.2qu,D5v,D5L,773,526,30,33
D5L,mk5 Looper,3,MP,209,490qu,D5v,D5L,773,526,30,33
D5L,mk5 Looper,4,MP,209,32.8sx,D5v,D5L,773,526,30,33
D5L,mk5 Looper,5,MP,209,2.94sp,D5v,D5L,773,526,30,33
D5c,mk5 MP Connection,1,MP,210,55.0sx,D5L,D5c,773,488,33,33
D5c,mk5 MP Connection,2,MP,210,5.28sp,D5L,D5c,773,488,33,33
D5c,mk5 MP Connection,3,MP,210,855sp,D5L,D5c,773,488,33,33
D5c,mk5 MP Connection,4,MP,210,195o,D5L,D5c,773,488,33,33
D5c,mk5 MP Connection,5,MP,210,57.0n,D5L,D5c,773,488,33,33
D5c,mk5 MP Connection,6,MP,210,20.4d,D5L,D5c,773,488,33,33
D5c,mk5 MP Connection,7,MP,210,8.66e36,D5L,D5c,773,488,33,33
D5c,mk5 MP Connection,8,MP,210,4.23e39,D5L,D5c,773,488,33,33
D5c,mk5 MP Connection,9,MP,210,2.35e42,D5L,D5c,773,488,33,33
D5c,mk5 MP Connection,10,MP,210,1.45e45,D5L,D5c,773,488,33,33
D5g,mk5 LR Growth,1,Cells,211,5.00o,D5c,D5g,773,448,35,33
D5g,mk5 LR Growth,2,Cells,211,500o,D5c,D5g,773,448,35,33
D5g,mk5 LR Growth,3,Cells,211,84.4n,D5c,D5g,773,448,35,33
D5g,mk5 LR Growth,4,Cells,211,20.0d,D5c,D5g,773,448,35,33
D5g,mk5 LR Growth,5,Cells,211,6.10e36,D5c,D5g,773,448,35,33
D5g,mk5 LR Growth,6,Cells,211,2.28e39,D5c,D5g,773,448,35,33
D5g,mk5 LR Growth,7,Cells,211,1.01e42,D5c,D5g,773,448,35,33
D5g,mk5 LR Growth,8,Cells,211,5.12e44,D5c,D5g,773,448,35,33
D5g,mk5 LR Growth,9,Cells,211,2.96e47,D5c,D5g,773,448,35,33
D5g,mk5 LR Growth,10,Cells,211,1.91e50,D5c,D5g,773,448,35,33
D4v,mk4 Venture,1,MP,212,140t,D3v,D4v,734,562,35,34
D4v,mk4 Venture,2,MP,212,176t,D3v,D4v,734,562,35,34
D4v,mk4 Venture,3,MP,212,246t,D3v,D4v,734,562,35,34
D4v,mk4 Venture,4,MP,212,382t,D3v,D4v,734,562,35,34
D4v,mk4 Venture,5,MP,212,651t,D3v,D4v,734,562,35,34
D4v,mk4 Venture,6,MP,212,1.21qa,D3v,D4v,734,562,35,34
D4v,mk4 Venture,7,MP,212,2.45qa,D3v,D4v,734,562,35,34
D4v,mk4 Venture,8,MP,212,5.35qa,D3v,D4v,734,562,35,34
D4v,mk4 Venture,9,MP,212,12.6qa,D3v,D4v,734,562,35,34
D4v,mk4 Venture,10,MP,212,31.5qa,D3v,D4v,734,562,35,34
D4v,mk4 Venture,11,MP,212,84.5qa,D3v,D4v,734,562,35,34
D4v,mk4 Venture,12,MP,212,241qa,D3v,D4v,734,562,35,34
D4v,mk4 Venture,13,MP,212,726qa,D3v,D4v,734,562,35,34
D4v,mk4 Venture,14,MP,212,2.31qu,D3v,D4v,734,562,35,34
D4v,mk4 Venture,15,MP,212,7.78qu,D3v,D4v,734,562,35,34
D4v,mk4 Venture,16,MP,212,27.5qu,D3v,D4v,734,562,35,34
D4v,mk4 Venture,17,MP,212,102qu,D3v,D4v,734,562,35,34
D4v,mk4 Venture,18,MP,212,396qu,D3v,D4v,734,562,35,34
D4v,mk4 Venture,19,MP,212,1.61sx,D3v,D4v,734,562,35,34
D4v,mk4 Venture,20,MP,212,6.80sx,D3v,D4v,734,562,35,34
D4v,mk4 Venture,21,MP,212,30.0sx,D3v,D4v,734,562,35,34
D4v,mk4 Venture,22,MP,212,138sx,D3v,D4v,734,562,35,34
D4v,mk4 Venture,23,MP,212,657sx,D3v,D4v,734,562,35,34
D4v,mk4 Venture,24,MP,212,3.25sp,D3v,D4v,734,562,35,34
D4v,mk4 Venture,25,MP,212,16.7sp,D3v,D4v,734,562,35,34
D4v,mk4 Venture,26,MP,212,88.4sp,D3v,D4v,734,562,35,34
D4v,mk4 Venture,27,MP,212,485sp,D3v,D4v,734,562,35,34
D4v,mk4 Venture,28,MP,212,2.75o,D3v,D4v,734,562,35,34
D4v,mk4 Venture,29,MP,212,16.1o,D3v,D4v,734,562,35,34
D4v,mk4 Venture,30,MP,212,97.0o,D3v,D4v,734,562,35,34
D4v,mk4 Venture,31,MP,212,603o,D3v,D4v,734,562,35,34
D4v,mk4 Venture,32,MP,212,3.85n,D3v,D4v,734,562,35,34
D4v,mk4 Venture,33,MP,212,25.3n,D3v,D4v,734,562,35,34
D4v,mk4 Venture,34,MP,212,171n,D3v,D4v,734,562,35,34
D4v,mk4 Venture,35,MP,212,1.19d,D3v,D4v,734,562,35,34
D4v,mk4 Venture,36,MP,212,8.48d,D3v,D4v,734,562,35,34
D4v,mk4 Venture,37,MP,212,62.0d,D3v,D4v,734,562,35,34
D4v,mk4 Venture,38,MP,212,465d,D3v,D4v,734,562,35,34
D4v,mk4 Venture,39,MP,212,3.57e36,D3v,D4v,734,562,35,34
D4v,mk4 Venture,40,MP,212,2.80e37,D3v,D4v,734,562,35,34
D4v,mk4 Venture,41,MP,212,2.26e38,D3v,D4v,734,562,35,34
D4v,mk4 Venture,42,MP,212,1.86e39,D3v,D4v,734,562,35,34
D4v,mk4 Venture,43,MP,212,1.56e40,D3v,D4v,734,562,35,34
D4v,mk4 Venture,44,MP,212,1.35e41,D3v,D4v,734,562,35,34
D4v,mk4 Venture,45,MP,212,1.18e42,D3v,D4v,734,562,35,34
D4v,mk4 Venture,46,MP,212,1.06e43,D3v,D4v,734,562,35,34
D4v,mk4 Venture,47,MP,212,9.71e43,D3v,D4v,734,562,35,34
D4v,mk4 Venture,48,MP,212,9.08e44,D3v,D4v,734,562,35,34
D4v,mk4 Venture,49,MP,212,8.65e45,D3v,D4v,734,562,35,34
D4v,mk4 Venture,50,MP,212,8.40e46,D3v,D4v,734,562,35,34
D4v,mk4 Venture,51,MP,212,8.32e47,D3v,D4v,734,562,35,34
D4v,mk4 Venture,52,MP,212,8.39e48,D3v,D4v,734,562,35,34
D4v,mk4 Venture,53,MP,212,8.62e49,D3v,D4v,734,562,35,34
D4v,mk4 Venture,54,MP,212,9.02e50,D3v,D4v,734,562,35,34
D4v,mk4 Venture,55,MP,212,9.60e51,D3v,D4v,734,562,35,34
D4v,mk4 Venture,56,MP,212,1.04e53,D3v,D4v,734,562,35,34
D4v,mk4 Venture,57,MP,212,1.15e54,D3v,D4v,734,562,35,34
D4v,mk4 Venture,58,MP,212,1.28e55,D3v,D4v,734,562,35,34
D4v,mk4 Venture,59,MP,212,1.46e56,D3v,D4v,734,562,35,34
D4v,mk4 Venture,60,MP,212,1.70e57,D3v,D4v,734,562,35,34
D4v,mk4 Venture,61,MP,212,1.99e58,D3v,D4v,734,562,35,34
D4v,mk4 Venture,62,MP,212,2.38e59,D3v,D4v,734,562,35,34
D4v,mk4 Venture,63,MP,212,2.90e60,D3v,D4v,734,562,35,34
D4v,mk4 Venture,64,MP,212,3.57e61,D3v,D4v,734,562,35,34
D4v,mk4 Venture,65,MP,212,4.47e62,D3v,D4v,734,562,35,34
D4v,mk4 Venture,66,MP,212,5.68e63,D3v,D4v,734,562,35,34
D4v,mk4 Venture,67,MP,212,7.32e64,D3v,D4v,734,562,35,34
D4v,mk4 Venture,68,MP,212,9.57e65,D3v,D4v,734,562,35,34
D4v,mk4 Venture,69,MP,212,1.27e67,D3v,D4v,734,562,35,34
D4v,mk4 Venture,70,MP,212,1.71e68,D3v,D4v,734,562,35,34
D4v,mk4 Venture,71,MP,212,2.33e69,D3v,D4v,734,562,35,34
D4v,mk4 Venture,72,MP,212,3.22e70,D3v,D4v,734,562,35,34
D4v,mk4 Venture,73,MP,212,4.52e71,D3v,D4v,734,562,35,34
D4v,mk4 Venture,74,MP,212,6.42e72,D3v,D4v,734,562,35,34
D4v,mk4 Venture,75,MP,212,9.24e73,D3v,D4v,734,562,35,34
D4v,mk4 Venture,76,MP,212,1.35e75,D3v,D4v,734,562,35,34
D4v,mk4 Venture,77,MP,212,1.99e76,D3v,D4v,734,562,35,34
D4v,mk4 Venture,78,MP,212,2.98e77,D3v,D4v,734,562,35,34
D4v,mk4 Venture,79,MP,212,4.51e78,D3v,D4v,734,562,35,34
D4v,mk4 Venture,80,MP,212,6.91e79,D3v,D4v,734,562,35,34
D4v,mk4 Venture,81,MP,212,1.07e81,D3v,D4v,734,562,35,34
D4v,mk4 Venture,82,MP,212,1.69e82,D3v,D4v,734,562,35,34
D4v,mk4 Venture,83,MP,212,2.68e83,D3v,D4v,734,562,35,34
D4v,mk4 Venture,84,MP,212,4.31e84,D3v,D4v,734,562,35,34
D4v,mk4 Venture,85,MP,212,7.01e85,D3v,D4v,734,562,35,34
D4v,mk4 Venture,86,MP,212,1.15e87,D3v,D4v,734,562,35,34
D4v,mk4 Venture,87,MP,212,1.92e88,D3v,D4v,734,562,35,34
D4v,mk4 Venture,88,MP,212,3.24e89,D3v,D4v,734,562,35,34
D4v,mk4 Venture,89,MP,212,5.51e90,D3v,D4v,734,562,35,34
D4v,mk4 Venture,90,MP,212,9.50e91,D3v,D4v,734,562,35,34
D4v,mk4 Venture,91,MP,212,1.65e93,D3v,D4v,734,562,35,34
D4v,mk4 Venture,92,MP,212,2.91e94,D3v,D4v,734,562,35,34
D4v,mk4 Venture,93,MP,212,5.17e95,D3v,D4v,734,562,35,34
D4v,mk4 Venture,94,MP,212,9.29e96,D3v,D4v,734,562,35,34
D4v,mk4 Venture,95,MP,212,1.69e98,D3v,D4v,734,562,35,34
D4v,mk4 Venture,96,MP,212,3.10e99,D3v,D4v,734,562,35,34
D4v,mk4 Venture,97,MP,212,5.74e100,D3v,D4v,734,562,35,34
D4v,mk4 Venture,98,MP,212,1.08e102,D3v,D4v,734,562,35,34
D4v,mk4 Venture,99,MP,212,2.03e103,D3v,D4v,734,562,35,34
D4v,mk4 Venture,100,MP,212,3.89e104,D3v,D4v,734,562,35,34
D4v,mk4 Venture,101,MP,212,7.50e105,D3v,D4v,734,562,35,34
D4v,mk4 Venture,102,MP,212,1.46e107,D3v,D4v,734,562,35,34
D4v,mk4 Venture,103,MP,212,2.87e108,D3v,D4v,734,562,35,34
D4v,mk4 Venture,104,MP,212,5.71e109,D3v,D4v,734,562,35,34
D4v,mk4 Venture,105,MP,212,1.14e111,D3v,D4v,734,562,35,34
D4v,mk4 Venture,106,MP,212,2.32e112,D3v,D4v,734,562,35,34
D4v,mk4 Venture,107,MP,212,4.73e113,D3v,D4v,734,562,35,34
D4v,mk4 Venture,108,MP,212,9.75e114,D3v,D4v,734,562,35,34
D4v,mk4 Venture,109,MP,212,2.03e116,D3v,D4v,734,562,35,34
D4v,mk4 Venture,110,MP,212,4.26e117,D3v,D4v,734,562,35,34
D4v,mk4 Venture,111,MP,212,9.02e118,D3v,D4v,734,562,35,34
D4v,mk4 Venture,112,MP,212,1.93e120,D3v,D4v,734,562,35,34
D4v,mk4 Venture,113,MP,212,4.16e121,D3v,D4v,734,562,35,34
D4v,mk4 Venture,114,MP,212,9.04e122,D3v,D4v,734,562,35,34
D4v,mk4 Venture,115,MP,212,1.98e124,D3v,D4v,734,562,35,34
D4v,mk4 Venture,116,MP,212,4.39e125,D3v,D4v,734,562,35,34
D4v,mk4 Venture,117,MP,212,9.80e126,D3v,D4v,734,562,35,34
D4v,mk4 Venture,118,MP,212,2.21e128,D3v,D4v,734,562,35,34
D4v,mk4 Venture,119,MP,212,5.00e129,D3v,D4v,734,562,35,34
D4v,mk4 Venture,120,MP,212,1.15e131,D3v,D4v,734,562,35,34
D4v,mk4 Venture,121,MP,212,2.64e132,D3v,D4v,734,562,35,34
D4v,mk4 Venture,122,MP,212,6.15e133,D3v,D4v,734,562,35,34
D4v,mk4 Venture,123,MP,212,1.44e135,D3v,D4v,734,562,35,34
D4v,mk4 Venture,124,MP,212,3.41e136,D3v,D4v,734,562,35,34
D4v,mk4 Venture,125,MP,212,8.12e137,D3v,D4v,734,562,35,34
D4v,mk4 Venture,126,MP,212,1.95e139,D3v,D4v,734,562,35,34
D4v,mk4 Venture,127,MP,212,4.72e140,D3v,D4v,734,562,35,34
D4v,mk4 Venture,128,MP,212,1.15e142,D3v,D4v,734,562,35,34
D4v,mk4 Venture,129,MP,212,2.83e143,D3v,D4v,734,562,35,34
D4v,mk4 Venture,130,MP,212,7.02e144,D3v,D4v,734,562,35,34
D4v,mk4 Venture,131,MP,212,1.75e146,D3v,D4v,734,562,35,34
D4v,mk4 Venture,132,MP,212,4.41e147,D3v,D4v,734,562,35,34
D4v,mk4 Venture,133,MP,212,1.12e149,D3v,D4v,734,562,35,34
D4v,mk4 Venture,134,MP,212,2.86e150,D3v,D4v,734,562,35,34
D4v,mk4 Venture,135,MP,212,7.35e151,D3v,D4v,734,562,35,34
D4v,mk4 Venture,136,MP,212,1.90e153,D3v,D4v,734,562,35,34
D4v,mk4 Venture,137,MP,212,4.97e154,D3v,D4v,734,562,35,34
D4v,mk4 Venture,138,MP,212,1.31e156,D3v,D4v,734,562,35,34
D4v,mk4 Venture,139,MP,212,3.46e157,D3v,D4v,734,562,35,34
D4v,mk4 Venture,140,MP,212,9.23e158,D3v,D4v,734,562,35,34
D4v,mk4 Venture,141,MP,212,2.48e160,D3v,D4v,734,562,35,34
D4v,mk4 Venture,142,MP,212,6.71e161,D3v,D4v,734,562,35,34
D4v,mk4 Venture,143,MP,212,1.83e163,D3v,D4v,734,562,35,34
D4v,mk4 Venture,144,MP,212,5.01e164,D3v,D4v,734,562,35,34
D4v,mk4 Venture,145,MP,212,1.38e166,D3v,D4v,734,562,35,34
D4v,mk4 Venture,146,MP,212,3.85e167,D3v,D4v,734,562,35,34
D4v,mk4 Venture,147,MP,212,1.08e169,D3v,D4v,734,562,35,34
D4v,mk4 Venture,148,MP,212,3.04e170,D3v,D4v,734,562,35,34
D4v,mk4 Venture,149,MP,212,8.62e171,D3v,D4v,734,562,35,34
D4v,mk4 Venture,150,MP,212,2.46e173,D3v,D4v,734,562,35,34
D4v,mk4 Venture,151,MP,212,7.08e174,D3v,D4v,734,562,35,34
D4v,mk4 Venture,152,MP,212,2.05e176,D3v,D4v,734,562,35,34
D4v,mk4 Venture,153,MP,212,5.97e177,D3v,D4v,734,562,35,34
D4v,mk4 Venture,154,MP,212,1.75e179,D3v,D4v,734,562,35,34
D4v,mk4 Venture,155,MP,212,5.17e180,D3v,D4v,734,562,35,34
D4v,mk4 Venture,156,MP,212,1.54e182,D3v,D4v,734,562,35,34
D4v,mk4 Venture,157,MP,212,4.59e183,D3v,D4v,734,562,35,34
D4v,mk4 Venture,158,MP,212,1.38e185,D3v,D4v,734,562,35,34
D4v,mk4 Venture,159,MP,212,4.18e186,D3v,D4v,734,562,35,34
D4v,mk4 Venture,160,MP,212,1.27e188,D3v,D4v,734,562,35,34
D4v,mk4 Venture,161,MP,212,3.91e189,D3v,D4v,734,562,35,34
D4v,mk4 Venture,162,MP,212,1.20e191,D3v,D4v,734,562,35,34
D4v,mk4 Venture,163,MP,212,3.74e192,D3v,D4v,734,562,35,34
D4v,mk4 Venture,164,MP,212,1.17e194,D3v,D4v,734,562,35,34
D4v,mk4 Venture,165,MP,212,3.67e195,D3v,D4v,734,562,35,34
D4v,mk4 Venture,166,MP,212,1.16e197,D3v,D4v,734,562,35,34
D4v,mk4 Venture,167,MP,212,3.68e198,D3v,D4v,734,562,35,34
D4v,mk4 Venture,168,MP,212,1.18e200,D3v,D4v,734,562,35,34
D4v,mk4 Venture,169,MP,212,3.79e201,D3v,D4v,734,562,35,34
D4v,mk4 Venture,170,MP,212,1.23e203,D3v,D4v,734,562,35,34
D4v,mk4 Venture,171,MP,212,3.99e204,D3v,D4v,734,562,35,34
D4v,mk4 Venture,172,MP,212,1.31e206,D3v,D4v,734,562,35,34
D4v,mk4 Venture,173,MP,212,4.30e207,D3v,D4v,734,562,35,34
D4v,mk4 Venture,174,MP,212,1.43e209,D3v,D4v,734,562,35,34
D4v,mk4 Venture,175,MP,212,4.75e210,D3v,D4v,734,562,35,34
D4L,mk4 Looper,1,MP,213,440t,D4v,D4L,734,526,30,34
D4L,mk4 Looper,2,MP,213,6.96qa,D4v,D4L,734,526,30,34
D4L,mk4 Looper,3,MP,213,233qa,D4v,D4L,734,526,30,34
D4L,mk4 Looper,4,MP,213,11.9qu,D4v,D4L,734,526,30,34
D4L,mk4 Looper,5,MP,213,810qu,D4v,D4L,734,526,30,34
D4c,mk4 MP Connection,1,MP,214,4.40qu,D4L,D4c,734,488,33,34
D4c,mk4 MP Connection,2,MP,214,211qu,D4L,D4c,734,488,33,34
D4c,mk4 MP Connection,3,MP,214,17.1sx,D4L,D4c,734,488,33,34
D4c,mk4 MP Connection,4,MP,214,1.95sp,D4L,D4c,734,488,33,34
D4c,mk4 MP Connection,5,MP,214,285sp,D4L,D4c,734,488,33,34
D4c,mk4 MP Connection,6,MP,214,51.1o,D4L,D4c,734,488,33,34
D4c,mk4 MP Connection,7,MP,214,10.8n,D4L,D4c,734,488,33,34
D4c,mk4 MP Connection,8,MP,214,2.65d,D4L,D4c,734,488,33,34
D4c,mk4 MP Connection,9,MP,214,733d,D4L,D4c,734,488,33,34
D4c,mk4 MP Connection,10,MP,214,2.27e38,D4L,D4c,734,488,33,34
D4g,mk4 LR Growth,1,Cells,215,500sx,D4c,D4g,734,448,35,34
D4g,mk4 LR Growth,2,Cells,215,40.0sp,D4c,D4g,734,448,35,34
D4g,mk4 LR Growth,3,Cells,215,5.40o,D4c,D4g,734,448,35,34
D4g,mk4 LR Growth,4,Cells,215,1.02n,D4c,D4g,734,448,35,34
D4g,mk4 LR Growth,5,Cells,215,250n,D4c,D4g,734,448,35,34
D4g,mk4 LR Growth,6,Cells,215,74.6d,D4c,D4g,734,448,35,34
D4g,mk4 LR Growth,7,Cells,215,2.64e37,D4c,D4g,734,448,35,34
D4g,mk4 LR Growth,8,Cells,215,1.07e40,D4c,D4g,734,448,35,34
D4g,mk4 LR Growth,9,Cells,215,4.96e42,D4c,D4g,734,448,35,34
D4g,mk4 LR Growth,10,Cells,215,2.56e45,D4c,D4g,734,448,35,34
D3v,mk3 Venture,1,MP,216,75.0,D2v,D3v,696,562,35,33
D3v,mk3 Venture,2,MP,216,132,D2v,D3v,696,562,35,33
D3v,mk3 Venture,3,MP,216,224,D2v,D3v,696,562,35,33
D3v,mk3 Venture,4,MP,216,388,D2v,D3v,696,562,35,33
D3v,mk3 Venture,5,MP,216,705,D2v,D3v,696,562,35,33
D3v,mk3 Venture,6,MP,216,1.35k,D2v,D3v,696,562,35,33
D3v,mk3 Venture,7,MP,216,2.73k,D2v,D3v,696,562,35,33
D3v,mk3 Venture,8,MP,216,5.85k,D2v,D3v,696,562,35,33
D3v,mk3 Venture,9,MP,216,13.3k,D2v,D3v,696,562,35,33
D3v,mk3 Venture,10,MP,216,31.7k,D2v,D3v,696,562,35,33
D3v,mk3 Venture,11,MP,216,80.2k,D2v,D3v,696,562,35,33
D3v,mk3 Venture,12,MP,216,214k,D2v,D3v,696,562,35,33
D3v,mk3 Venture,13,MP,216,598k,D2v,D3v,696,562,35,33
D3v,mk3 Venture,14,MP,216,1.76m,D2v,D3v,696,562,35,33
D3v,mk3 Venture,15,MP,216,5.41m,D2v,D3v,696,562,35,33
D3v,mk3 Venture,16,MP,216,17.4m,D2v,D3v,696,562,35,33
D3v,mk3 Venture,17,MP,216,58.6m,D2v,D3v,696,562,35,33
D3v,mk3 Venture,18,MP,216,206m,D2v,D3v,696,562,35,33
D3v,mk3 Venture,19,MP,216,752m,D2v,D3v,696,562,35,33
D3v,mk3 Venture,20,MP,216,2.86b,D2v,D3v,696,562,35,33
D3v,mk3 Venture,21,MP,216,11.3b,D2v,D3v,696,562,35,33
D3v,mk3 Venture,22,MP,216,46.3b,D2v,D3v,696,562,35,33
D3v,mk3 Venture,23,MP,216,197b,D2v,D3v,696,562,35,33
D3v,mk3 Venture,24,MP,216,865b,D2v,D3v,696,562,35,33
D3v,mk3 Venture,25,MP,216,3.93t,D2v,D3v,696,562,35,33
D3v,mk3 Venture,26,MP,216,18.5t,D2v,D3v,696,562,35,33
D3v,mk3 Venture,27,MP,216,89.6t,D2v,D3v,696,562,35,33
D3v,mk3 Venture,28,MP,216,448t,D2v,D3v,696,562,35,33
D3v,mk3 Venture,29,MP,216,2.31qa,D2v,D3v,696,562,35,33
D3v,mk3 Venture,30,MP,216,12.3qa,D2v,D3v,696,562,35,33
D3v,mk3 Venture,31,MP,216,67.0qa,D2v,D3v,696,562,35,33
D3v,mk3 Venture,32,MP,216,376qa,D2v,D3v,696,562,35,33
D3v,mk3 Venture,33,MP,216,2.17qu,D2v,D3v,696,562,35,33
D3v,mk3 Venture,34,MP,216,12.9qu,D2v,D3v,696,562,35,33
D3v,mk3 Venture,35,MP,216,78.2qu,D2v,D3v,696,562,35,33
D3v,mk3 Venture,36,MP,216,487qu,D2v,D3v,696,562,35,33
D3v,mk3 Venture,37,MP,216,3.11sx,D2v,D3v,696,562,35,33
D3v,mk3 Venture,38,MP,216,20.4sx,D2v,D3v,696,562,35,33
D3v,mk3 Venture,39,MP,216,136sx,D2v,D3v,696,562,35,33
D3v,mk3 Venture,40,MP,216,936sx,D2v,D3v,696,562,35,33
D3v,mk3 Venture,41,MP,216,6.56sp,D2v,D3v,696,562,35,33
D3v,mk3 Venture,42,MP,216,47.1sp,D2v,D3v,696,562,35,33
D3v,mk3 Venture,43,MP,216,345sp,D2v,D3v,696,562,35,33
D3v,mk3 Venture,44,MP,216,2.58o,D2v,D3v,696,562,35,33
D3v,mk3 Venture,45,MP,216,19.7o,D2v,D3v,696,562,35,33
D3v,mk3 Venture,46,MP,216,154o,D2v,D3v,696,562,35,33
D3v,mk3 Venture,47,MP,216,1.22n,D2v,D3v,696,562,35,33
D3v,mk3 Venture,48,MP,216,9.92n,D2v,D3v,696,562,35,33
D3v,mk3 Venture,49,MP,216,82.0n,D2v,D3v,696,562,35,33
D3v,mk3 Venture,50,MP,216,692n,D2v,D3v,696,562,35,33
D3v,mk3 Venture,51,MP,216,5.94d,D2v,D3v,696,562,35,33
D3v,mk3 Venture,52,MP,216,51.9d,D2v,D3v,696,562,35,33
D3v,mk3 Venture,53,MP,216,462d,D2v,D3v,696,562,35,33
D3v,mk3 Venture,54,MP,216,4.19e36,D2v,D3v,696,562,35,33
D3v,mk3 Venture,55,MP,216,3.86e37,D2v,D3v,696,562,35,33
D3v,mk3 Venture,56,MP,216,3.62e38,D2v,D3v,696,562,35,33
D3v,mk3 Venture,57,MP,216,3.46e39,D2v,D3v,696,562,35,33
D3v,mk3 Venture,58,MP,216,3.35e40,D2v,D3v,696,562,35,33
D3v,mk3 Venture,59,MP,216,3.30e41,D2v,D3v,696,562,35,33
D3v,mk3 Venture,60,MP,216,3.31e42,D2v,D3v,696,562,35,33
D3v,mk3 Venture,61,MP,216,3.37e43,D2v,D3v,696,562,35,33
D3v,mk3 Venture,62,MP,216,3.48e44,D2v,D3v,696,562,35,33
D3v,mk3 Venture,63,MP,216,3.65e45,D2v,D3v,696,562,35,33
D3v,mk3 Venture,64,MP,216,3.89e46,D2v,D3v,696,562,35,33
D3v,mk3 Venture,65,MP,216,4.21e47,D2v,D3v,696,562,35,33
D3v,mk3 Venture,66,MP,216,4.62e48,D2v,D3v,696,562,35,33
D3v,mk3 Venture,67,MP,216,5.14e49,D2v,D3v,696,562,35,33
D3v,mk3 Venture,68,MP,216,5.80e50,D2v,D3v,696,562,35,33
D3v,mk3 Venture,69,MP,216,6.64e51,D2v,D3v,696,562,35,33
D3v,mk3 Venture,70,MP,216,7.72e52,D2v,D3v,696,562,35,33
D3v,mk3 Venture,71,MP,216,9.08e53,D2v,D3v,696,562,35,33
D3v,mk3 Venture,72,MP,216,1.08e55,D2v,D3v,696,562,35,33
D3v,mk3 Venture,73,MP,216,1.31e56,D2v,D3v,696,562,35,33
D3v,mk3 Venture,74,MP,216,1.61e57,D2v,D3v,696,562,35,33
D3v,mk3 Venture,75,MP,216,1.99e58,D2v,D3v,696,562,35,33
D3v,mk3 Venture,76,MP,216,2.51e59,D2v,D3v,696,562,35,33
D3v,mk3 Venture,77,MP,216,3.19e60,D2v,D3v,696,562,35,33
D3v,mk3 Venture,78,MP,216,4.12e61,D2v,D3v,696,562,35,33
D3v,mk3 Venture,79,MP,216,5.37e62,D2v,D3v,696,562,35,33
D3v,mk3 Venture,80,MP,216,7.10e63,D2v,D3v,696,562,35,33
D3v,mk3 Venture,81,MP,216,9.50e64,D2v,D3v,696,562,35,33
D3v,mk3 Venture,82,MP,216,1.29e66,D2v,D3v,696,562,35,33
D3v,mk3 Venture,83,MP,216,1.76e67,D2v,D3v,696,562,35,33
D3v,mk3 Venture,84,MP,216,2.44e68,D2v,D3v,696,562,35,33
D3v,mk3 Venture,85,MP,216,3.42e69,D2v,D3v,696,562,35,33
D3v,mk3 Venture,86,MP,216,4.85e70,D2v,D3v,696,562,35,33
D3v,mk3 Venture,87,MP,216,6.96e71,D2v,D3v,696,562,35,33
D3v,mk3 Venture,88,MP,216,1.01e73,D2v,D3v,696,562,35,33
D3v,mk3 Venture,89,MP,216,1.48e74,D2v,D3v,696,562,35,33
D3v,mk3 Venture,90,MP,216,2.19e75,D2v,D3v,696,562,35,33
D3v,mk3 Venture,91,MP,216,3.29e76,D2v,D3v,696,562,35,33
D3v,mk3 Venture,92,MP,216,4.98e77,D2v,D3v,696,562,35,33
D3v,mk3 Venture,93,MP,216,7.62e78,D2v,D3v,696,562,35,33
D3v,mk3 Venture,94,MP,216,1.18e80,D2v,D3v,696,562,35,33
D3v,mk3 Venture,95,MP,216,1.84e81,D2v,D3v,696,562,35,33
D3v,mk3 Venture,96,MP,216,2.91e82,D2v,D3v,696,562,35,33
D3v,mk3 Venture,97,MP,216,4.64e83,D2v,D3v,696,562,35,33
D3v,mk3 Venture,98,MP,216,7.48e84,D2v,D3v,696,562,35,33
D3v,mk3 Venture,99,MP,216,1.22e86,D2v,D3v,696,562,35,33
D3v,mk3 Venture,100,MP,216,2.00e87,D2v,D3v,696,562,35,33
D3v,mk3 Venture,101,MP,216,3.32e88,D2v,D3v,696,562,35,33
D3v,mk3 Venture,102,MP,216,5.57e89,D2v,D3v,696,562,35,33
D3v,mk3 Venture,103,MP,216,9.42e90,D2v,D3v,696,562,35,33
D3v,mk3 Venture,104,MP,216,1.61e92,D2v,D3v,696,562,35,33
D3v,mk3 Venture,105,MP,216,2.78e93,D2v,D3v,696,562,35,33
D3v,mk3 Venture,106,MP,216,4.83e94,D2v,D3v,696,562,35,33
D3v,mk3 Venture,107,MP,216,8.49e95,D2v,D3v,696,562,35,33
D3v,mk3 Venture,108,MP,216,1.50e97,D2v,D3v,696,562,35,33
D3v,mk3 Venture,109,MP,216,2.69e98,D2v,D3v,696,562,35,33
D3v,mk3 Venture,110,MP,216,4.86e99,D2v,D3v,696,562,35,33
D3v,mk3 Venture,111,MP,216,8.85e100,D2v,D3v,696,562,35,33
D3v,mk3 Venture,112,MP,216,1.63e102,D2v,D3v,696,562,35,33
D3v,mk3 Venture,113,MP,216,3.01e103,D2v,D3v,696,562,35,33
D3v,mk3 Venture,114,MP,216,5.64e104,D2v,D3v,696,562,35,33
D3v,mk3 Venture,115,MP,216,1.06e106,D2v,D3v,696,562,35,33
D3v,mk3 Venture,116,MP,216,2.02e107,D2v,D3v,696,562,35,33
D3v,mk3 Venture,117,MP,216,3.88e108,D2v,D3v,696,562,35,33
D3v,mk3 Venture,118,MP,216,7.50e109,D2v,D3v,696,562,35,33
D3v,mk3 Venture,119,MP,216,1.46e111,D2v,D3v,696,562,35,33
D3v,mk3 Venture,120,MP,216,2.88e112,D2v,D3v,696,562,35,33
D3v,mk3 Venture,121,MP,216,5.71e113,D2v,D3v,696,562,35,33
D3v,mk3 Venture,122,MP,216,1.14e115,D2v,D3v,696,562,35,33
D3v,mk3 Venture,123,MP,216,2.30e116,D2v,D3v,696,562,35,33
D3v,mk3 Venture,124,MP,216,4.67e117,D2v,D3v,696,562,35,33
D3v,mk3 Venture,125,MP,216,9.57e118,D2v,D3v,696,562,35,33
D3v,mk3 Venture,126,MP,216,1.98e120,D2v,D3v,696,562,35,33
D3v,mk3 Venture,127,MP,216,4.11e121,D2v,D3v,696,562,35,33
D3v,mk3 Venture,128,MP,216,8.61e122,D2v,D3v,696,562,35,33
D3v,mk3 Venture,129,MP,216,1.82e124,D2v,D3v,696,562,35,33
D3v,mk3 Venture,130,MP,216,3.87e125,D2v,D3v,696,562,35,33
D3v,mk3 Venture,131,MP,216,8.31e126,D2v,D3v,696,562,35,33
D3v,mk3 Venture,132,MP,216,1.80e128,D2v,D3v,696,562,35,33
D3v,mk3 Venture,133,MP,216,3.91e129,D2v,D3v,696,562,35,33
D3v,mk3 Venture,134,MP,216,8.58e130,D2v,D3v,696,562,35,33
D3v,mk3 Venture,135,MP,216,1.90e132,D2v,D3v,696,562,35,33
D3v,mk3 Venture,136,MP,216,4.22e133,D2v,D3v,696,562,35,33
D3v,mk3 Venture,137,MP,216,9.46e134,D2v,D3v,696,562,35,33
D3v,mk3 Venture,138,MP,216,2.14e136,D2v,D3v,696,562,35,33
D3v,mk3 Venture,139,MP,216,4.86e137,D2v,D3v,696,562,35,33
D3v,mk3 Venture,140,MP,216,1.11e139,D2v,D3v,696,562,35,33
D3v,mk3 Venture,141,MP,216,2.57e140,D2v,D3v,696,562,35,33
D3v,mk3 Venture,142,MP,216,5.97e141,D2v,D3v,696,562,35,33
D3v,mk3 Venture,143,MP,216,1.40e143,D2v,D3v,696,562,35,33
D3v,mk3 Venture,144,MP,216,3.29e144,D2v,D3v,696,562,35,33
D3v,mk3 Venture,145,MP,216,7.80e145,D2v,D3v,696,562,35,33
D3v,mk3 Venture,146,MP,216,1.86e147,D2v,D3v,696,562,35,33
D3v,mk3 Venture,147,MP,216,4.48e148,D2v,D3v,696,562,35,33
D3v,mk3 Venture,148,MP,216,1.08e150,D2v,D3v,696,562,35,33
D3v,mk3 Venture,149,MP,216,2.64e151,D2v,D3v,696,562,35,33
D3v,mk3 Venture,150,MP,216,6.48e152,D2v,D3v,696,562,35,33
D3v,mk3 Venture,151,MP,216,1.60e154,D2v,D3v,696,562,35,33
D3v,mk3 Venture,152,MP,216,3.98e155,D2v,D3v,696,562,35,33
D3v,mk3 Venture,153,MP,216,9.95e156,D2v,D3v,696,562,35,33
D3v,mk3 Venture,154,MP,216,2.51e158,D2v,D3v,696,562,35,33
D3v,mk3 Venture,155,MP,216,6.35e159,D2v,D3v,696,562,35,33
D3v,mk3 Venture,156,MP,216,1.62e161,D2v,D3v,696,562,35,33
D3v,mk3 Venture,157,MP,216,4.16e162,D2v,D3v,696,562,35,33
D3v,mk3 Venture,158,MP,216,1.07e164,D2v,D3v,696,562,35,33
D3v,mk3 Venture,159,MP,216,2.79e165,D2v,D3v,696,562,35,33
D3v,mk3 Venture,160,MP,216,7.30e166,D2v,D3v,696,562,35,33
D3v,mk3 Venture,161,MP,216,1.92e168,D2v,D3v,696,562,35,33
D3v,mk3 Venture,162,MP,216,5.09e169,D2v,D3v,696,562,35,33
D3v,mk3 Venture,163,MP,216,1.35e171,D2v,D3v,696,562,35,33
D3v,mk3 Venture,164,MP,216,3.63e172,D2v,D3v,696,562,35,33
D3v,mk3 Venture,165,MP,216,9.79e173,D2v,D3v,696,562,35,33
D3v,mk3 Venture,166,MP,216,2.66e175,D2v,D3v,696,562,35,33
D3v,mk3 Venture,167,MP,216,7.25e176,D2v,D3v,696,562,35,33
D3v,mk3 Venture,168,MP,216,1.99e178,D2v,D3v,696,562,35,33
D3v,mk3 Venture,169,MP,216,5.50e179,D2v,D3v,696,562,35,33
D3v,mk3 Venture,170,MP,216,1.53e181,D2v,D3v,696,562,35,33
D3v,mk3 Venture,171,MP,216,4.26e182,D2v,D3v,696,562,35,33
D3v,mk3 Venture,172,MP,216,1.20e184,D2v,D3v,696,562,35,33
D3v,mk3 Venture,173,MP,216,3.39e185,D2v,D3v,696,562,35,33
D3v,mk3 Venture,174,MP,216,9.63e186,D2v,D3v,696,562,35,33
D3v,mk3 Venture,175,MP,216,2.75e188,D2v,D3v,696,562,35,33
D3L,mk3 Looper,1,MP,217,6.00k,D3v,D3L,696,526,30,33
D3L,mk3 Looper,2,MP,217,72.0k,D3v,D3L,696,526,30,33
D3L,mk3 Looper,3,MP,217,1.89m,D3v,D3L,696,526,30,33
D3L,mk3 Looper,4,MP,217,76.8m,D3v,D3L,696,526,30,33
D3L,mk3 Looper,5,MP,217,4.22b,D3v,D3L,696,526,30,33
D3c,mk3 MP Connection,1,MP,218,3.30qa,D3L,D3c,696,488,33,33
D3c,mk3 MP Connection,2,MP,218,79.2qa,D3L,D3c,696,488,33,33
D3c,mk3 MP Connection,3,MP,218,3.21qu,D3L,D3c,696,488,33,33
D3c,mk3 MP Connection,4,MP,218,182qu,D3L,D3c,696,488,33,33
D3c,mk3 MP Connection,5,MP,218,13.4sx,D3L,D3c,696,488,33,33
D3c,mk3 MP Connection,6,MP,218,1.20sp,D3L,D3c,696,488,33,33
D3c,mk3 MP Connection,7,MP,218,127sp,D3L,D3c,696,488,33,33
D3c,mk3 MP Connection,8,MP,218,15.5o,D3L,D3c,696,488,33,33
D3c,mk3 MP Connection,9,MP,218,2.15n,D3L,D3c,696,488,33,33
D3c,mk3 MP Connection,10,MP,218,333n,D3L,D3c,696,488,33,33
D3g,mk3 LR Growth,1,Cells,219,50.0qu,D3c,D3g,696,448,35,33
D3g,mk3 LR Growth,2,Cells,219,3.00sx,D3c,D3g,696,448,35,33
D3g,mk3 LR Growth,3,Cells,219,304sx,D3c,D3g,696,448,35,33
D3g,mk3 LR Growth,4,Cells,219,43.2sp,D3c,D3g,696,448,35,33
D3g,mk3 LR Growth,5,Cells,219,7.91o,D3c,D3g,696,448,35,33
D3g,mk3 LR Growth,6,Cells,219,1.77n,D3c,D3g,696,448,35,33
D3g,mk3 LR Growth,7,Cells,219,469n,D3c,D3g,696,448,35,33
D3g,mk3 LR Growth,8,Cells,219,143d,D3c,D3g,696,448,35,33
D3g,mk3 LR Growth,9,Cells,219,4.96e37,D3c,D3g,696,448,35,33
D3g,mk3 LR Growth,10,Cells,219,1.92e40,D3c,D3g,696,448,35,33
D2v,mk2 Venture,1,MP,220,65.0,D1v,D2v,658,562,35,33
D2v,mk2 Venture,2,MP,220,106,D1v,D2v,658,562,35,33
D2v,mk2 Venture,3,MP,220,170,D1v,D2v,658,562,35,33
D2v,mk2 Venture,4,MP,220,278,D1v,D2v,658,562,35,33
D2v,mk2 Venture,5,MP,220,471,D1v,D2v,658,562,35,33
D2v,mk2 Venture,6,MP,220,835,D1v,D2v,658,562,35,33
D2v,mk2 Venture,7,MP,220,1.55k,D1v,D2v,658,562,35,33
D2v,mk2 Venture,8,MP,220,3.05k,D1v,D2v,658,562,35,33
D2v,mk2 Venture,9,MP,220,6.27k,D1v,D2v,658,562,35,33
D2v,mk2 Venture,10,MP,220,13.6k,D1v,D2v,658,562,35,33
D2v,mk2 Venture,11,MP,220,30.8k,D1v,D2v,658,562,35,33
D2v,mk2 Venture,12,MP,220,73.4k,D1v,D2v,658,562,35,33
D2v,mk2 Venture,13,MP,220,183k,D1v,D2v,658,562,35,33
D2v,mk2 Venture,14,MP,220,476k,D1v,D2v,658,562,35,33
D2v,mk2 Venture,15,MP,220,1.30m,D1v,D2v,658,562,35,33
D2v,mk2 Venture,16,MP,220,3.68m,D1v,D2v,658,562,35,33
D2v,mk2 Venture,17,MP,220,10.9m,D1v,D2v,658,562,35,33
D2v,mk2 Venture,18,MP,220,33.4m,D1v,D2v,658,562,35,33
D2v,mk2 Venture,19,MP,220,107m,D1v,D2v,658,562,35,33
D2v,mk2 Venture,20,MP,220,353m,D1v,D2v,658,562,35,33
D2v,mk2 Venture,21,MP,220,1.21b,D1v,D2v,658,562,35,33
D2v,mk2 Venture,22,MP,220,4.31b,D1v,D2v,658,562,35,33
D2v,mk2 Venture,23,MP,220,15.8b,D1v,D2v,658,562,35,33
D2v,mk2 Venture,24,MP,220,60.2b,D1v,D2v,658,562,35,33
D2v,mk2 Venture,25,MP,220,236b,D1v,D2v,658,562,35,33
D2v,mk2 Venture,26,MP,220,955b,D1v,D2v,658,562,35,33
D2v,mk2 Venture,27,MP,220,3.99t,D1v,D2v,658,562,35,33
D2v,mk2 Venture,28,MP,220,17.1t,D1v,D2v,658,562,35,33
D2v,mk2 Venture,29,MP,220,75.7t,D1v,D2v,658,562,35,33
D2v,mk2 Venture,30,MP,220,345t,D1v,D2v,658,562,35,33
D2v,mk2 Venture,31,MP,220,1.61qa,D1v,D2v,658,562,35,33
D2v,mk2 Venture,32,MP,220,7.73qa,D1v,D2v,658,562,35,33
D2v,mk2 Venture,33,MP,220,38.1qa,D1v,D2v,658,562,35,33
D2v,mk2 Venture,34,MP,220,193qa,D1v,D2v,658,562,35,33
D2v,mk2 Venture,35,MP,220,998qa,D1v,D2v,658,562,35,33
D2v,mk2 Venture,36,MP,220,5.30qu,D1v,D2v,658,562,35,33
D2v,mk2 Venture,37,MP,220,28.8qu,D1v,D2v,658,562,35,33
D2v,mk2 Venture,38,MP,220,160qu,D1v,D2v,658,562,35,33
D2v,mk2 Venture,39,MP,220,914qu,D1v,D2v,658,562,35,33
D2v,mk2 Venture,40,MP,220,5.32sx,D1v,D2v,658,562,35,33
D2v,mk2 Venture,41,MP,220,31.7sx,D1v,D2v,658,562,35,33
D2v,mk2 Venture,42,MP,220,193sx,D1v,D2v,658,562,35,33
D2v,mk2 Venture,43,MP,220,1.20sp,D1v,D2v,658,562,35,33
D2v,mk2 Venture,44,MP,220,7.59sp,D1v,D2v,658,562,35,33
D2v,mk2 Venture,45,MP,220,49.1sp,D1v,D2v,658,562,35,33
D2v,mk2 Venture,46,MP,220,324sp,D1v,D2v,658,562,35,33
D2v,mk2 Venture,47,MP,220,2.18o,D1v,D2v,658,562,35,33
D2v,mk2 Venture,48,MP,220,15.0o,D1v,D2v,658,562,35,33
D2v,mk2 Venture,49,MP,220,105o,D1v,D2v,658,562,35,33
D2v,mk2 Venture,50,MP,220,745o,D1v,D2v,658,562,35,33
D2v,mk2 Venture,51,MP,220,5.41n,D1v,D2v,658,562,35,33
D2v,mk2 Venture,52,MP,220,39.9n,D1v,D2v,658,562,35,33
D2v,mk2 Venture,53,MP,220,300n,D1v,D2v,658,562,35,33
D2v,mk2 Venture,54,MP,220,2.29d,D1v,D2v,658,562,35,33
D2v,mk2 Venture,55,MP,220,17.8d,D1v,D2v,658,562,35,33
D2v,mk2 Venture,56,MP,220,141d,D1v,D2v,658,562,35,33
D2v,mk2 Venture,57,MP,220,1.13e36,D1v,D2v,658,562,35,33
D2v,mk2 Venture,58,MP,220,9.27e36,D1v,D2v,658,562,35,33
D2v,mk2 Venture,59,MP,220,7.69e37,D1v,D2v,658,562,35,33
D2v,mk2 Venture,60,MP,220,6.49e38,D1v,D2v,658,562,35,33
D2v,mk2 Venture,61,MP,220,5.56e39,D1v,D2v,658,562,35,33
D2v,mk2 Venture,62,MP,220,4.84e40,D1v,D2v,658,562,35,33
D2v,mk2 Venture,63,MP,220,4.27e41,D1v,D2v,658,562,35,33
D2v,mk2 Venture,64,MP,220,3.83e42,D1v,D2v,658,562,35,33
D2v,mk2 Venture,65,MP,220,3.48e43,D1v,D2v,658,562,35,33
D2v,mk2 Venture,66,MP,220,3.21e44,D1v,D2v,658,562,35,33
D2v,mk2 Venture,67,MP,220,3.01e45,D1v,D2v,658,562,35,33
D2v,mk2 Venture,68,MP,220,2.85e46,D1v,D2v,658,562,35,33
D2v,mk2 Venture,69,MP,220,2.75e47,D1v,D2v,658,562,35,33
D2v,mk2 Venture,70,MP,220,2.68e48,D1v,D2v,658,562,35,33
D2v,mk2 Venture,71,MP,220,2.65e49,D1v,D2v,658,562,35,33
D2v,mk2 Venture,72,MP,220,2.66e50,D1v,D2v,658,562,35,33
D2v,mk2 Venture,73,MP,220,2.70e51,D1v,D2v,658,562,35,33
D2v,mk2 Venture,74,MP,220,2.78e52,D1v,D2v,658,562,35,33
D2v,mk2 Venture,75,MP,220,2.89e53,D1v,D2v,658,562,35,33
D2v,mk2 Venture,76,MP,220,3.05e54,D1v,D2v,658,562,35,33
D2v,mk2 Venture,77,MP,220,3.26e55,D1v,D2v,658,562,35,33
D2v,mk2 Venture,78,MP,220,3.53e56,D1v,D2v,658,562,35,33
D2v,mk2 Venture,79,MP,220,3.87e57,D1v,D2v,658,562,35,33
D2v,mk2 Venture,80,MP,220,4.29e58,D1v,D2v,658,562,35,33
D2v,mk2 Venture,81,MP,220,4.81e59,D1v,D2v,658,562,35,33
D2v,mk2 Venture,82,MP,220,5.46e60,D1v,D2v,658,562,35,33
D2v,mk2 Venture,83,MP,220,6.28e61,D1v,D2v,658,562,35,33
D2v,mk2 Venture,84,MP,220,7.29e62,D1v,D2v,658,562,35,33
D2v,mk2 Venture,85,MP,220,8.57e63,D1v,D2v,658,562,35,33
D2v,mk2 Venture,86,MP,220,1.02e65,D1v,D2v,658,562,35,33
D2v,mk2 Venture,87,MP,220,1.23e66,D1v,D2v,658,562,35,33
D2v,mk2 Venture,88,MP,220,1.49e67,D1v,D2v,658,562,35,33
D2v,mk2 Venture,89,MP,220,1.83e68,D1v,D2v,658,562,35,33
D2v,mk2 Venture,90,MP,220,2.27e69,D1v,D2v,658,562,35,33
D2v,mk2 Venture,91,MP,220,2.85e70,D1v,D2v,658,562,35,33
D2v,mk2 Venture,92,MP,220,3.62e71,D1v,D2v,658,562,35,33
D2v,mk2 Venture,93,MP,220,4.64e72,D1v,D2v,658,562,35,33
D2v,mk2 Venture,94,MP,220,6.02e73,D1v,D2v,658,562,35,33
D2v,mk2 Venture,95,MP,220,7.88e74,D1v,D2v,658,562,35,33
D2v,mk2 Venture,96,MP,220,1.04e76,D1v,D2v,658,562,35,33
D2v,mk2 Venture,97,MP,220,1.39e77,D1v,D2v,658,562,35,33
D2v,mk2 Venture,98,MP,220,1.88e78,D1v,D2v,658,562,35,33
D2v,mk2 Venture,99,MP,220,2.56e79,D1v,D2v,658,562,35,33
D2v,mk2 Venture,100,MP,220,3.52e80,D1v,D2v,658,562,35,33
D2v,mk2 Venture,101,MP,220,4.89e81,D1v,D2v,658,562,35,33
D2v,mk2 Venture,102,MP,220,6.86e82,D1v,D2v,658,562,35,33
D2v,mk2 Venture,103,MP,220,9.72e83,D1v,D2v,658,562,35,33
D2v,mk2 Venture,104,MP,220,1.39e85,D1v,D2v,658,562,35,33
D2v,mk2 Venture,105,MP,220,2.00e86,D1v,D2v,658,562,35,33
D2v,mk2 Venture,106,MP,220,2.92e87,D1v,D2v,658,562,35,33
D2v,mk2 Venture,107,MP,220,4.29e88,D1v,D2v,658,562,35,33
D2v,mk2 Venture,108,MP,220,6.37e89,D1v,D2v,658,562,35,33
D2v,mk2 Venture,109,MP,220,9.53e90,D1v,D2v,658,562,35,33
D2v,mk2 Venture,110,MP,220,1.44e92,D1v,D2v,658,562,35,33
D2v,mk2 Venture,111,MP,220,2.19e93,D1v,D2v,658,562,35,33
D2v,mk2 Venture,112,MP,220,3.37e94,D1v,D2v,658,562,35,33
D2v,mk2 Venture,113,MP,220,5.23e95,D1v,D2v,658,562,35,33
D2v,mk2 Venture,114,MP,220,8.17e96,D1v,D2v,658,562,35,33
D2v,mk2 Venture,115,MP,220,1.29e98,D1v,D2v,658,562,35,33
D2v,mk2 Venture,116,MP,220,2.05e99,D1v,D2v,658,562,35,33
D2v,mk2 Venture,117,MP,220,3.29e100,D1v,D2v,658,562,35,33
D2v,mk2 Venture,118,MP,220,5.32e101,D1v,D2v,658,562,35,33
D2v,mk2 Venture,119,MP,220,8.68e102,D1v,D2v,658,562,35,33
D2v,mk2 Venture,120,MP,220,1.43e104,D1v,D2v,658,562,35,33
D2v,mk2 Venture,121,MP,220,2.37e105,D1v,D2v,658,562,35,33
D2v,mk2 Venture,122,MP,220,3.96e106,D1v,D2v,658,562,35,33
D2v,mk2 Venture,123,MP,220,6.67e107,D1v,D2v,658,562,35,33
D2v,mk2 Venture,124,MP,220,1.13e109,D1v,D2v,658,562,35,33
D2v,mk2 Venture,125,MP,220,1.94e110,D1v,D2v,658,562,35,33
D2v,mk2 Venture,126,MP,220,3.35e111,D1v,D2v,658,562,35,33
D2v,mk2 Venture,127,MP,220,5.82e112,D1v,D2v,658,562,35,33
D2v,mk2 Venture,128,MP,220,1.02e114,D1v,D2v,658,562,35,33
D2v,mk2 Venture,129,MP,220,1.80e115,D1v,D2v,658,562,35,33
D2v,mk2 Venture,130,MP,220,3.20e116,D1v,D2v,658,562,35,33
D2v,mk2 Venture,131,MP,220,5.74e117,D1v,D2v,658,562,35,33
D2v,mk2 Venture,132,MP,220,1.04e119,D1v,D2v,658,562,35,33
D2v,mk2 Venture,133,MP,220,1.89e120,D1v,D2v,658,562,35,33
D2v,mk2 Venture,134,MP,220,3.46e121,D1v,D2v,658,562,35,33
D2v,mk2 Venture,135,MP,220,6.39e122,D1v,D2v,658,562,35,33
D2v,mk2 Venture,136,MP,220,1.19e124,D1v,D2v,658,562,35,33
D2v,mk2 Venture,137,MP,220,2.23e125,D1v,D2v,658,562,35,33
D2v,mk2 Venture,138,MP,220,4.20e126,D1v,D2v,658,562,35,33
D2v,mk2 Venture,139,MP,220,7.98e127,D1v,D2v,658,562,35,33
D2v,mk2 Venture,140,MP,220,1.53e129,D1v,D2v,658,562,35,33
D2v,mk2 Venture,141,MP,220,2.94e130,D1v,D2v,658,562,35,33
D2v,mk2 Venture,142,MP,220,5.71e131,D1v,D2v,658,562,35,33
D2v,mk2 Venture,143,MP,220,1.12e133,D1v,D2v,658,562,35,33
D2v,mk2 Venture,144,MP,220,2.20e134,D1v,D2v,658,562,35,33
D2v,mk2 Venture,145,MP,220,4.35e135,D1v,D2v,658,562,35,33
D2v,mk2 Venture,146,MP,220,8.69e136,D1v,D2v,658,562,35,33
D2v,mk2 Venture,147,MP,220,1.74e138,D1v,D2v,658,562,35,33
D2v,mk2 Venture,148,MP,220,3.53e139,D1v,D2v,658,562,35,33
D2v,mk2 Venture,149,MP,220,7.18e140,D1v,D2v,658,562,35,33
D2v,mk2 Venture,150,MP,220,1.47e142,D1v,D2v,658,562,35,33
D2v,mk2 Venture,151,MP,220,3.03e143,D1v,D2v,658,562,35,33
D2v,mk2 Venture,152,MP,220,6.30e144,D1v,D2v,658,562,35,33
D2v,mk2 Venture,153,MP,220,1.32e146,D1v,D2v,658,562,35,33
D2v,mk2 Venture,154,MP,220,2.77e147,D1v,D2v,658,562,35,33
D2v,mk2 Venture,155,MP,220,5.86e148,D1v,D2v,658,562,35,33
D2v,mk2 Venture,156,MP,220,1.25e150,D1v,D2v,658,562,35,33
D2v,mk2 Venture,157,MP,220,2.67e151,D1v,D2v,658,562,35,33
D2v,mk2 Venture,158,MP,220,5.77e152,D1v,D2v,658,562,35,33
D2v,mk2 Venture,159,MP,220,1.25e154,D1v,D2v,658,562,35,33
D2v,mk2 Venture,160,MP,220,2.73e155,D1v,D2v,658,562,35,33
D2v,mk2 Venture,161,MP,220,6.01e156,D1v,D2v,658,562,35,33
D2v,mk2 Venture,162,MP,220,1.33e158,D1v,D2v,658,562,35,33
D2v,mk2 Venture,163,MP,220,2.95e159,D1v,D2v,658,562,35,33
D2v,mk2 Venture,164,MP,220,6.61e160,D1v,D2v,658,562,35,33
D2v,mk2 Venture,165,MP,220,1.49e162,D1v,D2v,658,562,35,33
D2v,mk2 Venture,166,MP,220,3.37e163,D1v,D2v,658,562,35,33
D2v,mk2 Venture,167,MP,220,7.68e164,D1v,D2v,658,562,35,33
D2v,mk2 Venture,168,MP,220,1.76e166,D1v,D2v,658,562,35,33
D2v,mk2 Venture,169,MP,220,4.06e167,D1v,D2v,658,562,35,33
D2v,mk2 Venture,170,MP,220,9.41e168,D1v,D2v,658,562,35,33
D2v,mk2 Venture,171,MP,220,2.19e170,D1v,D2v,658,562,35,33
D2v,mk2 Venture,172,MP,220,5.15e171,D1v,D2v,658,562,35,33
D2v,mk2 Venture,173,MP,220,1.21e173,D1v,D2v,658,562,35,33
D2v,mk2 Venture,174,MP,220,2.88e174,D1v,D2v,658,562,35,33
D2v,mk2 Venture,175,MP,220,6.88e175,D1v,D2v,658,562,35,33
D2L,mk2 Looper,1,MP,221,1.50k,D2v,D2L,658,526,30,33
D2L,mk2 Looper,2,MP,221,15.2k,D2v,D2L,658,526,30,33
D2L,mk2 Looper,3,MP,221,331k,D2v,D2L,658,526,30,33
D2L,mk2 Looper,4,MP,221,11.1m,D2v,D2L,658,526,30,33
D2L,mk2 Looper,5,MP,221,496m,D2v,D2L,658,526,30,33
D2c,mk2 MP Connection,1,MP,222,22.0t,D2L,D2c,658,488,33,33
D2c,mk2 MP Connection,2,MP,222,264t,D2L,D2c,658,488,33,33
D2c,mk2 MP Connection,3,MP,222,5.35qa,D2L,D2c,658,488,33,33
D2c,mk2 MP Connection,4,MP,222,152qa,D2L,D2c,658,488,33,33
D2c,mk2 MP Connection,5,MP,222,5.57qu,D2L,D2c,658,488,33,33
D2c,mk2 MP Connection,6,MP,222,249qu,D2L,D2c,658,488,33,33
D2c,mk2 MP Connection,7,MP,222,13.2sx,D2L,D2c,658,488,33,33
D2c,mk2 MP Connection,8,MP,222,807sx,D2L,D2c,658,488,33,33
D2c,mk2 MP Connection,9,MP,222,55.9sp,D2L,D2c,658,488,33,33
D2c,mk2 MP Connection,10,MP,222,4.33o,D2L,D2c,658,488,33,33
D2g,mk2 LR Growth,1,Cells,223,500qa,D2c,D2g,658,448,35,33
D2g,mk2 LR Growth,2,Cells,223,20.0qu,D2c,D2g,658,448,35,33
D2g,mk2 LR Growth,3,Cells,223,1.35sx,D2c,D2g,658,448,35,33
D2g,mk2 LR Growth,4,Cells,223,128sx,D2c,D2g,658,448,35,33
D2g,mk2 LR Growth,5,Cells,223,15.6sp,D2c,D2g,658,448,35,33
D2g,mk2 LR Growth,6,Cells,223,2.33o,D2c,D2g,658,448,35,33
D2g,mk2 LR Growth,7,Cells,223,412o,D2c,D2g,658,448,35,33
D2g,mk2 LR Growth,8,Cells,223,83.9n,D2c,D2g,658,448,35,33
D2g,mk2 LR Growth,9,Cells,223,19.4d,D2c,D2g,658,448,35,33
D2g,mk2 LR Growth,10,Cells,223,5.00e36,D2c,D2g,658,448,35,33
DGC,Mod Growth Alg: Cells,1,Cells,224,500d,D2g,DGC,658,397,32,33
DGC,Mod Growth Alg: Cells,2,Cells,224,5.00e70,D2g,DGC,658,397,32,33
DGC,Mod Growth Alg: Cells,3,Cells,224,5.00e105,D2g,DGC,658,397,32,33
DGC,Mod Growth Alg: Cells,4,Cells,224,5.00e140,D2g,DGC,658,397,32,33
DGC,Mod Growth Alg: Cells,5,Cells,224,5.00e175,D2g,DGC,658,397,32,33
DGC,Mod Growth Alg: Cells,6,Cells,224,5.00e210,D2g,DGC,658,397,32,33
DGC,Mod Growth Alg: Cells,7,Cells,224,5.00e245,D2g,DGC,658,397,32,33
DGC,Mod Growth Alg: Cells,8,Cells,224,5.00e280,D2g,DGC,658,397,32,33
DGC,Mod Growth Alg: Cells,9,Cells,224,5.00e315,D2g,DGC,658,397,32,33
DGC,Mod Growth Alg: Cells,10,Cells,224,5.00e350,D2g,DGC,658,397,32,33
DGC,Mod Growth Alg: Cells,11,Cells,224,5.00e385,D2g,DGC,658,397,32,33
DGS,Mod Growth Alg: Shards,1,Shards,225,5.00e65,DGC,DGS,657,355,37,34
DGS,Mod Growth Alg: Shards,2,Shards,225,5.00e110,DGC,DGS,657,355,37,34
DGS,Mod Growth Alg: Shards,3,Shards,225,5.00e155,DGC,DGS,657,355,37,34
DGS,Mod Growth Alg: Shards,4,Shards,225,5.00e200,DGC,DGS,657,355,37,34
DGS,Mod Growth Alg: Shards,5,Shards,225,5.00e245,DGC,DGS,657,355,37,34
DGS,Mod Growth Alg: Shards,6,Shards,225,5.00e290,DGC,DGS,657,355,37,34
DGS,Mod Growth Alg: Shards,7,Shards,225,5.00e335,DGC,DGS,657,355,37,34
DGS,Mod Growth Alg: Shards,8,Shards,225,5.00e380,DGC,DGS,657,355,37,34
F01,Cell Loop Reduction,1,MP,226,18.0,B03,F01,568,560,38,37
F01,Cell Loop Reduction,2,MP,226,100,B03,F01,568,560,38,37
F01,Cell Loop Reduction,3,MP,226,1.41k,B03,F01,568,560,38,37
F01,Cell Loop Reduction,4,MP,226,31.9k,B03,F01,568,560,38,37
F01,Cell Loop Reduction,5,MP,226,999k,B03,F01,568,560,38,37
F02,CL Growth Reduction,1,MP,227,85.0,F01,F02,567,485,38,37
F02,CL Growth Reduction,2,MP,227,20.0qa,F01,F02,567,485,38,37
F02,CL Growth Reduction,3,MP,227,18.0sp,F01,F02,567,485,38,37
F04,Accum Level Alpha,1,MP,228,10.0t,F03,F04,606,396,37,35
F04,Accum Level Alpha,2,MP,228,20.0sp,F03,F04,606,396,37,35
F04,Accum Level Alpha,3,MP,228,3.00e37,F03,F04,606,396,37,35
F04,Accum Level Alpha,4,MP,228,4.00e49,F03,F04,606,396,37,35
F04,Accum Level Alpha,5,MP,228,5.00e61,F03,F04,606,396,37,35
F04,Accum Level Alpha,6,MP,228,4.56e209,F03,F04,606,396,37,35
F04,Accum Level Alpha,7,MP,228,7.97e248,F03,F04,606,396,37,35
F04,Accum Level Alpha,8,MP,228,1.37e288,F03,F04,606,396,37,35
F04,Accum Level Alpha,9,MP,228,2.31e327,F03,F04,606,396,37,35
F04,Accum Level Alpha,10,MP,228,3.84e366,F03,F04,606,396,37,35
F03,mk4 Trinity,1,MP,229,400,F02,F03,570,396,37,31
F03,mk4 Trinity,2,MP,229,1.00k,F02,F03,570,396,37,31
F03,mk4 Trinity,3,MP,229,3.75k,F02,F03,570,396,37,31
F03,mk4 Trinity,4,MP,229,18.9k,F02,F03,570,396,37,31
F03,mk4 Trinity,5,MP,229,120k,F02,F03,570,396,37,31
F03,mk4 Trinity,6,MP,229,922k,F02,F03,570,396,37,31
F03,mk4 Trinity,7,MP,229,8.30m,F02,F03,570,396,37,31
F03,mk4 Trinity,8,MP,229,85.9m,F02,F03,570,396,37,31
F03,mk4 Trinity,9,MP,229,1.00b,F02,F03,570,396,37,31
F03,mk4 Trinity,10,MP,229,13.1b,F02,F03,570,396,37,31
F03,mk4 Trinity,11,MP,229,188b,F02,F03,570,396,37,31
F03,mk4 Trinity,12,MP,229,2.97t,F02,F03,570,396,37,31
F03,mk4 Trinity,13,MP,229,50.7t,F02,F03,570,396,37,31
F03,mk4 Trinity,14,MP,229,935t,F02,F03,570,396,37,31
F03,mk4 Trinity,15,MP,229,18.5qa,F02,F03,570,396,37,31
F03,mk4 Trinity,16,MP,229,391qa,F02,F03,570,396,37,31
F03,mk4 Trinity,17,MP,229,8.80qu,F02,F03,570,396,37,31
F03,mk4 Trinity,18,MP,229,210qu,F02,F03,570,396,37,31
F03,mk4 Trinity,19,MP,229,5.29sx,F02,F03,570,396,37,31
F03,mk4 Trinity,20,MP,229,141sx,F02,F03,570,396,37,31
F03,mk4 Trinity,21,MP,229,3.93sp,F02,F03,570,396,37,31
F03,mk4 Trinity,22,MP,229,115sp,F02,F03,570,396,37,31
F03,mk4 Trinity,23,MP,229,3.52o,F02,F03,570,396,37,31
F03,mk4 Trinity,24,MP,229,113o,F02,F03,570,396,37,31
F03,mk4 Trinity,25,MP,229,3.76n,F02,F03,570,396,37,31
F03,mk4 Trinity,26,MP,229,130n,F02,F03,570,396,37,31
F03,mk4 Trinity,27,MP,229,4.71d,F02,F03,570,396,37,31
F03,mk4 Trinity,28,MP,229,176d,F02,F03,570,396,37,31
F03,mk4 Trinity,29,MP,229,6.83e36,F02,F03,570,396,37,31
F03,mk4 Trinity,30,MP,229,2.74e38,F02,F03,570,396,37,31
F06,Accum Level Beta,1,Loop Reset Reduction,230,100t,F05,F06,530,358,33,35
F05,mk3 Trinity,1,MP,231,70.0t,F03,F05,570,358,33,31
F05,mk3 Trinity,2,MP,231,320t,F03,F05,570,358,33,31
F05,mk3 Trinity,3,MP,231,2.25qa,F03,F05,570,358,33,31
F05,mk3 Trinity,4,MP,231,21.6qa,F03,F05,570,358,33,31
F05,mk3 Trinity,5,MP,231,264qa,F03,F05,570,358,33,31
F05,mk3 Trinity,6,MP,231,3.93qu,F03,F05,570,358,33,31
F05,mk3 Trinity,7,MP,231,69.1qu,F03,F05,570,358,33,31
F05,mk3 Trinity,8,MP,231,1.40sx,F03,F05,570,358,33,31
F05,mk3 Trinity,9,MP,231,32.2sx,F03,F05,570,358,33,31
F05,mk3 Trinity,10,MP,231,826sx,F03,F05,570,358,33,31
F05,mk3 Trinity,11,MP,231,23.4sp,F03,F05,570,358,33,31
F05,mk3 Trinity,12,MP,231,729sp,F03,F05,570,358,33,31
F05,mk3 Trinity,13,MP,231,24.7o,F03,F05,570,358,33,31
F05,mk3 Trinity,14,MP,231,901o,F03,F05,570,358,33,31
F05,mk3 Trinity,15,MP,231,35.4n,F03,F05,570,358,33,31
F05,mk3 Trinity,16,MP,231,1.48d,F03,F05,570,358,33,31
F05,mk3 Trinity,17,MP,231,66.3d,F03,F05,570,358,33,31
F05,mk3 Trinity,18,MP,231,3.15e36,F03,F05,570,358,33,31
F05,mk3 Trinity,19,MP,231,1.58e38,F03,F05,570,358,33,31
F05,mk3 Trinity,20,MP,231,8.34e39,F03,F05,570,358,33,31
F05,mk3 Trinity,21,MP,231,4.63e41,F03,F05,570,358,33,31
F05,mk3 Trinity,22,MP,231,2.70e43,F03,F05,570,358,33,31
F05,mk3 Trinity,23,MP,231,1.65e45,F03,F05,570,358,33,31
F05,mk3 Trinity,24,MP,231,1.05e47,F03,F05,570,358,33,31
F05,mk3 Trinity,25,MP,231,6.98e48,F03,F05,570,358,33,31
F05,mk3 Trinity,26,MP,231,4.83e50,F03,F05,570,358,33,31
F05,mk3 Trinity,27,MP,231,3.47e52,F03,F05,570,358,33,31
F05,mk3 Trinity,28,MP,231,2.59e54,F03,F05,570,358,33,31
F05,mk3 Trinity,29,MP,231,2.01e56,F03,F05,570,358,33,31
F05,mk3 Trinity,30,MP,231,1.61e58,F03,F05,570,358,33,31
F08,Accum Level Ceti,1,Cells,232,1.00qa,F07,F08,606,322,31,35
F08,Accum Level Ceti,2,Cells,232,4.00e37,F07,F08,606,322,31,35
F08,Accum Level Ceti,3,Cells,232,2.70e60,F07,F08,606,322,31,35
F08,Accum Level Ceti,4,Cells,232,2.56e83,F07,F08,606,322,31,35
F08,Accum Level Ceti,5,Cells,232,3.12e106,F07,F08,606,322,31,35
F08,Accum Level Ceti,6,Cells,232,4.67e129,F07,F08,606,322,31,35
F08,Accum Level Ceti,7,Cells,232,8.23e152,F07,F08,606,322,31,35
F08,Accum Level Ceti,8,Cells,232,1.68e176,F07,F08,606,322,31,35
F08,Accum Level Ceti,9,Cells,232,3.87e199,F07,F08,606,322,31,35
F08,Accum Level Ceti,10,Cells,232,1.00e223,F07,F08,606,322,31,35
F08,Accum Level Ceti,11,Cells,232,2.85e246,F07,F08,606,322,31,35
F08,Accum Level Ceti,12,Cells,232,8.92e269,F07,F08,606,322,31,35
F08,Accum Level Ceti,13,Cells,232,3.03e293,F07,F08,606,322,31,35
F08,Accum Level Ceti,14,Cells,232,1.11e317,F07,F08,606,322,31,35
F08,Accum Level Ceti,15,Cells,232,4.38e340,F07,F08,606,322,31,35
F08,Accum Level Ceti,16,Cells,232,1.84e364,F07,F08,606,322,31,35
F08,Accum Level Ceti,17,Cells,232,8.27e387,F07,F08,606,322,31,35
F07,mk2 Trinity,1,MP,233,700t,F05,F07,570,322,31,31
F07,mk2 Trinity,2,MP,233,5.22qa,F05,F07,570,322,31,31
F07,mk2 Trinity,3,MP,233,63.5qa,F05,F07,570,322,31,31
F07,mk2 Trinity,4,MP,233,1.08qu,F05,F07,570,322,31,31
F07,mk2 Trinity,5,MP,233,23.6qu,F05,F07,570,322,31,31
F07,mk2 Trinity,6,MP,233,631qu,F05,F07,570,322,31,31
F07,mk2 Trinity,7,MP,233,20.0sx,F05,F07,570,322,31,31
F07,mk2 Trinity,8,MP,233,729sx,F05,F07,570,322,31,31
F07,mk2 Trinity,9,MP,233,30.2sp,F05,F07,570,322,31,31
F07,mk2 Trinity,10,MP,233,1.40o,F05,F07,570,322,31,31
F07,mk2 Trinity,11,MP,233,71.7o,F05,F07,570,322,31,31
F07,mk2 Trinity,12,MP,233,4.02n,F05,F07,570,322,31,31
F07,mk2 Trinity,13,MP,233,246n,F05,F07,570,322,31,31
F07,mk2 Trinity,14,MP,233,16.2d,F05,F07,570,322,31,31
F07,mk2 Trinity,15,MP,233,1.15e36,F05,F07,570,322,31,31
F07,mk2 Trinity,16,MP,233,8.68e37,F05,F07,570,322,31,31
F07,mk2 Trinity,17,MP,233,7.00e39,F05,F07,570,322,31,31
F07,mk2 Trinity,18,MP,233,5.99e41,F05,F07,570,322,31,31
F07,mk2 Trinity,19,MP,233,5.41e43,F05,F07,570,322,31,31
F07,mk2 Trinity,20,MP,233,5.16e45,F05,F07,570,322,31,31
F07,mk2 Trinity,21,MP,233,5.17e47,F05,F07,570,322,31,31
F07,mk2 Trinity,22,MP,233,5.43e49,F05,F07,570,322,31,31
F07,mk2 Trinity,23,MP,233,5.97e51,F05,F07,570,322,31,31
F07,mk2 Trinity,24,MP,233,6.86e53,F05,F07,570,322,31,31
F07,mk2 Trinity,25,MP,233,8.22e55,F05,F07,570,322,31,31
F07,mk2 Trinity,26,MP,233,1.03e58,F05,F07,570,322,31,31
F07,mk2 Trinity,27,MP,233,1.33e60,F05,F07,570,322,31,31
F07,mk2 Trinity,28,MP,233,1.79e62,F05,F07,570,322,31,31
F07,mk2 Trinity,29,MP,233,2.49e64,F05,F07,570,322,31,31
F07,mk2 Trinity,30,MP,233,3.59e66,F05,F07,570,322,31,31
F10,Accum Level Delta,1,LP,234,100qu,F09,F10,532,284,31,33
F10,Accum Level Delta,2,LP,234,4.00e44,F09,F10,532,284,31,33
F10,Accum Level Delta,3,LP,234,2.70e69,F09,F10,532,284,31,33
F10,Accum Level Delta,4,LP,234,2.56e94,F09,F10,532,284,31,33
F10,Accum Level Delta,5,LP,234,3.12e119,F09,F10,532,284,31,33
F10,Accum Level Delta,6,LP,234,4.67e144,F09,F10,532,284,31,33
F10,Accum Level Delta,7,LP,234,8.23e169,F09,F10,532,284,31,33
F10,Accum Level Delta,8,LP,234,1.68e195,F09,F10,532,284,31,33
F10,Accum Level Delta,9,LP,234,3.87e220,F09,F10,532,284,31,33
F10,Accum Level Delta,10,LP,234,1.00e246,F09,F10,532,284,31,33
F09,mk1 Trinity,1,MP,235,7.00qa,F07,F09,570,284,31,31
F09,mk1 Trinity,2,MP,235,85.0qa,F07,F09,570,284,31,31
F09,mk1 Trinity,3,MP,235,1.57qu,F07,F09,570,284,31,31
F09,mk1 Trinity,4,MP,235,39.4qu,F07,F09,570,284,31,31
F09,mk1 Trinity,5,MP,235,1.25sx,F07,F09,570,284,31,31
F09,mk1 Trinity,6,MP,235,47.7sx,F07,F09,570,284,31,31
F09,mk1 Trinity,7,MP,235,2.14sp,F07,F09,570,284,31,31
F09,mk1 Trinity,8,MP,235,111sp,F07,F09,570,284,31,31
F09,mk1 Trinity,9,MP,235,6.47o,F07,F09,570,284,31,31
F09,mk1 Trinity,10,MP,235,422o,F07,F09,570,284,31,31
F09,mk1 Trinity,11,MP,235,30.3n,F07,F09,570,284,31,31
F09,mk1 Trinity,12,MP,235,2.39d,F07,F09,570,284,31,31
F09,mk1 Trinity,13,MP,235,204d,F07,F09,570,284,31,31
F09,mk1 Trinity,14,MP,235,1.88e37,F07,F09,570,284,31,31
F09,mk1 Trinity,15,MP,235,1.86e39,F07,F09,570,284,31,31
F09,mk1 Trinity,16,MP,235,1.96e41,F07,F09,570,284,31,31
F09,mk1 Trinity,17,MP,235,2.21e43,F07,F09,570,284,31,31
F09,mk1 Trinity,18,MP,235,2.64e45,F07,F09,570,284,31,31
F09,mk1 Trinity,19,MP,235,3.32e47,F07,F09,570,284,31,31
F09,mk1 Trinity,20,MP,235,4.41e49,F07,F09,570,284,31,31
F09,mk1 Trinity,21,MP,235,6.16e51,F07,F09,570,284,31,31
F09,mk1 Trinity,22,MP,235,9.02e53,F07,F09,570,284,31,31
F09,mk1 Trinity,23,MP,235,1.38e56,F07,F09,570,284,31,31
F09,mk1 Trinity,24,MP,235,2.21e58,F07,F09,570,284,31,31
F09,mk1 Trinity,25,MP,235,3.69e60,F07,F09,570,284,31,31
F09,mk1 Trinity,26,MP,235,6.40e62,F07,F09,570,284,31,31
F09,mk1 Trinity,27,MP,235,1.15e65,F07,F09,570,284,31,31
F09,mk1 Trinity,28,MP,235,2.16e67,F07,F09,570,284,31,31
F09,mk1 Trinity,29,MP,235,4.19e69,F07,F09,570,284,31,31
F09,mk1 Trinity,30,MP,235,8.40e71,F07,F09,570,284,31,31
F12,Accum Level Epsilon,1,MP,236,1.00e45,F11,F12,606,246,31,35
F12,Accum Level Epsilon,2,MP,236,2.00e59,F11,F12,606,246,31,35
F12,Accum Level Epsilon,3,MP,236,9.00e73,F11,F12,606,246,31,35
F12,Accum Level Epsilon,4,MP,236,6.40e88,F11,F12,606,246,31,35
F12,Accum Level Epsilon,5,MP,236,6.25e103,F11,F12,606,246,31,35
F12,Accum Level Epsilon,6,MP,236,7.78e118,F11,F12,606,246,31,35
F12,Accum Level Epsilon,7,MP,236,1.18e134,F11,F12,606,246,31,35
F12,Accum Level Epsilon,8,MP,236,2.10e149,F11,F12,606,246,31,35
F12,Accum Level Epsilon,9,MP,236,4.30e164,F11,F12,606,246,31,35
F12,Accum Level Epsilon,10,MP,236,1.00e180,F11,F12,606,246,31,35
F11,mk5 Trinity,1,MP,237,1.00e40,F09,F11,570,246,31,31
F11,mk5 Trinity,2,MP,237,2.00e44,F09,F11,570,246,31,31
F11,mk5 Trinity,3,MP,237,9.00e48,F09,F11,570,246,31,31
F11,mk5 Trinity,4,MP,237,6.40e53,F09,F11,570,246,31,31
F11,mk5 Trinity,5,MP,237,6.25e58,F09,F11,570,246,31,31
F11,mk5 Trinity,6,MP,237,7.78e63,F09,F11,570,246,31,31
F11,mk5 Trinity,7,MP,237,1.18e69,F09,F11,570,246,31,31
F11,mk5 Trinity,8,MP,237,2.10e74,F09,F11,570,246,31,31
F11,mk5 Trinity,9,MP,237,4.30e79,F09,F11,570,246,31,31
F11,mk5 Trinity,10,MP,237,1.00e85,F09,F11,570,246,31,31
F11,mk5 Trinity,11,MP,237,2.59e90,F09,F11,570,246,31,31
F11,mk5 Trinity,12,MP,237,7.43e95,F09,F11,570,246,31,31
F11,mk5 Trinity,13,MP,237,2.33e101,F09,F11,570,246,31,31
F11,mk5 Trinity,14,MP,237,7.94e106,F09,F11,570,246,31,31
F11,mk5 Trinity,15,MP,237,2.92e112,F09,F11,570,246,31,31
F11,mk5 Trinity,16,MP,237,1.15e118,F09,F11,570,246,31,31
F11,mk5 Trinity,17,MP,237,4.87e123,F09,F11,570,246,31,31
F11,mk5 Trinity,18,MP,237,2.19e129,F09,F11,570,246,31,31
F11,mk5 Trinity,19,MP,237,1.04e135,F09,F11,570,246,31,31
F11,mk5 Trinity,20,MP,237,5.24e140,F09,F11,570,246,31,31
F11,mk5 Trinity,21,MP,237,2.78e146,F09,F11,570,246,31,31
F11,mk5 Trinity,22,MP,237,1.55e152,F09,F11,570,246,31,31
F11,mk5 Trinity,23,MP,237,9.08e157,F09,F11,570,246,31,31
F11,mk5 Trinity,24,MP,237,5.56e163,F09,F11,570,246,31,31
F11,mk5 Trinity,25,MP,237,3.55e169,F09,F11,570,246,31,31
F11,mk5 Trinity,26,MP,237,2.37e175,F09,F11,570,246,31,31
F11,mk5 Trinity,27,MP,237,1.64e181,F09,F11,570,246,31,31
F11,mk5 Trinity,28,MP,237,1.18e187,F09,F11,570,246,31,31
F11,mk5 Trinity,29,MP,237,8.85e192,F09,F11,570,246,31,31
F11,mk5 Trinity,30,MP,237,6.86e198,F09,F11,570,246,31,31
FU4,Ultima Loop: The Swarm,1,Shards,238,6.00e350,FU1,FU4,614,48,33,31
FU3,Ultima Loop: Perseverance,1,MP,239,9.00e350,FU1,FU3,570,6,31,29
FU3,Ultima Loop: Perseverance,2,MP,239,9.00e385,FU1,FU3,570,6,31,29
FU1,Ultima Loop: Beyonders,1,MP,240,1.00e300,F17,FU1,560,44,47,49
FU1,Ultima Loop: Beyonders,2,MP,240,2.62e300,F17,FU1,560,44,47,49
FU1,Ultima Loop: Beyonders,3,MP,240,6.86e300,F17,FU1,560,44,47,49
FU1,Ultima Loop: Beyonders,4,MP,240,1.80e301,F17,FU1,560,44,47,49
FU1,Ultima Loop: Beyonders,5,MP,240,4.71e301,F17,FU1,560,44,47,49
FU1,Ultima Loop: Beyonders,6,MP,240,1.23e302,F17,FU1,560,44,47,49
FU1,Ultima Loop: Beyonders,7,MP,240,3.23e302,F17,FU1,560,44,47,49
FU1,Ultima Loop: Beyonders,8,MP,240,8.47e302,F17,FU1,560,44,47,49
FU1,Ultima Loop: Beyonders,9,MP,240,2.22e303,F17,FU1,560,44,47,49
FU1,Ultima Loop: Beyonders,10,MP,240,5.82e303,F17,FU1,560,44,47,49
FU1,Ultima Loop: Beyonders,11,MP,240,1.52e304,F17,FU1,560,44,47,49
FU1,Ultima Loop: Beyonders,12,MP,240,3.99e304,F17,FU1,560,44,47,49
FU1,Ultima Loop: Beyonders,13,MP,240,1.05e305,F17,FU1,560,44,47,49
FU1,Ultima Loop: Beyonders,14,MP,240,2.74e305,F17,FU1,560,44,47,49
FU1,Ultima Loop: Beyonders,15,MP,240,7.18e305,F17,FU1,560,44,47,49
FU1,Ultima Loop: Beyonders,16,MP,240,1.88e306,F17,FU1,560,44,47,49
FU1,Ultima Loop: Beyonders,17,MP,240,4.93e306,F17,FU1,560,44,47,49
FU1,Ultima Loop: Beyonders,18,MP,240,1.29e307,F17,FU1,560,44,47,49
FU1,Ultima Loop: Beyonders,19,MP,240,3.38e307,F17,FU1,560,44,47,49
FU1,Ultima Loop: Beyonders,20,MP,240,8.87e307,F17,FU1,560,44,47,49
FU1,Ultima Loop: Beyonders,21,MP,240,2.32e308,F17,FU1,560,44,47,49
FU1,Ultima Loop: Beyonders,22,MP,240,6.09e308,F17,FU1,560,44,47,49
FU1,Ultima Loop: Beyonders,23,MP,240,1.59e309,F17,FU1,560,44,47,49
FU1,Ultima Loop: Beyonders,24,MP,240,4.18e309,F17,FU1,560,44,47,49
FU1,Ultima Loop: Beyonders,25,MP,240,1.09e310,F17,FU1,560,44,47,49
FU1,Ultima Loop: Beyonders,26,MP,240,2.87e310,F17,FU1,560,44,47,49
FU1,Ultima Loop: Beyonders,27,MP,240,7.51e310,F17,FU1,560,44,47,49
FU1,Ultima Loop: Beyonders,28,MP,240,1.97e311,F17,FU1,560,44,47,49
FU1,Ultima Loop: Beyonders,29,MP,240,5.16e311,F17,FU1,560,44,47,49
FU1,Ultima Loop: Beyonders,30,MP,240,1.35e312,F17,FU1,560,44,47,49
FU1,Ultima Loop: Beyonders,31,MP,240,3.54e312,F17,FU1,560,44,47,49
FU1,Ultima Loop: Beyonders,32,MP,240,9.28e312,F17,FU1,560,44,47,49
FU1,Ultima Loop: Beyonders,33,MP,240,2.43e313,F17,FU1,560,44,47,49
FU1,Ultima Loop: Beyonders,34,MP,240,6.37e313,F17,FU1,560,44,47,49
FU1,Ultima Loop: Beyonders,35,MP,240,1.67e314,F17,FU1,560,44,47,49
FU1,Ultima Loop: Beyonders,36,MP,240,4.37e314,F17,FU1,560,44,47,49
FU1,Ultima Loop: Beyonders,37,MP,240,1.15e315,F17,FU1,560,44,47,49
FU1,Ultima Loop: Beyonders,38,MP,240,3.00e315,F17,FU1,560,44,47,49
FU1,Ultima Loop: Beyonders,39,MP,240,7.86e315,F17,FU1,560,44,47,49
FU1,Ultima Loop: Beyonders,40,MP,240,2.06e316,F17,FU1,560,44,47,49
FU1,Ultima Loop: Beyonders,41,MP,240,5.40e316,F17,FU1,560,44,47,49
FU1,Ultima Loop: Beyonders,42,MP,240,1.41e317,F17,FU1,560,44,47,49
FU1,Ultima Loop: Beyonders,43,MP,240,3.70e317,F17,FU1,560,44,47,49
FU1,Ultima Loop: Beyonders,44,MP,240,9.70e317,F17,FU1,560,44,47,49
FU1,Ultima Loop: Beyonders,45,MP,240,2.54e318,F17,FU1,560,44,47,49
FU1,Ultima Loop: Beyonders,46,MP,240,6.66e318,F17,FU1,560,44,47,49
FU1,Ultima Loop: Beyonders,47,MP,240,1.75e319,F17,FU1,560,44,47,49
FU1,Ultima Loop: Beyonders,48,MP,240,4.57e319,F17,FU1,560,44,47,49
FU1,Ultima Loop: Beyonders,49,MP,240,1.20e320,F17,FU1,560,44,47,49
FU1,Ultima Loop: Beyonders,50,MP,240,3.14e320,F17,FU1,560,44,47,49
FU1,Ultima Loop: Beyonders,51,MP,240,8.22e320,F17,FU1,560,44,47,49
FU1,Ultima Loop: Beyonders,52,MP,240,2.15e321,F17,FU1,560,44,47,49
FU1,Ultima Loop: Beyonders,53,MP,240,5.65e321,F17,FU1,560,44,47,49
FU1,Ultima Loop: Beyonders,54,MP,240,1.48e322,F17,FU1,560,44,47,49
FU1,Ultima Loop: Beyonders,55,MP,240,3.87e322,F17,FU1,560,44,47,49
FU1,Ultima Loop: Beyonders,56,MP,240,1.02e323,F17,FU1,560,44,47,49
FU1,Ultima Loop: Beyonders,57,MP,240,2.66e323,F17,FU1,560,44,47,49
FU1,Ultima Loop: Beyonders,58,MP,240,6.97e323,F17,FU1,560,44,47,49
FU1,Ultima Loop: Beyonders,59,MP,240,1.83e324,F17,FU1,560,44,47,49
FU1,Ultima Loop: Beyonders,60,MP,240,4.78e324,F17,FU1,560,44,47,49
FU1,Ultima Loop: Beyonders,61,MP,240,1.25e325,F17,FU1,560,44,47,49
FU1,Ultima Loop: Beyonders,62,MP,240,3.28e325,F17,FU1,560,44,47,49
FU1,Ultima Loop: Beyonders,63,MP,240,8.60e325,F17,FU1,560,44,47,49
FU1,Ultima Loop: Beyonders,64,MP,240,2.25e326,F17,FU1,560,44,47,49
FU1,Ultima Loop: Beyonders,65,MP,240,5.91e326,F17,FU1,560,44,47,49
FU1,Ultima Loop: Beyonders,66,MP,240,1.55e327,F17,FU1,560,44,47,49
FU1,Ultima Loop: Beyonders,67,MP,240,4.05e327,F17,FU1,560,44,47,49
FU1,Ultima Loop: Beyonders,68,MP,240,1.06e328,F17,FU1,560,44,47,49
FU1,Ultima Loop: Beyonders,69,MP,240,2.78e328,F17,FU1,560,44,47,49
FU1,Ultima Loop: Beyonders,70,MP,240,7.29e328,F17,FU1,560,44,47,49
FU1,Ultima Loop: Beyonders,71,MP,240,1.91e329,F17,FU1,560,44,47,49
FU1,Ultima Loop: Beyonders,72,MP,240,5.00e329,F17,FU1,560,44,47,49
FU1,Ultima Loop: Beyonders,73,MP,240,1.31e330,F17,FU1,560,44,47,49
FU1,Ultima Loop: Beyonders,74,MP,240,3.44e330,F17,FU1,560,44,47,49
FU1,Ultima Loop: Beyonders,75,MP,240,9.00e330,F17,FU1,560,44,47,49
FU1,Ultima Loop: Beyonders,76,MP,240,2.36e331,F17,FU1,560,44,47,49
FU1,Ultima Loop: Beyonders,77,MP,240,6.18e331,F17,FU1,560,44,47,49
FU1,Ultima Loop: Beyonders,78,MP,240,1.62e332,F17,FU1,560,44,47,49
FU1,Ultima Loop: Beyonders,79,MP,240,4.24e332,F17,FU1,560,44,47,49
FU1,Ultima Loop: Beyonders,80,MP,240,1.11e333,F17,FU1,560,44,47,49
FU1,Ultima Loop: Beyonders,81,MP,240,2.91e333,F17,FU1,560,44,47,49
FU1,Ultima Loop: Beyonders,82,MP,240,7.63e333,F17,FU1,560,44,47,49
FU1,Ultima Loop: Beyonders,83,MP,240,2.00e334,F17,FU1,560,44,47,49
FU1,Ultima Loop: Beyonders,84,MP,240,5.24e334,F17,FU1,560,44,47,49
FU1,Ultima Loop: Beyonders,85,MP,240,1.37e335,F17,FU1,560,44,47,49
FU1,Ultima Loop: Beyonders,86,MP,240,3.59e335,F17,FU1,560,44,47,49
FU1,Ultima Loop: Beyonders,87,MP,240,9.42e335,F17,FU1,560,44,47,49
FU1,Ultima Loop: Beyonders,88,MP,240,2.47e336,F17,FU1,560,44,47,49
FU1,Ultima Loop: Beyonders,89,MP,240,6.46e336,F17,FU1,560,44,47,49
FU1,Ultima Loop: Beyonders,90,MP,240,1.69e337,F17,FU1,560,44,47,49
FU1,Ultima Loop: Beyonders,91,MP,240,4.44e337,F17,FU1,560,44,47,49
FU1,Ultima Loop: Beyonders,92,MP,240,1.16e338,F17,FU1,560,44,47,49
FU1,Ultima Loop: Beyonders,93,MP,240,3.05e338,F17,FU1,560,44,47,49
FU1,Ultima Loop: Beyonders,94,MP,240,7.98e338,F17,FU1,560,44,47,49
FU1,Ultima Loop: Beyonders,95,MP,240,2.09e339,F17,FU1,560,44,47,49
FU1,Ultima Loop: Beyonders,96,MP,240,5.48e339,F17,FU1,560,44,47,49
FU1,Ultima Loop: Beyonders,97,MP,240,1.44e340,F17,FU1,560,44,47,49
FU1,Ultima Loop: Beyonders,98,MP,240,3.76e340,F17,FU1,560,44,47,49
FU1,Ultima Loop: Beyonders,99,MP,240,9.85e340,F17,FU1,560,44,47,49
FU1,Ultima Loop: Beyonders,100,MP,240,2.58e341,F17,FU1,560,44,47,49
FU1,Ultima Loop: Beyonders,101,MP,240,6.76e341,F17,FU1,560,44,47,49
FU1,Ultima Loop: Beyonders,102,MP,240,1.77e342,F17,FU1,560,44,47,49
FU1,Ultima Loop: Beyonders,103,MP,240,4.64e342,F17,FU1,560,44,47,49
FU1,Ultima Loop: Beyonders,104,MP,240,1.22e343,F17,FU1,560,44,47,49
FU1,Ultima Loop: Beyonders,105,MP,240,3.19e343,F17,FU1,560,44,47,49
FU1,Ultima Loop: Beyonders,106,MP,240,8.35e343,F17,FU1,560,44,47,49
FU1,Ultima Loop: Beyonders,107,MP,240,2.19e344,F17,FU1,560,44,47,49
FU1,Ultima Loop: Beyonders,108,MP,240,5.73e344,F17,FU1,560,44,47,49
FU1,Ultima Loop: Beyonders,109,MP,240,1.50e345,F17,FU1,560,44,47,49
FU1,Ultima Loop: Beyonders,110,MP,240,3.93e345,F17,FU1,560,44,47,49
FU1,Ultima Loop: Beyonders,111,MP,240,1.03e346,F17,FU1,560,44,47,49
FU1,Ultima Loop: Beyonders,112,MP,240,2.70e346,F17,FU1,560,44,47,49
FU1,Ultima Loop: Beyonders,113,MP,240,7.08e346,F17,FU1,560,44,47,49
FU1,Ultima Loop: Beyonders,114,MP,240,1.85e347,F17,FU1,560,44,47,49
FU1,Ultima Loop: Beyonders,115,MP,240,4.86e347,F17,FU1,560,44,47,49
FU1,Ultima Loop: Beyonders,116,MP,240,1.27e348,F17,FU1,560,44,47,49
FU1,Ultima Loop: Beyonders,117,MP,240,3.33e348,F17,FU1,560,44,47,49
FU1,Ultima Loop: Beyonders,118,MP,240,8.73e348,F17,FU1,560,44,47,49
FU1,Ultima Loop: Beyonders,119,MP,240,2.29e349,F17,FU1,560,44,47,49
FU1,Ultima Loop: Beyonders,120,MP,240,6.00e349,F17,FU1,560,44,47,49
FU1,Ultima Loop: Beyonders,121,MP,240,1.57e350,F17,FU1,560,44,47,49
FU1,Ultima Loop: Beyonders,122,MP,240,4.12e350,F17,FU1,560,44,47,49
FU1,Ultima Loop: Beyonders,123,MP,240,1.08e351,F17,FU1,560,44,47,49
FU1,Ultima Loop: Beyonders,124,MP,240,2.83e351,F17,FU1,560,44,47,49
FU1,Ultima Loop: Beyonders,125,MP,240,7.40e351,F17,FU1,560,44,47,49
FU1,Ultima Loop: Beyonders,126,MP,240,1.94e352,F17,FU1,560,44,47,49
FU1,Ultima Loop: Beyonders,127,MP,240,5.08e352,F17,FU1,560,44,47,49
FU1,Ultima Loop: Beyonders,128,MP,240,1.33e353,F17,FU1,560,44,47,49
FU1,Ultima Loop: Beyonders,129,MP,240,3.49e353,F17,FU1,560,44,47,49
FU1,Ultima Loop: Beyonders,130,MP,240,9.14e353,F17,FU1,560,44,47,49
FU1,Ultima Loop: Beyonders,131,MP,240,2.39e354,F17,FU1,560,44,47,49
FU1,Ultima Loop: Beyonders,132,MP,240,6.27e354,F17,FU1,560,44,47,49
FU1,Ultima Loop: Beyonders,133,MP,240,1.64e355,F17,FU1,560,44,47,49
FU1,Ultima Loop: Beyonders,134,MP,240,4.31e355,F17,FU1,560,44,47,49
FU1,Ultima Loop: Beyonders,135,MP,240,1.13e356,F17,FU1,560,44,47,49
FU1,Ultima Loop: Beyonders,136,MP,240,2.96e356,F17,FU1,560,44,47,49
FU1,Ultima Loop: Beyonders,137,MP,240,7.74e356,F17,FU1,560,44,47,49
FU1,Ultima Loop: Beyonders,138,MP,240,2.03e357,F17,FU1,560,44,47,49
FU1,Ultima Loop: Beyonders,139,MP,240,5.32e357,F17,FU1,560,44,47,49
FU1,Ultima Loop: Beyonders,140,MP,240,1.39e358,F17,FU1,560,44,47,49
FU1,Ultima Loop: Beyonders,141,MP,240,3.65e358,F17,FU1,560,44,47,49
FU1,Ultima Loop: Beyonders,142,MP,240,9.56e358,F17,FU1,560,44,47,49
FU1,Ultima Loop: Beyonders,143,MP,240,2.50e359,F17,FU1,560,44,47,49
FU1,Ultima Loop: Beyonders,144,MP,240,6.56e359,F17,FU1,560,44,47,49
FU1,Ultima Loop: Beyonders,145,MP,240,1.72e360,F17,FU1,560,44,47,49
FU1,Ultima Loop: Beyonders,146,MP,240,4.50e360,F17,FU1,560,44,47,49
FU1,Ultima Loop: Beyonders,147,MP,240,1.18e361,F17,FU1,560,44,47,49
FU1,Ultima Loop: Beyonders,148,MP,240,3.09e361,F17,FU1,560,44,47,49
FU1,Ultima Loop: Beyonders,149,MP,240,8.10e361,F17,FU1,560,44,47,49
FU1,Ultima Loop: Beyonders,150,MP,240,2.12e362,F17,FU1,560,44,47,49
FU1,Ultima Loop: Beyonders,151,MP,240,5.56e362,F17,FU1,560,44,47,49
FU1,Ultima Loop: Beyonders,152,MP,240,1.46e363,F17,FU1,560,44,47,49
FU1,Ultima Loop: Beyonders,153,MP,240,3.82e363,F17,FU1,560,44,47,49
FU1,Ultima Loop: Beyonders,154,MP,240,1.00e364,F17,FU1,560,44,47,49
FU1,Ultima Loop: Beyonders,155,MP,240,2.62e364,F17,FU1,560,44,47,49
FU1,Ultima Loop: Beyonders,156,MP,240,6.87e364,F17,FU1,560,44,47,49
FU1,Ultima Loop: Beyonders,157,MP,240,1.80e365,F17,FU1,560,44,47,49
FU1,Ultima Loop: Beyonders,158,MP,240,4.71e365,F17,FU1,560,44,47,49
FU1,Ultima Loop: Beyonders,159,MP,240,1.23e366,F17,FU1,560,44,47,49
FU1,Ultima Loop: Beyonders,160,MP,240,3.24e366,F17,FU1,560,44,47,49
FU1,Ultima Loop: Beyonders,161,MP,240,8.48e366,F17,FU1,560,44,47,49
FU1,Ultima Loop: Beyonders,162,MP,240,2.22e367,F17,FU1,560,44,47,49
FU1,Ultima Loop: Beyonders,163,MP,240,5.82e367,F17,FU1,560,44,47,49
FU1,Ultima Loop: Beyonders,164,MP,240,1.52e368,F17,FU1,560,44,47,49
FU1,Ultima Loop: Beyonders,165,MP,240,3.99e368,F17,FU1,560,44,47,49
FU1,Ultima Loop: Beyonders,166,MP,240,1.05e369,F17,FU1,560,44,47,49
FU1,Ultima Loop: Beyonders,167,MP,240,2.74e369,F17,FU1,560,44,47,49
FU1,Ultima Loop: Beyonders,168,MP,240,7.18e369,F17,FU1,560,44,47,49
FU1,Ultima Loop: Beyonders,169,MP,240,1.88e370,F17,FU1,560,44,47,49
FU1,Ultima Loop: Beyonders,170,MP,240,4.93e370,F17,FU1,560,44,47,49
FU1,Ultima Loop: Beyonders,171,MP,240,1.29e371,F17,FU1,560,44,47,49
FU1,Ultima Loop: Beyonders,172,MP,240,3.38e371,F17,FU1,560,44,47,49
FU1,Ultima Loop: Beyonders,173,MP,240,8.87e371,F17,FU1,560,44,47,49
FU1,Ultima Loop: Beyonders,174,MP,240,2.32e372,F17,FU1,560,44,47,49
FU1,Ultima Loop: Beyonders,175,MP,240,6.09e372,F17,FU1,560,44,47,49
FU1,Ultima Loop: Beyonders,176,MP,240,1.59e373,F17,FU1,560,44,47,49
FU1,Ultima Loop: Beyonders,177,MP,240,4.18e373,F17,FU1,560,44,47,49
FU1,Ultima Loop: Beyonders,178,MP,240,1.09e374,F17,FU1,560,44,47,49
FU1,Ultima Loop: Beyonders,179,MP,240,2.87e374,F17,FU1,560,44,47,49
FU1,Ultima Loop: Beyonders,180,MP,240,7.52e374,F17,FU1,560,44,47,49
FU1,Ultima Loop: Beyonders,181,MP,240,1.97e375,F17,FU1,560,44,47,49
FU1,Ultima Loop: Beyonders,182,MP,240,5.16e375,F17,FU1,560,44,47,49
FU1,Ultima Loop: Beyonders,183,MP,240,1.35e376,F17,FU1,560,44,47,49
FU1,Ultima Loop: Beyonders,184,MP,240,3.54e376,F17,FU1,560,44,47,49
FU1,Ultima Loop: Beyonders,185,MP,240,9.28e376,F17,FU1,560,44,47,49
FU1,Ultima Loop: Beyonders,186,MP,240,2.43e377,F17,FU1,560,44,47,49
FU1,Ultima Loop: Beyonders,187,MP,240,6.37e377,F17,FU1,560,44,47,49
FU1,Ultima Loop: Beyonders,188,MP,240,1.67e378,F17,FU1,560,44,47,49
FU1,Ultima Loop: Beyonders,189,MP,240,4.37e378,F17,FU1,560,44,47,49
FU1,Ultima Loop: Beyonders,190,MP,240,1.15e379,F17,FU1,560,44,47,49
FU1,Ultima Loop: Beyonders,191,MP,240,3.00e379,F17,FU1,560,44,47,49
FU1,Ultima Loop: Beyonders,192,MP,240,7.86e379,F17,FU1,560,44,47,49
FU1,Ultima Loop: Beyonders,193,MP,240,2.06e380,F17,FU1,560,44,47,49
FU1,Ultima Loop: Beyonders,194,MP,240,5.40e380,F17,FU1,560,44,47,49
FU1,Ultima Loop: Beyonders,195,MP,240,1.41e381,F17,FU1,560,44,47,49
FU1,Ultima Loop: Beyonders,196,MP,240,3.70e381,F17,FU1,560,44,47,49
FU1,Ultima Loop: Beyonders,197,MP,240,9.71e381,F17,FU1,560,44,47,49
FU1,Ultima Loop: Beyonders,198,MP,240,2.54e382,F17,FU1,560,44,47,49
FU1,Ultima Loop: Beyonders,199,MP,240,6.66e382,F17,FU1,560,44,47,49
FU1,Ultima Loop: Beyonders,200,MP,240,1.75e383,F17,FU1,560,44,47,49
FU1,Ultima Loop: Beyonders,201,MP,240,4.57e383,F17,FU1,560,44,47,49
FU1,Ultima Loop: Beyonders,202,MP,240,1.20e384,F17,FU1,560,44,47,49
FU1,Ultima Loop: Beyonders,203,MP,240,3.14e384,F17,FU1,560,44,47,49
FU1,Ultima Loop: Beyonders,204,MP,240,8.23e384,F17,FU1,560,44,47,49
FU1,Ultima Loop: Beyonders,205,MP,240,2.16e385,F17,FU1,560,44,47,49
FU1,Ultima Loop: Beyonders,206,MP,240,5.65e385,F17,FU1,560,44,47,49
FU1,Ultima Loop: Beyonders,207,MP,240,1.48e386,F17,FU1,560,44,47,49
FU1,Ultima Loop: Beyonders,208,MP,240,3.88e386,F17,FU1,560,44,47,49
FU1,Ultima Loop: Beyonders,209,MP,240,1.02e387,F17,FU1,560,44,47,49
FU1,Ultima Loop: Beyonders,210,MP,240,2.66e387,F17,FU1,560,44,47,49
FU1,Ultima Loop: Beyonders,211,MP,240,6.97e387,F17,FU1,560,44,47,49
FU1,Ultima Loop: Beyonders,212,MP,240,1.83e388,F17,FU1,560,44,47,49
FU1,Ultima Loop: Beyonders,213,MP,240,4.78e388,F17,FU1,560,44,47,49
FU1,Ultima Loop: Beyonders,214,MP,240,1.25e389,F17,FU1,560,44,47,49
FU1,Ultima Loop: Beyonders,215,MP,240,3.28e389,F17,FU1,560,44,47,49
FU1,Ultima Loop: Beyonders,216,MP,240,8.61e389,F17,FU1,560,44,47,49
FU1,Ultima Loop: Beyonders,217,MP,240,2.25e390,F17,FU1,560,44,47,49
FU1,Ultima Loop: Beyonders,218,MP,240,5.91e390,F17,FU1,560,44,47,49
FU1,Ultima Loop: Beyonders,219,MP,240,1.55e391,F17,FU1,560,44,47,49
FU1,Ultima Loop: Beyonders,220,MP,240,4.05e391,F17,FU1,560,44,47,49
FU1,Ultima Loop: Beyonders,221,MP,240,1.06e392,F17,FU1,560,44,47,49
FU1,Ultima Loop: Beyonders,222,MP,240,2.78e392,F17,FU1,560,44,47,49
FU1,Ultima Loop: Beyonders,223,MP,240,7.29e392,F17,FU1,560,44,47,49
FU1,Ultima Loop: Beyonders,224,MP,240,1.91e393,F17,FU1,560,44,47,49
FU1,Ultima Loop: Beyonders,225,MP,240,5.01e393,F17,FU1,560,44,47,49
FU1,Ultima Loop: Beyonders,226,MP,240,1.31e394,F17,FU1,560,44,47,49
FU1,Ultima Loop: Beyonders,227,MP,240,3.44e394,F17,FU1,560,44,47,49
FU1,Ultima Loop: Beyonders,228,MP,240,9.00e394,F17,FU1,560,44,47,49
FU1,Ultima Loop: Beyonders,229,MP,240,2.36e395,F17,FU1,560,44,47,49
FU1,Ultima Loop: Beyonders,230,MP,240,6.18e395,F17,FU1,560,44,47,49
FU1,Ultima Loop: Beyonders,231,MP,240,1.62e396,F17,FU1,560,44,47,49
FU1,Ultima Loop: Beyonders,232,MP,240,4.24e396,F17,FU1,560,44,47,49
FU1,Ultima Loop: Beyonders,233,MP,240,1.11e397,F17,FU1,560,44,47,49
FU1,Ultima Loop: Beyonders,234,MP,240,2.91e397,F17,FU1,560,44,47,49
FU1,Ultima Loop: Beyonders,235,MP,240,7.63e397,F17,FU1,560,44,47,49
FU1,Ultima Loop: Beyonders,236,MP,240,2.00e398,F17,FU1,560,44,47,49
FU1,Ultima Loop: Beyonders,237,MP,240,5.24e398,F17,FU1,560,44,47,49
FU1,Ultima Loop: Beyonders,238,MP,240,1.37e399,F17,FU1,560,44,47,49
FU1,Ultima Loop: Beyonders,239,MP,240,3.60e399,F17,FU1,560,44,47,49
FU1,Ultima Loop: Beyonders,240,MP,240,9.42e399,F17,FU1,560,44,47,49
FU2,Ultima Loop: Destruction,1,MP,241,3.00e350,FU1,FU2,524,48,35,31
F17,mk8 Trinity,1,MP,242,1.00e88,F15,F17,570,130,35,31
F17,mk8 Trinity,2,MP,242,2.00e95,F15,F17,570,130,35,31
F17,mk8 Trinity,3,MP,242,9.00e102,F15,F17,570,130,35,31
F17,mk8 Trinity,4,MP,242,6.40e110,F15,F17,570,130,35,31
F17,mk8 Trinity,5,MP,242,6.25e118,F15,F17,570,130,35,31
F17,mk8 Trinity,6,MP,242,7.78e126,F15,F17,570,130,35,31
F17,mk8 Trinity,7,MP,242,1.18e135,F15,F17,570,130,35,31
F17,mk8 Trinity,8,MP,242,2.10e143,F15,F17,570,130,35,31
F17,mk8 Trinity,9,MP,242,4.30e151,F15,F17,570,130,35,31
F17,mk8 Trinity,10,MP,242,1.00e160,F15,F17,570,130,35,31
F17,mk8 Trinity,11,MP,242,2.59e168,F15,F17,570,130,35,31
F17,mk8 Trinity,12,MP,242,7.43e176,F15,F17,570,130,35,31
F17,mk8 Trinity,13,MP,242,2.33e185,F15,F17,570,130,35,31
F17,mk8 Trinity,14,MP,242,7.94e193,F15,F17,570,130,35,31
F17,mk8 Trinity,15,MP,242,2.92e202,F15,F17,570,130,35,31
F17,mk8 Trinity,16,MP,242,1.15e211,F15,F17,570,130,35,31
F17,mk8 Trinity,17,MP,242,4.87e219,F15,F17,570,130,35,31
F17,mk8 Trinity,18,MP,242,2.19e228,F15,F17,570,130,35,31
F17,mk8 Trinity,19,MP,242,1.04e237,F15,F17,570,130,35,31
F17,mk8 Trinity,20,MP,242,5.24e245,F15,F17,570,130,35,31
F17,mk8 Trinity,21,MP,242,2.78e254,F15,F17,570,130,35,31
F17,mk8 Trinity,22,MP,242,1.55e263,F15,F17,570,130,35,31
F17,mk8 Trinity,23,MP,242,9.08e271,F15,F17,570,130,35,31
F17,mk8 Trinity,24,MP,242,5.56e280,F15,F17,570,130,35,31
F17,mk8 Trinity,25,MP,242,3.55e289,F15,F17,570,130,35,31
F17,mk8 Trinity,26,MP,242,2.37e298,F15,F17,570,130,35,31
F17,mk8 Trinity,27,MP,242,1.64e307,F15,F17,570,130,35,31
F17,mk8 Trinity,28,MP,242,1.18e316,F15,F17,570,130,35,31
F17,mk8 Trinity,29,MP,242,8.85e324,F15,F17,570,130,35,31
F17,mk8 Trinity,30,MP,242,6.86e333,F15,F17,570,130,35,31
F18,Accum Level Helion,1,AP,243,1.00e100,F17,F18,530,128,37,35
F18,Accum Level Helion,2,AP,243,2.00e130,F17,F18,530,128,37,35
F18,Accum Level Helion,3,AP,243,9.00e160,F17,F18,530,128,37,35
F18,Accum Level Helion,4,AP,243,6.40e191,F17,F18,530,128,37,35
F18,Accum Level Helion,5,AP,243,6.25e222,F17,F18,530,128,37,35
F18,Accum Level Helion,6,AP,243,7.78e253,F17,F18,530,128,37,35
F18,Accum Level Helion,7,AP,243,1.18e285,F17,F18,530,128,37,35
F18,Accum Level Helion,8,AP,243,2.10e316,F17,F18,530,128,37,35
F18,Accum Level Helion,9,AP,243,4.30e347,F17,F18,530,128,37,35
F18,Accum Level Helion,10,AP,243,1.00e379,F17,F18,530,128,37,35
F15,mk7 Trinity,1,MP,244,1.00e60,F13,F15,570,170,33,31
F15,mk7 Trinity,2,MP,244,2.00e66,F13,F15,570,170,33,31
F15,mk7 Trinity,3,MP,244,9.00e72,F13,F15,570,170,33,31
F15,mk7 Trinity,4,MP,244,6.40e79,F13,F15,570,170,33,31
F15,mk7 Trinity,5,MP,244,6.25e86,F13,F15,570,170,33,31
F15,mk7 Trinity,6,MP,244,7.78e93,F13,F15,570,170,33,31
F15,mk7 Trinity,7,MP,244,1.18e101,F13,F15,570,170,33,31
F15,mk7 Trinity,8,MP,244,2.10e108,F13,F15,570,170,33,31
F15,mk7 Trinity,9,MP,244,4.30e115,F13,F15,570,170,33,31
F15,mk7 Trinity,10,MP,244,1.00e123,F13,F15,570,170,33,31
F15,mk7 Trinity,11,MP,244,2.59e130,F13,F15,570,170,33,31
F15,mk7 Trinity,12,MP,244,7.43e137,F13,F15,570,170,33,31
F15,mk7 Trinity,13,MP,244,2.33e145,F13,F15,570,170,33,31
F15,mk7 Trinity,14,MP,244,7.94e152,F13,F15,570,170,33,31
F15,mk7 Trinity,15,MP,244,2.92e160,F13,F15,570,170,33,31
F15,mk7 Trinity,16,MP,244,1.15e168,F13,F15,570,170,33,31
F15,mk7 Trinity,17,MP,244,4.87e175,F13,F15,570,170,33,31
F15,mk7 Trinity,18,MP,244,2.19e183,F13,F15,570,170,33,31
F15,mk7 Trinity,19,MP,244,1.04e191,F13,F15,570,170,33,31
F15,mk7 Trinity,20,MP,244,5.24e198,F13,F15,570,170,33,31
F15,mk7 Trinity,21,MP,244,2.78e206,F13,F15,570,170,33,31
F15,mk7 Trinity,22,MP,244,1.55e214,F13,F15,570,170,33,31
F15,mk7 Trinity,23,MP,244,9.08e221,F13,F15,570,170,33,31
F15,mk7 Trinity,24,MP,244,5.56e229,F13,F15,570,170,33,31
F15,mk7 Trinity,25,MP,244,3.55e237,F13,F15,570,170,33,31
F15,mk7 Trinity,26,MP,244,2.37e245,F13,F15,570,170,33,31
F15,mk7 Trinity,27,MP,244,1.64e253,F13,F15,570,170,33,31
F15,mk7 Trinity,28,MP,244,1.18e261,F13,F15,570,170,33,31
F15,mk7 Trinity,29,MP,244,8.85e268,F13,F15,570,170,33,31
F15,mk7 Trinity,30,MP,244,6.86e276,F13,F15,570,170,33,31
F16,Accum Level Gamma,1,Cells,245,1.00e70,F15,F16,606,170,33,35
F16,Accum Level Gamma,2,Cells,245,2.00e97,F15,F16,606,170,33,35
F16,Accum Level Gamma,3,Cells,245,9.00e124,F15,F16,606,170,33,35
F16,Accum Level Gamma,4,Cells,245,6.40e152,F15,F16,606,170,33,35
F16,Accum Level Gamma,5,Cells,245,6.25e180,F15,F16,606,170,33,35
F16,Accum Level Gamma,6,Cells,245,7.78e208,F15,F16,606,170,33,35
F16,Accum Level Gamma,7,Cells,245,1.18e237,F15,F16,606,170,33,35
F16,Accum Level Gamma,8,Cells,245,2.10e265,F15,F16,606,170,33,35
F16,Accum Level Gamma,9,Cells,245,4.30e293,F15,F16,606,170,33,35
F16,Accum Level Gamma,10,Cells,245,1.00e322,F15,F16,606,170,33,35
F16,Accum Level Gamma,11,Cells,245,2.59e350,F15,F16,606,170,33,35
F16,Accum Level Gamma,12,Cells,245,7.43e378,F15,F16,606,170,33,35
F13,mk6 Trinity,1,MP,246,1.00e50,F11,F13,570,208,33,31
F13,mk6 Trinity,2,MP,246,2.00e55,F11,F13,570,208,33,31
F13,mk6 Trinity,3,MP,246,9.00e60,F11,F13,570,208,33,31
F13,mk6 Trinity,4,MP,246,6.40e66,F11,F13,570,208,33,31
F13,mk6 Trinity,5,MP,246,6.25e72,F11,F13,570,208,33,31
F13,mk6 Trinity,6,MP,246,7.78e78,F11,F13,570,208,33,31
F13,mk6 Trinity,7,MP,246,1.18e85,F11,F13,570,208,33,31
F13,mk6 Trinity,8,MP,246,2.10e91,F11,F13,570,208,33,31
F13,mk6 Trinity,9,MP,246,4.30e97,F11,F13,570,208,33,31
F13,mk6 Trinity,10,MP,246,1.00e104,F11,F13,570,208,33,31
F13,mk6 Trinity,11,MP,246,2.59e110,F11,F13,570,208,33,31
F13,mk6 Trinity,12,MP,246,7.43e116,F11,F13,570,208,33,31
F13,mk6 Trinity,13,MP,246,2.33e123,F11,F13,570,208,33,31
F13,mk6 Trinity,14,MP,246,7.94e129,F11,F13,570,208,33,31
F13,mk6 Trinity,15,MP,246,2.92e136,F11,F13,570,208,33,31
F13,mk6 Trinity,16,MP,246,1.15e143,F11,F13,570,208,33,31
F13,mk6 Trinity,17,MP,246,4.87e149,F11,F13,570,208,33,31
F13,mk6 Trinity,18,MP,246,2.19e156,F11,F13,570,208,33,31
F13,mk6 Trinity,19,MP,246,1.04e163,F11,F13,570,208,33,31
F13,mk6 Trinity,20,MP,246,5.24e169,F11,F13,570,208,33,31
F13,mk6 Trinity,21,MP,246,2.78e176,F11,F13,570,208,33,31
F13,mk6 Trinity,22,MP,246,1.55e183,F11,F13,570,208,33,31
F13,mk6 Trinity,23,MP,246,9.08e189,F11,F13,570,208,33,31
F13,mk6 Trinity,24,MP,246,5.56e196,F11,F13,570,208,33,31
F13,mk6 Trinity,25,MP,246,3.55e203,F11,F13,570,208,33,31
F13,mk6 Trinity,26,MP,246,2.37e210,F11,F13,570,208,33,31
F13,mk6 Trinity,27,MP,246,1.64e217,F11,F13,570,208,33,31
F13,mk6 Trinity,28,MP,246,1.18e224,F11,F13,570,208,33,31
F13,mk6 Trinity,29,MP,246,8.85e230,F11,F13,570,208,33,31
F13,mk6 Trinity,30,MP,246,6.86e237,F11,F13,570,208,33,31
F14,Accum Level Fenix,1,Research,247,1.00e65,F13,F14,530,208,33,35
F14,Accum Level Fenix,2,Research,247,2.00e90,F13,F14,530,208,33,35
F14,Accum Level Fenix,3,Research,247,9.00e115,F13,F14,530,208,33,35
F14,Accum Level Fenix,4,Research,247,6.40e141,F13,F14,530,208,33,35
F14,Accum Level Fenix,5,Research,247,6.25e167,F13,F14,530,208,33,35
B01,Time Dilation mk1,1,Tickspeed Mult,248,1.00,A01,B01,530,651,39,34
B01,Time Dilation mk1,2,Tickspeed Mult,248,1.00,A01,B01,530,651,39,34
B01,Time Dilation mk1,3,Tickspeed Mult,248,2.00,A01,B01,530,651,39,34
B01,Time Dilation mk1,4,Tickspeed Mult,248,3.00,A01,B01,530,651,39,34
B01,Time Dilation mk1,5,Tickspeed Mult,248,4.00,A01,B01,530,651,39,34
B01,Time Dilation mk1,6,Tickspeed Mult,248,5.00,A01,B01,530,651,39,34
B01,Time Dilation mk1,7,Tickspeed Mult,248,7.00,A01,B01,530,651,39,34
B01,Time Dilation mk1,8,Tickspeed Mult,248,9.00,A01,B01,530,651,39,34
B01,Time Dilation mk1,9,Tickspeed Mult,248,11.0,A01,B01,530,651,39,34
B01,Time Dilation mk1,10,Tickspeed Mult,248,15.0,A01,B01,530,651,39,34
B01,Time Dilation mk1,11,Tickspeed Mult,248,19.0,A01,B01,530,651,39,34
B01,Time Dilation mk1,12,Tickspeed Mult,248,24.0,A01,B01,530,651,39,34
B01,Time Dilation mk1,13,Tickspeed Mult,248,30.0,A01,B01,530,651,39,34
B01,Time Dilation mk1,14,Tickspeed Mult,248,37.0,A01,B01,530,651,39,34
B01,Time Dilation mk1,15,Tickspeed Mult,248,47.0,A01,B01,530,651,39,34
B01,Time Dilation mk1,16,Tickspeed Mult,248,58.0,A01,B01,530,651,39,34
B01,Time Dilation mk1,17,Tickspeed Mult,248,72.0,A01,B01,530,651,39,34
B01,Time Dilation mk1,18,Tickspeed Mult,248,90.0,A01,B01,530,651,39,34
B01,Time Dilation mk1,19,Tickspeed Mult,248,111,A01,B01,530,651,39,34
B01,Time Dilation mk1,20,Tickspeed Mult,248,136,A01,B01,530,651,39,34
B02,Instant LP A,1,LP,249,15.0,B01,B02,530,705,33,35
B02,Instant LP A,2,LP,249,116,B01,B02,530,705,33,35
B02,Instant LP A,3,LP,249,1.85k,B01,B02,530,705,33,35
B02,Instant LP A,4,LP,249,44.4k,B01,B02,530,705,33,35
B02,Instant LP A,5,LP,249,1.42m,B01,B02,530,705,33,35
B02,Instant LP A,6,LP,249,56.8m,B01,B02,530,705,33,35
B02,Instant LP A,7,LP,249,2.71b,B01,B02,530,705,33,35
B02,Instant LP A,8,LP,249,151b,B01,B02,530,705,33,35
B02,Instant LP A,9,LP,249,9.53t,B01,B02,530,705,33,35
B02,Instant LP A,10,LP,249,677t,B01,B02,530,705,33,35
B02,Instant LP A,11,LP,249,53.3qa,B01,B02,530,705,33,35
B02,Instant LP A,12,LP,249,4.60qu,B01,B02,530,705,33,35
B02,Instant LP A,13,LP,249,433qu,B01,B02,530,705,33,35
B02,Instant LP A,14,LP,249,44.1sx,B01,B02,530,705,33,35
B02,Instant LP A,15,LP,249,4.83sp,B01,B02,530,705,33,35
B02,Instant LP A,16,LP,249,565sp,B01,B02,530,705,33,35
B02,Instant LP A,17,LP,249,70.6o,B01,B02,530,705,33,35
B02,Instant LP A,18,LP,249,9.34n,B01,B02,530,705,33,35
B02,Instant LP A,19,LP,249,1.31d,B01,B02,530,705,33,35
B02,Instant LP A,20,LP,249,193d,B01,B02,530,705,33,35
